ISO-10303-21;
HEADER;

/******************************************************************************************
* STEP Physical File produced by: The EXPRESS Data Manager Version 5.02.0100.07 : 28 Aug 2013
* Module:                         EDMstepFileFactory/EDMstandAlone
* Creation date:                  Tue Dec 19 15:04:34 2017
* Host:                           B102-7-01
* Database:                       C:\Users\simonian\AppData\Local\Temp\{1DF0187D-2A26-4AA7-9646-C605A6563E2F}\ifc
* Database version:               5507
* Database creation date:         Tue Dec 19 15:04:33 2017
* Schema:                         IFC2X3
* Model:                          DataRepository.ifc
* Model creation date:            Tue Dec 19 15:04:33 2017
* Header model:                   DataRepository.ifc_HeaderModel
* Header model creation date:     Tue Dec 19 15:04:33 2017
* EDMuser:                        sdai-user
* EDMgroup:                       sdai-group
* License ID and type:            5605 : Permanent license. Expiry date: 
* EDMstepFileFactory options:     020000
******************************************************************************************/
FILE_DESCRIPTION(('ViewDefinition [CoordinationView]'),'2;1');
FILE_NAME('','2017-12-19T15:04:34',(''),(''),'The EXPRESS Data Manager Version 5.02.0100.07 : 28 Aug 2013','20150220_1215(x64) - Exporter 16.0.428.0 - Default UI','');
FILE_SCHEMA(('IFC2X3'));
ENDSEC;

DATA;
#1= IFCORGANIZATION($,'Autodesk Revit 2016 (FRA)',$,$,$);
#5= IFCAPPLICATION(#1,'2016','Autodesk Revit 2016 (FRA)','Revit');
#6= IFCCARTESIANPOINT((0.,0.,0.));
#9= IFCCARTESIANPOINT((0.,0.));
#11= IFCDIRECTION((1.,0.,0.));
#13= IFCDIRECTION((-1.,0.,0.));
#15= IFCDIRECTION((0.,1.,0.));
#17= IFCDIRECTION((0.,-1.,0.));
#19= IFCDIRECTION((0.,0.,1.));
#21= IFCDIRECTION((0.,0.,-1.));
#23= IFCDIRECTION((1.,0.));
#25= IFCDIRECTION((-1.,0.));
#27= IFCDIRECTION((0.,1.));
#29= IFCDIRECTION((0.,-1.));
#31= IFCAXIS2PLACEMENT3D(#6,$,$);
#32= IFCLOCALPLACEMENT(#6260,#31);
#35= IFCPERSON($,'','simonian',$,$,$,$,$);
#37= IFCORGANIZATION($,'','',$,$);
#38= IFCPERSONANDORGANIZATION(#35,#37,$);
#41= IFCOWNERHISTORY(#38,#5,$,.NOCHANGE.,$,$,$,1513692255);
#42= IFCSIUNIT(*,.LENGTHUNIT.,.MILLI.,.METRE.);
#43= IFCSIUNIT(*,.LENGTHUNIT.,$,.METRE.);
#44= IFCSIUNIT(*,.AREAUNIT.,$,.SQUARE_METRE.);
#45= IFCSIUNIT(*,.VOLUMEUNIT.,$,.CUBIC_METRE.);
#46= IFCSIUNIT(*,.PLANEANGLEUNIT.,$,.RADIAN.);
#47= IFCDIMENSIONALEXPONENTS(0,0,0,0,0,0,0);
#48= IFCMEASUREWITHUNIT(IFCRATIOMEASURE(0.0174532925199433),#46);
#49= IFCCONVERSIONBASEDUNIT(#47,.PLANEANGLEUNIT.,'DEGREE',#48);
#50= IFCSIUNIT(*,.MASSUNIT.,.KILO.,.GRAM.);
#51= IFCSIUNIT(*,.TIMEUNIT.,$,.SECOND.);
#52= IFCSIUNIT(*,.FREQUENCYUNIT.,$,.HERTZ.);
#53= IFCSIUNIT(*,.THERMODYNAMICTEMPERATUREUNIT.,$,.KELVIN.);
#54= IFCSIUNIT(*,.THERMODYNAMICTEMPERATUREUNIT.,$,.DEGREE_CELSIUS.);
#55= IFCDERIVEDUNITELEMENT(#50,1);
#56= IFCDERIVEDUNITELEMENT(#53,-1);
#57= IFCDERIVEDUNITELEMENT(#51,-3);
#58= IFCDERIVEDUNIT((#55,#56,#57),.THERMALTRANSMITTANCEUNIT.,$);
#60= IFCDERIVEDUNITELEMENT(#43,3);
#61= IFCDERIVEDUNITELEMENT(#51,-1);
#62= IFCDERIVEDUNIT((#60,#61),.VOLUMETRICFLOWRATEUNIT.,$);
#64= IFCSIUNIT(*,.ELECTRICCURRENTUNIT.,$,.AMPERE.);
#65= IFCSIUNIT(*,.ELECTRICVOLTAGEUNIT.,$,.VOLT.);
#66= IFCSIUNIT(*,.POWERUNIT.,$,.WATT.);
#67= IFCSIUNIT(*,.FORCEUNIT.,.KILO.,.NEWTON.);
#68= IFCSIUNIT(*,.ILLUMINANCEUNIT.,$,.LUX.);
#69= IFCSIUNIT(*,.LUMINOUSFLUXUNIT.,$,.LUMEN.);
#70= IFCSIUNIT(*,.LUMINOUSINTENSITYUNIT.,$,.CANDELA.);
#71= IFCDERIVEDUNITELEMENT(#50,-1);
#72= IFCDERIVEDUNITELEMENT(#43,-2);
#73= IFCDERIVEDUNITELEMENT(#51,3);
#74= IFCDERIVEDUNITELEMENT(#69,1);
#75= IFCDERIVEDUNIT((#71,#72,#73,#74),.USERDEFINED.,'Luminous Efficacy');
#77= IFCSIUNIT(*,.PRESSUREUNIT.,$,.PASCAL.);
#78= IFCUNITASSIGNMENT((#42,#44,#45,#49,#50,#51,#52,#54,#58,#62,#64,#65,#66,#67,#68,#69,#70,#77));
#80= IFCAXIS2PLACEMENT3D(#6,$,$);
#81= IFCDIRECTION((6.12303176911189E-17,1.));
#83= IFCGEOMETRICREPRESENTATIONCONTEXT($,'Model',3,0.01,#80,#81);
#86= IFCGEOMETRICREPRESENTATIONSUBCONTEXT('Axis','Model',*,*,*,*,#83,$,.GRAPH_VIEW.,$);
#88= IFCGEOMETRICREPRESENTATIONSUBCONTEXT('Body','Model',*,*,*,*,#83,$,.MODEL_VIEW.,$);
#89= IFCGEOMETRICREPRESENTATIONSUBCONTEXT('Box','Model',*,*,*,*,#83,$,.MODEL_VIEW.,$);
#90= IFCGEOMETRICREPRESENTATIONSUBCONTEXT('FootPrint','Model',*,*,*,*,#83,$,.MODEL_VIEW.,$);
#91= IFCGEOMETRICREPRESENTATIONCONTEXT($,'Annotation',3,0.01,#80,#81);
#92= IFCGEOMETRICREPRESENTATIONSUBCONTEXT($,'Annotation',*,*,*,*,#91,0.01,.PLAN_VIEW.,$);
#94= IFCPROJECT('39xtUeFrXF28Xc6CHR4sjz',#41,'',$,$,'E:\\Projet_acad\\IFC\\Toit_Metal_2.ifc','',(#83,#91),#78);
#100= IFCPOSTALADDRESS($,$,$,$,(),$,'','','','');
#104= IFCBUILDING('39xtUeFrXF28Xc6CHR4sjy',#41,'',$,$,#32,$,'',.ELEMENT.,$,$,#100);
#110= IFCAXIS2PLACEMENT3D(#6,$,$);
#6596= IFCRELDEFINESBYPROPERTIES('18MUmObhbCoR7H1pl7xrnV',#41,$,$,(#125),#6333);
#6277= IFCRELDEFINESBYPROPERTIES('3SWCa1Nkb6shp6FJwX2t3u',#41,$,$,(#6261),#6275);
#115= IFCCARTESIANPOINT((0.,0.,3320.));
#117= IFCAXIS2PLACEMENT3D(#115,$,$);
#6593= IFCRELDEFINESBYPROPERTIES('14eHChnhjF_gNWcqrqxi71',#41,$,$,(#125),#6331);
#6275= IFCPROPERTYSET('3SWCa1Nkb6shp6F3wX2t3u',#41,'Donn\X2\00E9\X0\es d''identification',$,(#6265,#6266,#6267));
#121= IFCCARTESIANPOINT((0.,0.,8850.));
#123= IFCAXIS2PLACEMENT3D(#121,$,$);
#124= IFCLOCALPLACEMENT(#32,#123);
#125= IFCBUILDINGSTOREY('39xtUeFrXF28Xc6CIax9sV',#41,'Niveau R+3',$,$,#124,$,'Niveau R+3',.ELEMENT.,8850.);
#127= IFCCARTESIANPOINT((4884.25121835185,1455.39685252912,800.));
#129= IFCAXIS2PLACEMENT3D(#127,$,$);
#130= IFCLOCALPLACEMENT(#5682,#5706);
#132= IFCCARTESIANPOINT((-19.3333333335263,-30.6666666665472));
#134= IFCCARTESIANPOINT((-11.333333333527,-30.6666666665472));
#136= IFCCARTESIANPOINT((-11.3333333332627,11.333333333456));
#138= IFCCARTESIANPOINT((30.6666666667375,11.3333333331919));
#140= IFCCARTESIANPOINT((30.6666666667879,19.333333333192));
#142= IFCCARTESIANPOINT((-19.3333333332116,19.3333333335067));
#144= IFCPOLYLINE((#132,#134,#136,#138,#140,#142,#132));
#146= IFCARBITRARYCLOSEDPROFILEDEF(.AREA.,'CAE50x8',#144);
#147= IFCCARTESIANPOINT((-2.63479099443617,-4.13333333338518,5.6666666666643));
#149= IFCAXIS2PLACEMENT3D(#147,#11,#21);
#150= IFCEXTRUDEDAREASOLID(#146,#149,#19,15725.);
#151= IFCCOLOURRGB($,0.968627450980392,0.968627450980392,0.968627450980392);
#152= IFCSURFACESTYLERENDERING(#151,0.,$,$,$,$,IFCNORMALISEDRATIOMEASURE(0.5),IFCSPECULAREXPONENT(128.),.NOTDEFINED.);
#153= IFCSURFACESTYLE('M\X2\00E9\X0\tal - Acier - 345 MPa',.BOTH.,(#152));
#155= IFCPRESENTATIONSTYLEASSIGNMENT((#153));
#157= IFCSTYLEDITEM(#150,(#155),$);
#160= IFCSHAPEREPRESENTATION(#88,'Body','SweptSolid',(#150));
#163= IFCCARTESIANPOINT((15719.7304180111,0.));
#165= IFCPOLYLINE((#9,#163));
#167= IFCSHAPEREPRESENTATION(#86,'Axis','Curve2D',(#165));
#170= IFCPRODUCTDEFINITIONSHAPE($,$,(#167,#160));
#174= IFCBEAM('3SWCa1Nkb6shp6EZ_X2tqm',#41,'L-Corni\X2\00E8\X0\res:CAE50x8:2327',$,'L-Corni\X2\00E8\X0\res:CAE50x8:2714',#130,#170,'2327');
#183= IFCMATERIAL('M\X2\00E9\X0\tal - Acier - 345 MPa');
#186= IFCCOLOURRGB($,0.,0.,0.);
#187= IFCDRAUGHTINGPREDEFINEDCURVEFONT('continuous');
#188= IFCCURVESTYLE($,#187,$,#186);
#189= IFCFILLAREASTYLEHATCHING(#188,IFCPOSITIVELENGTHMEASURE(355.6),$,#9,45.);
#190= IFCCURVESTYLE($,#187,$,#186);
#191= IFCCARTESIANPOINT((0.,381.));
#193= IFCFILLAREASTYLEHATCHING(#190,IFCPOSITIVELENGTHMEASURE(355.6),$,#191,45.);
#194= IFCFILLAREASTYLE('Acier',(#189,#193));
#196= IFCPRESENTATIONSTYLEASSIGNMENT((#153,#194));
#198= IFCSTYLEDITEM($,(#196),$);
#200= IFCSTYLEDREPRESENTATION(#83,'Style','Material and Cut Pattern',(#198));
#203= IFCMATERIALDEFINITIONREPRESENTATION($,$,(#200),#183);
#206= IFCPROPERTYSINGLEVALUE('Reference',$,IFCIDENTIFIER('CAE50x8'),$);
#207= IFCPROPERTYSINGLEVALUE('LoadBearing',$,IFCBOOLEAN(.T.),$);
#208= IFCPROPERTYSINGLEVALUE('IsExternal',$,IFCBOOLEAN(.F.),$);
#209= IFCPROPERTYSINGLEVALUE('Span',$,IFCPOSITIVELENGTHMEASURE(15719.),$);
#210= IFCPROPERTYSINGLEVALUE('Slope',$,IFCPLANEANGLEMEASURE(0.),$);
#211= IFCPROPERTYSET('3SWCa1Nkb6shp6CTQX2tqm',#41,'Pset_BeamCommon',$,(#206,#207,#208,#209,#210));
#216= IFCRELDEFINESBYPROPERTIES('3ffXt5gIX1DBhFLei8Gt3L',#41,$,$,(#174),#211);
#220= IFCCLASSIFICATION('http://www.csiorg.net/uniformat','1998',$,'Uniformat');
#222= IFCPROPERTYSINGLEVALUE('Etat de la jonction',$,IFCIDENTIFIER('Deux jonctions activ\X2\00E9\X0\es'),$);
#223= IFCPROPERTYSINGLEVALUE('Extension de d\X2\00E9\X0\part',$,IFCLENGTHMEASURE(0.),$);
#224= IFCPROPERTYSINGLEVALUE('Extension de fin',$,IFCLENGTHMEASURE(0.),$);
#225= IFCPROPERTYSINGLEVALUE('Justification Y',$,IFCIDENTIFIER('Origine'),$);
#226= IFCPROPERTYSINGLEVALUE('Justification YZ',$,IFCIDENTIFIER('Uniforme'),$);
#227= IFCPROPERTYSINGLEVALUE('Justification Z',$,IFCIDENTIFIER('Centre'),$);
#228= IFCPROPERTYSINGLEVALUE('Valeur de d\X2\00E9\X0\calage Y',$,IFCLENGTHMEASURE(0.),$);
#229= IFCPROPERTYSINGLEVALUE('Valeur de d\X2\00E9\X0\calage Z',$,IFCLENGTHMEASURE(0.),$);
#230= IFCPROPERTYSINGLEVALUE('D\X2\00E9\X0\calage du niveau d''arriv\X2\00E9\X0\e',$,IFCLENGTHMEASURE(800.),$);
#231= IFCPROPERTYSINGLEVALUE('D\X2\00E9\X0\calage du niveau de d\X2\00E9\X0\part',$,IFCLENGTHMEASURE(800.),$);
#232= IFCPROPERTYSINGLEVALUE('El\X2\00E9\X0\vation du niveau de r\X2\00E9\X0\f\X2\00E9\X0\rence',$,IFCLENGTHMEASURE(8850.),$);
#233= IFCPROPERTYSINGLEVALUE('Niveau de r\X2\00E9\X0\f\X2\00E9\X0\rence',$,IFCLABEL('Niveau: Niveau R+3'),$);
#234= IFCPROPERTYSINGLEVALUE('Rotation de la section',$,IFCPLANEANGLEMEASURE(0.),$);
#235= IFCPROPERTYSINGLEVALUE('Phase de cr\X2\00E9\X0\ation',$,IFCLABEL('Nouvelle construction'),$);
#236= IFCPROPERTYSINGLEVALUE('Activer le mod\X2\00E8\X0\le analytique',$,IFCBOOLEAN(.T.),$);
#237= IFCPROPERTYSINGLEVALUE('Emplacement du symbole filaire',$,IFCIDENTIFIER('Centre de la g\X2\00E9\X0\om\X2\00E9\X0\trie'),$);
#238= IFCPROPERTYSINGLEVALUE('Longueur de coupe',$,IFCLENGTHMEASURE(15725.),$);
#239= IFCPROPERTYSINGLEVALUE('Utilisation structurelle',$,IFCIDENTIFIER('Membrures'),$);
#240= IFCPROPERTYSINGLEVALUE('Mat\X2\00E9\X0\riau structurel',$,IFCLABEL('M\X2\00E9\X0\tal - Acier - 345 MPa'),$);
#241= IFCPROPERTYSINGLEVALUE('El\X2\00E9\X0\vation \X2\00E0\X0\ la base',$,IFCLENGTHMEASURE(9625.),$);
#242= IFCPROPERTYSINGLEVALUE('El\X2\00E9\X0\vation en haut',$,IFCLENGTHMEASURE(9675.),$);
#243= IFCPROPERTYSINGLEVALUE('Longueur',$,IFCLENGTHMEASURE(15719.),$);
#244= IFCPROPERTYSINGLEVALUE('Volume',$,IFCVOLUMEMEASURE(0.0115736),$);
#245= IFCPROPERTYSINGLEVALUE('Cat\X2\00E9\X0\gorie',$,IFCLABEL('Ossature'),$);
#246= IFCPROPERTYSINGLEVALUE('Famille',$,IFCLABEL('L-Corni\X2\00E8\X0\res: CAE50x8'),$);
#247= IFCPROPERTYSINGLEVALUE('Famille et type',$,IFCLABEL('L-Corni\X2\00E8\X0\res: CAE50x8'),$);
#248= IFCPROPERTYSINGLEVALUE('ID du type',$,IFCLABEL('L-Corni\X2\00E8\X0\res: CAE50x8'),$);
#249= IFCPROPERTYSINGLEVALUE('ID h\X2\00F4\X0\te',$,IFCLABEL('Ferme treillis Pratt 8 panneaux: 5500mm x 1800mm'),$);
#250= IFCPROPERTYSINGLEVALUE('Type',$,IFCLABEL('L-Corni\X2\00E8\X0\res: CAE50x8'),$);
#251= IFCPROPERTYSINGLEVALUE('A',$,IFCAREAMEASURE(0.000741),$);
#252= IFCPROPERTYSINGLEVALUE('Forme de coupe',$,IFCINTEGER(0),$);
#253= IFCPROPERTYSINGLEVALUE('W',$,IFCREAL(0.057074703),$);
#254= IFCPROPERTYSINGLEVALUE('b',$,IFCLENGTHMEASURE(50.),$);
#255= IFCPROPERTYSINGLEVALUE('d',$,IFCLENGTHMEASURE(50.),$);
#256= IFCPROPERTYSINGLEVALUE('k',$,IFCLENGTHMEASURE(11.5),$);
#257= IFCPROPERTYSINGLEVALUE('t',$,IFCLENGTHMEASURE(8.),$);
#258= IFCPROPERTYSINGLEVALUE('x',$,IFCLENGTHMEASURE(15.2),$);
#259= IFCPROPERTYSINGLEVALUE('y',$,IFCLENGTHMEASURE(15.2),$);
#260= IFCPROPERTYSINGLEVALUE('Code d''assemblage',$,IFCTEXT(''),$);
#261= IFCPROPERTYSINGLEVALUE('Description de l''assemblage',$,IFCTEXT(''),$);
#262= IFCPROPERTYSINGLEVALUE('Nom de code',$,IFCTEXT(''),$);
#263= IFCPROPERTYSINGLEVALUE('Nom du type',$,IFCTEXT('CAE50x8'),$);
#264= IFCPROPERTYSINGLEVALUE('Num\X2\00E9\X0\ro OmniClass',$,IFCTEXT(''),$);
#265= IFCPROPERTYSINGLEVALUE('Titre OmniClass',$,IFCTEXT(''),$);
#266= IFCPROPERTYSINGLEVALUE('Nom de la famille',$,IFCTEXT('L-Corni\X2\00E8\X0\res'),$);
#267= IFCPROPERTYSET('2zZv_S$kv3FQQZVzKYVblB',#41,'Autre',$,(#245,#246,#247,#248,#249,#250));
#269= IFCRELDEFINESBYPROPERTIES('0IQr5Gwjz7jAC2OPKutPDi',#41,$,$,(#174),#267);
#272= IFCPROPERTYSET('3SWCa1Nkb6shp6F2kX2tqm',#41,'Contraintes',$,(#230,#231,#232,#233,#234));
#274= IFCRELDEFINESBYPROPERTIES('3SWCa1Nkb6shp6FIkX2tqm',#41,$,$,(#174),#272);
#277= IFCPROPERTYSET('3SWCa1Nkb6shp6F3sX2tqm',#41,'Cotes',$,(#241,#242,#243,#244));
#279= IFCRELDEFINESBYPROPERTIES('3SWCa1Nkb6shp6FJsX2tqm',#41,$,$,(#174),#277);
#282= IFCPROPERTYSET('3SWCa1Nkb6shp6F3cX2tqm',#41,'Mat\X2\00E9\X0\riaux et finitions',$,(#240));
#284= IFCRELDEFINESBYPROPERTIES('3SWCa1Nkb6shp6FJcX2tqm',#41,$,$,(#174),#282);
#287= IFCPROPERTYSET('3SWCa1Nkb6shp6F32X2tqm',#41,'Phase de construction',$,(#235));
#289= IFCRELDEFINESBYPROPERTIES('3SWCa1Nkb6shp6FJ2X2tqm',#41,$,$,(#174),#287);
#292= IFCPROPERTYSET('3SWCa1Nkb6shp6F5EX2tqm',#41,'Position g\X2\00E9\X0\om\X2\00E9\X0\trique',$,(#222,#223,#224,#225,#226,#227,#228,#229));
#294= IFCRELDEFINESBYPROPERTIES('3SWCa1Nkb6shp6FLEX2tqm',#41,$,$,(#174),#292);
#297= IFCPROPERTYSET('3SWCa1Nkb6shp6F3AX2tqm',#41,'Structure',$,(#236,#237,#238,#239));
#299= IFCRELDEFINESBYPROPERTIES('3SWCa1Nkb6shp6FJAX2tqm',#41,$,$,(#174),#297);
#302= IFCPROPERTYSET('3cI9wRZp52EeOU9d1ZAbHm',#41,'Autre',$,(#245,#266));
#304= IFCPROPERTYSET('3SWCa1Nkb6shp6F3sX2twz',#41,'Cotes',$,(#254,#255,#256,#257,#258,#259));
#306= IFCPROPERTYSET('3SWCa1Nkb6shp6F3wX2twz',#41,'Donn\X2\00E9\X0\es d''identification',$,(#260,#261,#262,#263,#264,#265));
#308= IFCPROPERTYSET('3SWCa1Nkb6shp6F3AX2twz',#41,'Structure',$,(#251,#252,#253));
#310= IFCCARTESIANPOINT((4884.25121835185,1455.39685252912,800.));
#312= IFCDIRECTION((-0.223232506197046,0.,0.974765227209601));
#314= IFCDIRECTION((0.974765227209601,0.,0.223232506197046));
#316= IFCAXIS2PLACEMENT3D(#310,#312,#314);
#317= IFCLOCALPLACEMENT(#5682,#5714);
#318= IFCCARTESIANPOINT((-19.3333333333331,-30.6666666666686));
#320= IFCCARTESIANPOINT((-11.3333333333335,-30.6666666666686));
#322= IFCCARTESIANPOINT((-11.3333333333345,11.3333333333345));
#324= IFCCARTESIANPOINT((30.6666666666666,11.3333333333345));
#326= IFCCARTESIANPOINT((30.6666666666666,19.3333333333346));
#328= IFCCARTESIANPOINT((-19.3333333333342,19.3333333333346));
#330= IFCPOLYLINE((#318,#320,#322,#324,#326,#328,#318));
#332= IFCARBITRARYCLOSEDPROFILEDEF(.AREA.,'CAE50x8',#330);
#333= IFCCARTESIANPOINT((234.170903723914,-4.1333333333351,5.6666666666643));
#335= IFCAXIS2PLACEMENT3D(#333,#11,#21);
#336= IFCEXTRUDEDAREASOLID(#332,#335,#19,7834.89619274648);
#337= IFCCARTESIANPOINT((8069.06709647039,0.,25.));
#339= IFCDIRECTION((0.974765227209601,0.,-0.223232506197046));
#341= IFCAXIS2PLACEMENT3D(#337,#339,#15);
#342= IFCPLANE(#341);
#343= IFCHALFSPACESOLID(#342,.F.);
#344= IFCBOOLEANCLIPPINGRESULT(.DIFFERENCE.,#336,#343);
#345= IFCSTYLEDITEM(#336,(#155),$);
#348= IFCSHAPEREPRESENTATION(#88,'Body','Clipping',(#344));
#350= IFCCARTESIANPOINT((8063.34180744783,0.));
#352= IFCPOLYLINE((#9,#350));
#354= IFCSHAPEREPRESENTATION(#86,'Axis','Curve2D',(#352));
#356= IFCPRODUCTDEFINITIONSHAPE($,$,(#354,#348));
#358= IFCBEAM('3SWCa1Nkb6shp6EZ_X2tq_',#41,'L-Corni\X2\00E8\X0\res:CAE50x8:2329',$,'L-Corni\X2\00E8\X0\res:CAE50x8:2714',#317,#356,'2329');
#361= IFCPROPERTYSINGLEVALUE('Span',$,IFCPOSITIVELENGTHMEASURE(8063.),$);
#362= IFCPROPERTYSINGLEVALUE('Slope',$,IFCPLANEANGLEMEASURE(12.5844733694762),$);
#363= IFCPROPERTYSET('3SWCa1Nkb6shp6CTQX2tq_',#41,'Pset_BeamCommon',$,(#206,#207,#208,#361,#362));
#365= IFCRELDEFINESBYPROPERTIES('3Ww6fet$HDSuixwGBMuK3u',#41,$,$,(#358),#363);
#369= IFCPROPERTYSINGLEVALUE('R\X2\00E9\X0\duction du joint de d\X2\00E9\X0\but',$,IFCLENGTHMEASURE(12.7),$);
#370= IFCPROPERTYSINGLEVALUE('D\X2\00E9\X0\calage du niveau d''arriv\X2\00E9\X0\e',$,IFCLENGTHMEASURE(2600.),$);
#371= IFCPROPERTYSINGLEVALUE('D\X2\00E9\X0\calage du niveau de d\X2\00E9\X0\part',$,IFCLENGTHMEASURE(800.),$);
#372= IFCPROPERTYSINGLEVALUE('El\X2\00E9\X0\vation du niveau de r\X2\00E9\X0\f\X2\00E9\X0\rence',$,IFCLENGTHMEASURE(8850.),$);
#373= IFCPROPERTYSINGLEVALUE('Longueur de coupe',$,IFCLENGTHMEASURE(7834.89619274648),$);
#374= IFCPROPERTYSINGLEVALUE('Longueur',$,IFCLENGTHMEASURE(8063.),$);
#375= IFCPROPERTYSINGLEVALUE('Volume',$,IFCVOLUMEMEASURE(0.00576388569071482),$);
#376= IFCPROPERTYSET('23hflc_QbCfO_kwgzbb10b',#41,'Autre',$,(#245,#246,#247,#248,#249,#250));
#378= IFCRELDEFINESBYPROPERTIES('24cE3CxjbBGOtQJocbbFWL',#41,$,$,(#358),#376);
#381= IFCPROPERTYSET('3SWCa1Nkb6shp6F2kX2tq_',#41,'Contraintes',$,(#233,#234,#370,#371,#372));
#383= IFCRELDEFINESBYPROPERTIES('3SWCa1Nkb6shp6FIkX2tq_',#41,$,$,(#358),#381);
#386= IFCPROPERTYSET('3SWCa1Nkb6shp6F3sX2tq_',#41,'Cotes',$,(#374,#375));
#388= IFCRELDEFINESBYPROPERTIES('3SWCa1Nkb6shp6FJsX2tq_',#41,$,$,(#358),#386);
#391= IFCPROPERTYSET('3SWCa1Nkb6shp6F3cX2tq_',#41,'Mat\X2\00E9\X0\riaux et finitions',$,(#240));
#393= IFCRELDEFINESBYPROPERTIES('3SWCa1Nkb6shp6FJcX2tq_',#41,$,$,(#358),#391);
#396= IFCPROPERTYSET('3SWCa1Nkb6shp6F32X2tq_',#41,'Phase de construction',$,(#235));
#398= IFCRELDEFINESBYPROPERTIES('3SWCa1Nkb6shp6FJ2X2tq_',#41,$,$,(#358),#396);
#401= IFCPROPERTYSET('3SWCa1Nkb6shp6F5EX2tq_',#41,'Position g\X2\00E9\X0\om\X2\00E9\X0\trique',$,(#222,#223,#224,#225,#226,#227,#228,#229,#369));
#403= IFCRELDEFINESBYPROPERTIES('3SWCa1Nkb6shp6FLEX2tq_',#41,$,$,(#358),#401);
#406= IFCPROPERTYSET('3SWCa1Nkb6shp6F3AX2tq_',#41,'Structure',$,(#236,#237,#239,#373));
#408= IFCRELDEFINESBYPROPERTIES('3SWCa1Nkb6shp6FJAX2tq_',#41,$,$,(#358),#406);
#411= IFCCARTESIANPOINT((12744.1164273574,1455.39685252909,2600.));
#413= IFCDIRECTION((0.223232506197046,0.,0.974765227209601));
#415= IFCDIRECTION((0.974765227209601,0.,-0.223232506197046));
#417= IFCAXIS2PLACEMENT3D(#411,#413,#415);
#418= IFCLOCALPLACEMENT(#5682,#5721);
#419= IFCCARTESIANPOINT((-19.3333333333344,-30.6666666666689));
#421= IFCCARTESIANPOINT((-11.3333333333358,-30.6666666666689));
#423= IFCCARTESIANPOINT((-11.3333333333358,11.3333333333345));
#425= IFCCARTESIANPOINT((30.6666666666635,11.3333333333345));
#427= IFCCARTESIANPOINT((30.6666666666656,19.3333333333346));
#429= IFCCARTESIANPOINT((-19.3333333333366,19.3333333333346));
#431= IFCPOLYLINE((#419,#421,#423,#425,#427,#429,#419));
#433= IFCARBITRARYCLOSEDPROFILEDEF(.AREA.,'CAE50x8',#431);
#434= IFCCARTESIANPOINT((-5.72528902258108,-4.13333333333483,5.66666666666105));
#436= IFCAXIS2PLACEMENT3D(#434,#11,#21);
#437= IFCEXTRUDEDAREASOLID(#433,#436,#19,7834.8961927465);
#438= IFCCARTESIANPOINT((-5.72528902257892,0.,25.));
#440= IFCDIRECTION((-0.974765227209611,0.,-0.223232506197005));
#442= IFCAXIS2PLACEMENT3D(#438,#440,#17);
#443= IFCPLANE(#442);
#444= IFCHALFSPACESOLID(#443,.F.);
#445= IFCBOOLEANCLIPPINGRESULT(.DIFFERENCE.,#437,#444);
#446= IFCSTYLEDITEM(#437,(#155),$);
#449= IFCSHAPEREPRESENTATION(#88,'Body','Clipping',(#445));
#451= IFCCARTESIANPOINT((8063.34180744784,0.));
#453= IFCPOLYLINE((#9,#451));
#455= IFCSHAPEREPRESENTATION(#86,'Axis','Curve2D',(#453));
#457= IFCPRODUCTDEFINITIONSHAPE($,$,(#455,#449));
#459= IFCBEAM('3SWCa1Nkb6shp6EZ_X2tqy',#41,'L-Corni\X2\00E8\X0\res:CAE50x8:2331',$,'L-Corni\X2\00E8\X0\res:CAE50x8:2714',#418,#457,'2331');
#462= IFCPROPERTYSINGLEVALUE('Span',$,IFCPOSITIVELENGTHMEASURE(8063.),$);
#463= IFCPROPERTYSINGLEVALUE('Slope',$,IFCPLANEANGLEMEASURE(12.5844733694762),$);
#464= IFCPROPERTYSET('3SWCa1Nkb6shp6CTQX2tqy',#41,'Pset_BeamCommon',$,(#206,#207,#208,#462,#463));
#466= IFCRELDEFINESBYPROPERTIES('2unNSILS11mvvsAgpoHKxE',#41,$,$,(#459),#464);
#470= IFCPROPERTYSINGLEVALUE('R\X2\00E9\X0\duction du joint d''extr\X2\00E9\X0\mit\X2\00E9\X0\',$,IFCLENGTHMEASURE(12.7),$);
#471= IFCPROPERTYSINGLEVALUE('D\X2\00E9\X0\calage du niveau d''arriv\X2\00E9\X0\e',$,IFCLENGTHMEASURE(800.000000000001),$);
#472= IFCPROPERTYSINGLEVALUE('D\X2\00E9\X0\calage du niveau de d\X2\00E9\X0\part',$,IFCLENGTHMEASURE(2600.),$);
#473= IFCPROPERTYSINGLEVALUE('El\X2\00E9\X0\vation du niveau de r\X2\00E9\X0\f\X2\00E9\X0\rence',$,IFCLENGTHMEASURE(8850.),$);
#474= IFCPROPERTYSINGLEVALUE('Longueur de coupe',$,IFCLENGTHMEASURE(7834.8961927465),$);
#475= IFCPROPERTYSINGLEVALUE('Longueur',$,IFCLENGTHMEASURE(8063.),$);
#476= IFCPROPERTYSINGLEVALUE('Volume',$,IFCVOLUMEMEASURE(0.00576388569071382),$);
#477= IFCPROPERTYSET('35jo1oBon0k9I$VTnFuxMh',#41,'Autre',$,(#245,#246,#247,#248,#249,#250));
#479= IFCRELDEFINESBYPROPERTIES('2IwmuqMWL39xdTKPvsa9Z8',#41,$,$,(#459),#477);
#482= IFCPROPERTYSET('3SWCa1Nkb6shp6F2kX2tqy',#41,'Contraintes',$,(#233,#234,#471,#472,#473));
#484= IFCRELDEFINESBYPROPERTIES('3SWCa1Nkb6shp6FIkX2tqy',#41,$,$,(#459),#482);
#487= IFCPROPERTYSET('3SWCa1Nkb6shp6F3sX2tqy',#41,'Cotes',$,(#475,#476));
#489= IFCRELDEFINESBYPROPERTIES('3SWCa1Nkb6shp6FJsX2tqy',#41,$,$,(#459),#487);
#492= IFCPROPERTYSET('3SWCa1Nkb6shp6F3cX2tqy',#41,'Mat\X2\00E9\X0\riaux et finitions',$,(#240));
#494= IFCRELDEFINESBYPROPERTIES('3SWCa1Nkb6shp6FJcX2tqy',#41,$,$,(#459),#492);
#497= IFCPROPERTYSET('3SWCa1Nkb6shp6F32X2tqy',#41,'Phase de construction',$,(#235));
#499= IFCRELDEFINESBYPROPERTIES('3SWCa1Nkb6shp6FJ2X2tqy',#41,$,$,(#459),#497);
#502= IFCPROPERTYSET('3SWCa1Nkb6shp6F5EX2tqy',#41,'Position g\X2\00E9\X0\om\X2\00E9\X0\trique',$,(#222,#223,#224,#225,#226,#227,#228,#229,#470));
#504= IFCRELDEFINESBYPROPERTIES('3SWCa1Nkb6shp6FLEX2tqy',#41,$,$,(#459),#502);
#507= IFCPROPERTYSET('3SWCa1Nkb6shp6F3AX2tqy',#41,'Structure',$,(#236,#237,#239,#474));
#509= IFCRELDEFINESBYPROPERTIES('3SWCa1Nkb6shp6FJAX2tqy',#41,$,$,(#459),#507);
#512= IFCAXIS2PLACEMENT3D(#6,$,$);
#6590= IFCRELDEFINESBYPROPERTIES('2YPTtikIj4M930lpcQK_rh',#41,$,$,(#125),#6329);
#514= IFCCARTESIANPOINT((-19.3333333333345,-19.3333333333331));
#516= IFCCARTESIANPOINT((30.6666666666689,-19.3333333333331));
#518= IFCCARTESIANPOINT((30.6666666666689,-11.3333333333338));
#520= IFCCARTESIANPOINT((-11.3333333333344,-11.3333333333338));
#522= IFCCARTESIANPOINT((-11.3333333333344,30.6666666666669));
#524= IFCCARTESIANPOINT((-19.3333333333345,30.6666666666669));
#526= IFCPOLYLINE((#514,#516,#518,#520,#522,#524,#514));
#528= IFCARBITRARYCLOSEDPROFILEDEF(.AREA.,'CAE50x8',#526);
#529= IFCCARTESIANPOINT((-862.,-4.13333333333473,-4.13333333333857));
#531= IFCAXIS2PLACEMENT3D(#529,#11,#17);
#532= IFCEXTRUDEDAREASOLID(#528,#531,#19,1715.);
#533= IFCSTYLEDITEM(#532,(#155),$);
#536= IFCSHAPEREPRESENTATION(#88,'Body','SweptSolid',(#532));
#538= IFCCARTESIANPOINT((-862.,7.2));
#540= IFCCARTESIANPOINT((853.,7.2));
#542= IFCPOLYLINE((#538,#540));
#544= IFCGEOMETRICSET((#542));
#546= IFCSHAPEREPRESENTATION(#92,'FootPrint','GeometricSet',(#544));
#549= IFCAXIS2PLACEMENT3D(#6,$,$);
#550= IFCREPRESENTATIONMAP(#549,#536);
#552= IFCREPRESENTATIONMAP(#549,#546);
#553= IFCMEMBERTYPE('3SWCa1Nkb6shp6EZ_X2sn6',#41,'CAE50x8',$,$,(#302,#304,#306,#308),(#550,#552),'2333','CAE50x8',.BRACE.);
#556= IFCCARTESIANTRANSFORMATIONOPERATOR3D($,$,#6,1.,$);
#557= IFCMAPPEDITEM(#550,#556);
#559= IFCSHAPEREPRESENTATION(#88,'Body','MappedRepresentation',(#557));
#561= IFCMAPPEDITEM(#552,#556);
#563= IFCSHAPEREPRESENTATION(#92,'FootPrint','MappedRepresentation',(#561));
#565= IFCPRODUCTDEFINITIONSHAPE($,$,(#559,#563));
#567= IFCCARTESIANPOINT((12744.1164273574,1455.39685252909,1700.));
#569= IFCAXIS2PLACEMENT3D(#567,#11,#19);
#570= IFCLOCALPLACEMENT(#5682,#5724);
#571= IFCMEMBER('3SWCa1Nkb6shp6EZ_X2tqw',#41,'L-Corni\X2\00E8\X0\res:CAE50x8:2333',$,'CAE50x8',#570,#565,'2333');
#574= IFCPROPERTYSINGLEVALUE('Span',$,IFCPOSITIVELENGTHMEASURE(1800.),$);
#575= IFCPROPERTYSET('3SWCa1Nkb6shp6CScX2tqw',#41,'Pset_MemberCommon',$,(#206,#207,#208,#210,#574));
#577= IFCRELDEFINESBYPROPERTIES('2D$5GynoHEKR5bgOY4Xy4T',#41,$,$,(#571),#575);
#581= IFCPROPERTYSINGLEVALUE('Justification Z',$,IFCIDENTIFIER('Origine'),$);
#582= IFCPROPERTYSINGLEVALUE('R\X2\00E9\X0\duction du joint de d\X2\00E9\X0\but',$,IFCLENGTHMEASURE(12.7),$);
#583= IFCPROPERTYSINGLEVALUE('R\X2\00E9\X0\duction du joint d''extr\X2\00E9\X0\mit\X2\00E9\X0\',$,IFCLENGTHMEASURE(12.7),$);
#584= IFCPROPERTYSINGLEVALUE('El\X2\00E9\X0\vation du niveau de r\X2\00E9\X0\f\X2\00E9\X0\rence',$,IFCLENGTHMEASURE(8850.),$);
#585= IFCPROPERTYSINGLEVALUE('Longueur de coupe',$,IFCLENGTHMEASURE(1715.),$);
#586= IFCPROPERTYSINGLEVALUE('Utilisation structurelle',$,IFCIDENTIFIER('Ame'),$);
#587= IFCPROPERTYSINGLEVALUE('Longueur',$,IFCLENGTHMEASURE(1800.),$);
#588= IFCPROPERTYSINGLEVALUE('Volume',$,IFCVOLUMEMEASURE(0.00126224),$);
#589= IFCPROPERTYSET('33U5MwaBPD$9Eo5JBII3td',#41,'Autre',$,(#245,#246,#247,#248,#249,#250));
#591= IFCRELDEFINESBYPROPERTIES('3yGs1fJl51Nh$j9nxn3bZJ',#41,$,$,(#571),#589);
#594= IFCPROPERTYSET('3SWCa1Nkb6shp6F2kX2tqw',#41,'Contraintes',$,(#233,#234,#584));
#596= IFCRELDEFINESBYPROPERTIES('3SWCa1Nkb6shp6FIkX2tqw',#41,$,$,(#571),#594);
#599= IFCPROPERTYSET('3SWCa1Nkb6shp6F3sX2tqw',#41,'Cotes',$,(#587,#588));
#601= IFCRELDEFINESBYPROPERTIES('3SWCa1Nkb6shp6FJsX2tqw',#41,$,$,(#571),#599);
#604= IFCPROPERTYSET('3SWCa1Nkb6shp6F3cX2tqw',#41,'Mat\X2\00E9\X0\riaux et finitions',$,(#240));
#606= IFCRELDEFINESBYPROPERTIES('3SWCa1Nkb6shp6FJcX2tqw',#41,$,$,(#571),#604);
#609= IFCPROPERTYSET('3SWCa1Nkb6shp6F32X2tqw',#41,'Phase de construction',$,(#235));
#611= IFCRELDEFINESBYPROPERTIES('3SWCa1Nkb6shp6FJ2X2tqw',#41,$,$,(#571),#609);
#614= IFCPROPERTYSET('3SWCa1Nkb6shp6F5EX2tqw',#41,'Position g\X2\00E9\X0\om\X2\00E9\X0\trique',$,(#222,#223,#224,#225,#226,#228,#229,#581,#582,#583));
#616= IFCRELDEFINESBYPROPERTIES('3SWCa1Nkb6shp6FLEX2tqw',#41,$,$,(#571),#614);
#619= IFCPROPERTYSET('3SWCa1Nkb6shp6F3AX2tqw',#41,'Structure',$,(#236,#585,#586));
#621= IFCRELDEFINESBYPROPERTIES('3SWCa1Nkb6shp6FJAX2tqw',#41,$,$,(#571),#619);
#629= IFCAXIS2PLACEMENT3D(#6,$,$);
#6587= IFCRELDEFINESBYPROPERTIES('3Uhh4h1U90n8AMNG1wGmiI',#41,$,$,(#125),#6327);
#631= IFCCARTESIANPOINT((-19.3333333333345,-19.3333333333331));
#633= IFCCARTESIANPOINT((30.6666666666689,-19.3333333333331));
#635= IFCCARTESIANPOINT((30.6666666666689,-11.3333333333338));
#637= IFCCARTESIANPOINT((-11.3333333333344,-11.3333333333338));
#639= IFCCARTESIANPOINT((-11.3333333333344,30.6666666666669));
#641= IFCCARTESIANPOINT((-19.3333333333345,30.6666666666669));
#643= IFCPOLYLINE((#631,#633,#635,#637,#639,#641,#631));
#645= IFCARBITRARYCLOSEDPROFILEDEF(.AREA.,'CAE50x8',#643);
#646= IFCCARTESIANPOINT((-637.,-4.13333333333473,-4.13333333333857));
#648= IFCAXIS2PLACEMENT3D(#646,#11,#17);
#649= IFCEXTRUDEDAREASOLID(#645,#648,#19,1265.);
#650= IFCSTYLEDITEM(#649,(#155),$);
#653= IFCSHAPEREPRESENTATION(#88,'Body','SweptSolid',(#649));
#655= IFCCARTESIANPOINT((-637.,7.2));
#657= IFCCARTESIANPOINT((628.,7.2));
#659= IFCPOLYLINE((#655,#657));
#661= IFCGEOMETRICSET((#659));
#663= IFCSHAPEREPRESENTATION(#92,'FootPrint','GeometricSet',(#661));
#665= IFCAXIS2PLACEMENT3D(#6,$,$);
#666= IFCREPRESENTATIONMAP(#665,#653);
#667= IFCREPRESENTATIONMAP(#665,#663);
#668= IFCMEMBERTYPE('3SWCa1Nkb6shp6EZ_X2sn5',#41,'CAE50x8',$,$,(#302,#304,#306,#308),(#666,#667),'2335','CAE50x8',.BRACE.);
#670= IFCMAPPEDITEM(#666,#556);
#672= IFCSHAPEREPRESENTATION(#88,'Body','MappedRepresentation',(#670));
#674= IFCMAPPEDITEM(#667,#556);
#676= IFCSHAPEREPRESENTATION(#92,'FootPrint','MappedRepresentation',(#674));
#678= IFCPRODUCTDEFINITIONSHAPE($,$,(#672,#676));
#680= IFCCARTESIANPOINT((10779.150125106,1455.3968525291,1475.));
#682= IFCAXIS2PLACEMENT3D(#680,#11,#19);
#683= IFCLOCALPLACEMENT(#5682,#5727);
#684= IFCMEMBER('3SWCa1Nkb6shp6EZ_X2tqu',#41,'L-Corni\X2\00E8\X0\res:CAE50x8:2335',$,'CAE50x8',#683,#678,'2335');
#687= IFCPROPERTYSINGLEVALUE('Span',$,IFCPOSITIVELENGTHMEASURE(1350.),$);
#688= IFCPROPERTYSET('3SWCa1Nkb6shp6CScX2tqu',#41,'Pset_MemberCommon',$,(#206,#207,#208,#210,#687));
#690= IFCRELDEFINESBYPROPERTIES('3T$CQErjH1vfzA7a3Glh6O',#41,$,$,(#684),#688);
#694= IFCPROPERTYSINGLEVALUE('R\X2\00E9\X0\duction du joint de d\X2\00E9\X0\but',$,IFCLENGTHMEASURE(12.7),$);
#695= IFCPROPERTYSINGLEVALUE('R\X2\00E9\X0\duction du joint d''extr\X2\00E9\X0\mit\X2\00E9\X0\',$,IFCLENGTHMEASURE(12.7),$);
#696= IFCPROPERTYSINGLEVALUE('El\X2\00E9\X0\vation du niveau de r\X2\00E9\X0\f\X2\00E9\X0\rence',$,IFCLENGTHMEASURE(8850.),$);
#697= IFCPROPERTYSINGLEVALUE('Longueur de coupe',$,IFCLENGTHMEASURE(1265.),$);
#698= IFCPROPERTYSINGLEVALUE('Longueur',$,IFCLENGTHMEASURE(1350.),$);
#699= IFCPROPERTYSINGLEVALUE('Volume',$,IFCVOLUMEMEASURE(0.00093104),$);
#700= IFCPROPERTYSET('3Hbvg2a5v2lxy_XXLVnOAB',#41,'Autre',$,(#245,#246,#247,#248,#249,#250));
#702= IFCRELDEFINESBYPROPERTIES('2d0lkJIG959vO9yvRVQDBv',#41,$,$,(#684),#700);
#705= IFCPROPERTYSET('3SWCa1Nkb6shp6F2kX2tqu',#41,'Contraintes',$,(#233,#234,#696));
#707= IFCRELDEFINESBYPROPERTIES('3SWCa1Nkb6shp6FIkX2tqu',#41,$,$,(#684),#705);
#710= IFCPROPERTYSET('3SWCa1Nkb6shp6F3sX2tqu',#41,'Cotes',$,(#698,#699));
#712= IFCRELDEFINESBYPROPERTIES('3SWCa1Nkb6shp6FJsX2tqu',#41,$,$,(#684),#710);
#715= IFCPROPERTYSET('3SWCa1Nkb6shp6F3cX2tqu',#41,'Mat\X2\00E9\X0\riaux et finitions',$,(#240));
#717= IFCRELDEFINESBYPROPERTIES('3SWCa1Nkb6shp6FJcX2tqu',#41,$,$,(#684),#715);
#720= IFCPROPERTYSET('3SWCa1Nkb6shp6F32X2tqu',#41,'Phase de construction',$,(#235));
#722= IFCRELDEFINESBYPROPERTIES('3SWCa1Nkb6shp6FJ2X2tqu',#41,$,$,(#684),#720);
#725= IFCPROPERTYSET('3SWCa1Nkb6shp6F5EX2tqu',#41,'Position g\X2\00E9\X0\om\X2\00E9\X0\trique',$,(#222,#223,#224,#225,#226,#228,#229,#581,#694,#695));
#727= IFCRELDEFINESBYPROPERTIES('3SWCa1Nkb6shp6FLEX2tqu',#41,$,$,(#684),#725);
#730= IFCPROPERTYSET('3SWCa1Nkb6shp6F3AX2tqu',#41,'Structure',$,(#236,#586,#697));
#732= IFCRELDEFINESBYPROPERTIES('3SWCa1Nkb6shp6FJAX2tqu',#41,$,$,(#684),#730);
#736= IFCAXIS2PLACEMENT3D(#6,$,$);
#6584= IFCRELDEFINESBYPROPERTIES('2d6igZgBTEKv7I2AZ5hwda',#41,$,$,(#5864,#6003),#5999);
#738= IFCCARTESIANPOINT((-19.3333333333345,-19.3333333333331));
#740= IFCCARTESIANPOINT((30.6666666666689,-19.3333333333331));
#742= IFCCARTESIANPOINT((30.6666666666689,-11.3333333333338));
#744= IFCCARTESIANPOINT((-11.3333333333344,-11.3333333333338));
#746= IFCCARTESIANPOINT((-11.3333333333344,30.6666666666669));
#748= IFCCARTESIANPOINT((-19.3333333333345,30.6666666666669));
#750= IFCPOLYLINE((#738,#740,#742,#744,#746,#748,#738));
#752= IFCARBITRARYCLOSEDPROFILEDEF(.AREA.,'CAE50x8',#750);
#753= IFCCARTESIANPOINT((-412.,-4.13333333333473,-4.13333333333857));
#755= IFCAXIS2PLACEMENT3D(#753,#11,#17);
#756= IFCEXTRUDEDAREASOLID(#752,#755,#19,815.);
#757= IFCSTYLEDITEM(#756,(#155),$);
#760= IFCSHAPEREPRESENTATION(#88,'Body','SweptSolid',(#756));
#762= IFCCARTESIANPOINT((-412.,7.2));
#764= IFCCARTESIANPOINT((403.,7.2));
#766= IFCPOLYLINE((#762,#764));
#768= IFCGEOMETRICSET((#766));
#770= IFCSHAPEREPRESENTATION(#92,'FootPrint','GeometricSet',(#768));
#772= IFCAXIS2PLACEMENT3D(#6,$,$);
#773= IFCREPRESENTATIONMAP(#772,#760);
#774= IFCREPRESENTATIONMAP(#772,#770);
#775= IFCMEMBERTYPE('3SWCa1Nkb6shp6EZ_X2sn4',#41,'CAE50x8',$,$,(#302,#304,#306,#308),(#773,#774),'2337','CAE50x8',.BRACE.);
#777= IFCMAPPEDITEM(#773,#556);
#779= IFCSHAPEREPRESENTATION(#88,'Body','MappedRepresentation',(#777));
#781= IFCMAPPEDITEM(#774,#556);
#783= IFCSHAPEREPRESENTATION(#92,'FootPrint','MappedRepresentation',(#781));
#785= IFCPRODUCTDEFINITIONSHAPE($,$,(#779,#783));
#787= IFCCARTESIANPOINT((8814.18382285463,1455.39685252911,1250.));
#789= IFCAXIS2PLACEMENT3D(#787,#11,#19);
#790= IFCLOCALPLACEMENT(#5682,#5730);
#791= IFCMEMBER('3SWCa1Nkb6shp6EZ_X2tq6',#41,'L-Corni\X2\00E8\X0\res:CAE50x8:2337',$,'CAE50x8',#790,#785,'2337');
#794= IFCPROPERTYSINGLEVALUE('Span',$,IFCPOSITIVELENGTHMEASURE(900.),$);
#795= IFCPROPERTYSET('3SWCa1Nkb6shp6CScX2tq6',#41,'Pset_MemberCommon',$,(#206,#207,#208,#210,#794));
#797= IFCRELDEFINESBYPROPERTIES('00Q49iQ65DruF2a1t4Dd1M',#41,$,$,(#791),#795);
#801= IFCPROPERTYSINGLEVALUE('R\X2\00E9\X0\duction du joint de d\X2\00E9\X0\but',$,IFCLENGTHMEASURE(12.7),$);
#802= IFCPROPERTYSINGLEVALUE('R\X2\00E9\X0\duction du joint d''extr\X2\00E9\X0\mit\X2\00E9\X0\',$,IFCLENGTHMEASURE(12.7),$);
#803= IFCPROPERTYSINGLEVALUE('El\X2\00E9\X0\vation du niveau de r\X2\00E9\X0\f\X2\00E9\X0\rence',$,IFCLENGTHMEASURE(8850.),$);
#804= IFCPROPERTYSINGLEVALUE('Longueur de coupe',$,IFCLENGTHMEASURE(814.999999999999),$);
#805= IFCPROPERTYSINGLEVALUE('Longueur',$,IFCLENGTHMEASURE(900.),$);
#806= IFCPROPERTYSINGLEVALUE('Volume',$,IFCVOLUMEMEASURE(0.00059984),$);
#807= IFCPROPERTYSET('2ZSg_znzD3JgoZg1CQ6yxj',#41,'Autre',$,(#245,#246,#247,#248,#249,#250));
#809= IFCRELDEFINESBYPROPERTIES('20UmsBY6X6duqRBlR6Aal$',#41,$,$,(#791),#807);
#812= IFCPROPERTYSET('3SWCa1Nkb6shp6F2kX2tq6',#41,'Contraintes',$,(#233,#234,#803));
#814= IFCRELDEFINESBYPROPERTIES('3SWCa1Nkb6shp6FIkX2tq6',#41,$,$,(#791),#812);
#817= IFCPROPERTYSET('3SWCa1Nkb6shp6F3sX2tq6',#41,'Cotes',$,(#805,#806));
#819= IFCRELDEFINESBYPROPERTIES('3SWCa1Nkb6shp6FJsX2tq6',#41,$,$,(#791),#817);
#822= IFCPROPERTYSET('3SWCa1Nkb6shp6F3cX2tq6',#41,'Mat\X2\00E9\X0\riaux et finitions',$,(#240));
#824= IFCRELDEFINESBYPROPERTIES('3SWCa1Nkb6shp6FJcX2tq6',#41,$,$,(#791),#822);
#827= IFCPROPERTYSET('3SWCa1Nkb6shp6F32X2tq6',#41,'Phase de construction',$,(#235));
#829= IFCRELDEFINESBYPROPERTIES('3SWCa1Nkb6shp6FJ2X2tq6',#41,$,$,(#791),#827);
#832= IFCPROPERTYSET('3SWCa1Nkb6shp6F5EX2tq6',#41,'Position g\X2\00E9\X0\om\X2\00E9\X0\trique',$,(#222,#223,#224,#225,#226,#228,#229,#581,#801,#802));
#834= IFCRELDEFINESBYPROPERTIES('3SWCa1Nkb6shp6FLEX2tq6',#41,$,$,(#791),#832);
#837= IFCPROPERTYSET('3SWCa1Nkb6shp6F3AX2tq6',#41,'Structure',$,(#236,#586,#804));
#839= IFCRELDEFINESBYPROPERTIES('3SWCa1Nkb6shp6FJAX2tq6',#41,$,$,(#791),#837);
#843= IFCAXIS2PLACEMENT3D(#6,$,$);
#6581= IFCRELDEFINESBYPROPERTIES('1pWnEsi9LCa89zSUvmCYqe',#41,$,$,(#5864,#6003),#5997);
#845= IFCCARTESIANPOINT((-19.3333333333345,-19.3333333333331));
#847= IFCCARTESIANPOINT((30.6666666666689,-19.3333333333331));
#849= IFCCARTESIANPOINT((30.6666666666689,-11.3333333333338));
#851= IFCCARTESIANPOINT((-11.3333333333344,-11.3333333333338));
#853= IFCCARTESIANPOINT((-11.3333333333344,30.6666666666669));
#855= IFCCARTESIANPOINT((-19.3333333333345,30.6666666666669));
#857= IFCPOLYLINE((#845,#847,#849,#851,#853,#855,#845));
#859= IFCARBITRARYCLOSEDPROFILEDEF(.AREA.,'CAE50x8',#857);
#860= IFCCARTESIANPOINT((-637.,-4.13333333333473,-4.13333333333857));
#862= IFCAXIS2PLACEMENT3D(#860,#11,#17);
#863= IFCEXTRUDEDAREASOLID(#859,#862,#19,1270.);
#864= IFCSTYLEDITEM(#863,(#155),$);
#867= IFCSHAPEREPRESENTATION(#88,'Body','SweptSolid',(#863));
#869= IFCCARTESIANPOINT((-637.,7.2));
#871= IFCCARTESIANPOINT((633.,7.2));
#873= IFCPOLYLINE((#869,#871));
#875= IFCGEOMETRICSET((#873));
#877= IFCSHAPEREPRESENTATION(#92,'FootPrint','GeometricSet',(#875));
#879= IFCAXIS2PLACEMENT3D(#6,$,$);
#880= IFCREPRESENTATIONMAP(#879,#867);
#881= IFCREPRESENTATIONMAP(#879,#877);
#882= IFCMEMBERTYPE('3SWCa1Nkb6shp6EZ_X2sn3',#41,'CAE50x8',$,$,(#302,#304,#306,#308),(#880,#881),'2339','CAE50x8',.BRACE.);
#884= IFCMAPPEDITEM(#880,#556);
#886= IFCSHAPEREPRESENTATION(#88,'Body','MappedRepresentation',(#884));
#888= IFCMAPPEDITEM(#881,#556);
#890= IFCSHAPEREPRESENTATION(#92,'FootPrint','MappedRepresentation',(#888));
#892= IFCPRODUCTDEFINITIONSHAPE($,$,(#886,#890));
#894= IFCCARTESIANPOINT((14709.0827296088,1455.39685252909,1475.));
#896= IFCAXIS2PLACEMENT3D(#894,#11,#19);
#897= IFCLOCALPLACEMENT(#5682,#5733);
#898= IFCMEMBER('3SWCa1Nkb6shp6EZ_X2tq4',#41,'L-Corni\X2\00E8\X0\res:CAE50x8:2339',$,'CAE50x8',#897,#892,'2339');
#901= IFCPROPERTYSINGLEVALUE('Span',$,IFCPOSITIVELENGTHMEASURE(1350.),$);
#902= IFCPROPERTYSET('3SWCa1Nkb6shp6CScX2tq4',#41,'Pset_MemberCommon',$,(#206,#207,#208,#210,#901));
#904= IFCRELDEFINESBYPROPERTIES('2Lf9MS6qP9ZAfSTWO4FxlO',#41,$,$,(#898),#902);
#908= IFCPROPERTYSINGLEVALUE('R\X2\00E9\X0\duction du joint de d\X2\00E9\X0\but',$,IFCLENGTHMEASURE(12.7),$);
#909= IFCPROPERTYSINGLEVALUE('R\X2\00E9\X0\duction du joint d''extr\X2\00E9\X0\mit\X2\00E9\X0\',$,IFCLENGTHMEASURE(12.7),$);
#910= IFCPROPERTYSINGLEVALUE('El\X2\00E9\X0\vation du niveau de r\X2\00E9\X0\f\X2\00E9\X0\rence',$,IFCLENGTHMEASURE(8850.),$);
#911= IFCPROPERTYSINGLEVALUE('Longueur de coupe',$,IFCLENGTHMEASURE(1270.),$);
#912= IFCPROPERTYSINGLEVALUE('Longueur',$,IFCLENGTHMEASURE(1350.),$);
#913= IFCPROPERTYSINGLEVALUE('Volume',$,IFCVOLUMEMEASURE(0.00093472),$);
#914= IFCPROPERTYSET('1l1aDsVDj3K804b5sSXaCj',#41,'Autre',$,(#245,#246,#247,#248,#249,#250));
#916= IFCRELDEFINESBYPROPERTIES('2guvFNRrH1OOFE6R471A$8',#41,$,$,(#898),#914);
#919= IFCPROPERTYSET('3SWCa1Nkb6shp6F2kX2tq4',#41,'Contraintes',$,(#233,#234,#910));
#921= IFCRELDEFINESBYPROPERTIES('3SWCa1Nkb6shp6FIkX2tq4',#41,$,$,(#898),#919);
#924= IFCPROPERTYSET('3SWCa1Nkb6shp6F3sX2tq4',#41,'Cotes',$,(#912,#913));
#926= IFCRELDEFINESBYPROPERTIES('3SWCa1Nkb6shp6FJsX2tq4',#41,$,$,(#898),#924);
#929= IFCPROPERTYSET('3SWCa1Nkb6shp6F3cX2tq4',#41,'Mat\X2\00E9\X0\riaux et finitions',$,(#240));
#931= IFCRELDEFINESBYPROPERTIES('3SWCa1Nkb6shp6FJcX2tq4',#41,$,$,(#898),#929);
#934= IFCPROPERTYSET('3SWCa1Nkb6shp6F32X2tq4',#41,'Phase de construction',$,(#235));
#936= IFCRELDEFINESBYPROPERTIES('3SWCa1Nkb6shp6FJ2X2tq4',#41,$,$,(#898),#934);
#939= IFCPROPERTYSET('3SWCa1Nkb6shp6F5EX2tq4',#41,'Position g\X2\00E9\X0\om\X2\00E9\X0\trique',$,(#222,#223,#224,#225,#226,#228,#229,#581,#908,#909));
#941= IFCRELDEFINESBYPROPERTIES('3SWCa1Nkb6shp6FLEX2tq4',#41,$,$,(#898),#939);
#944= IFCPROPERTYSET('3SWCa1Nkb6shp6F3AX2tq4',#41,'Structure',$,(#236,#586,#911));
#946= IFCRELDEFINESBYPROPERTIES('3SWCa1Nkb6shp6FJAX2tq4',#41,$,$,(#898),#944);
#950= IFCAXIS2PLACEMENT3D(#6,$,$);
#6578= IFCRELDEFINESBYPROPERTIES('2hm9ksnQbBRR7EEf9pT2$_',#41,$,$,(#5864,#6003),#5995);
#952= IFCCARTESIANPOINT((-19.3333333333345,-19.3333333333331));
#954= IFCCARTESIANPOINT((30.6666666666689,-19.3333333333331));
#956= IFCCARTESIANPOINT((30.6666666666689,-11.3333333333338));
#958= IFCCARTESIANPOINT((-11.3333333333344,-11.3333333333338));
#960= IFCCARTESIANPOINT((-11.3333333333344,30.6666666666669));
#962= IFCCARTESIANPOINT((-19.3333333333345,30.6666666666669));
#964= IFCPOLYLINE((#952,#954,#956,#958,#960,#962,#952));
#966= IFCARBITRARYCLOSEDPROFILEDEF(.AREA.,'CAE50x8',#964);
#967= IFCCARTESIANPOINT((-412.,-4.13333333333473,-4.13333333333857));
#969= IFCAXIS2PLACEMENT3D(#967,#11,#17);
#970= IFCEXTRUDEDAREASOLID(#966,#969,#19,820.);
#971= IFCSTYLEDITEM(#970,(#155),$);
#974= IFCSHAPEREPRESENTATION(#88,'Body','SweptSolid',(#970));
#976= IFCCARTESIANPOINT((-412.,7.2));
#978= IFCCARTESIANPOINT((408.,7.2));
#980= IFCPOLYLINE((#976,#978));
#982= IFCGEOMETRICSET((#980));
#984= IFCSHAPEREPRESENTATION(#92,'FootPrint','GeometricSet',(#982));
#986= IFCAXIS2PLACEMENT3D(#6,$,$);
#987= IFCREPRESENTATIONMAP(#986,#974);
#988= IFCREPRESENTATIONMAP(#986,#984);
#989= IFCMEMBERTYPE('3SWCa1Nkb6shp6EZ_X2sn2',#41,'CAE50x8',$,$,(#302,#304,#306,#308),(#987,#988),'2341','CAE50x8',.BRACE.);
#991= IFCMAPPEDITEM(#987,#556);
#993= IFCSHAPEREPRESENTATION(#88,'Body','MappedRepresentation',(#991));
#995= IFCMAPPEDITEM(#988,#556);
#997= IFCSHAPEREPRESENTATION(#92,'FootPrint','MappedRepresentation',(#995));
#999= IFCPRODUCTDEFINITIONSHAPE($,$,(#993,#997));
#1001= IFCCARTESIANPOINT((16674.0490318602,1455.39685252908,1250.));
#1003= IFCAXIS2PLACEMENT3D(#1001,#11,#19);
#1004= IFCLOCALPLACEMENT(#5682,#5736);
#1005= IFCMEMBER('3SWCa1Nkb6shp6EZ_X2tq2',#41,'L-Corni\X2\00E8\X0\res:CAE50x8:2341',$,'CAE50x8',#1004,#999,'2341');
#1008= IFCPROPERTYSINGLEVALUE('Span',$,IFCPOSITIVELENGTHMEASURE(900.),$);
#1009= IFCPROPERTYSET('3SWCa1Nkb6shp6CScX2tq2',#41,'Pset_MemberCommon',$,(#206,#207,#208,#210,#1008));
#1011= IFCRELDEFINESBYPROPERTIES('1S4eaZsI56PB3sL35x4MSg',#41,$,$,(#1005),#1009);
#1015= IFCPROPERTYSINGLEVALUE('R\X2\00E9\X0\duction du joint de d\X2\00E9\X0\but',$,IFCLENGTHMEASURE(12.7),$);
#1016= IFCPROPERTYSINGLEVALUE('R\X2\00E9\X0\duction du joint d''extr\X2\00E9\X0\mit\X2\00E9\X0\',$,IFCLENGTHMEASURE(12.7),$);
#1017= IFCPROPERTYSINGLEVALUE('El\X2\00E9\X0\vation du niveau de r\X2\00E9\X0\f\X2\00E9\X0\rence',$,IFCLENGTHMEASURE(8850.),$);
#1018= IFCPROPERTYSINGLEVALUE('Longueur de coupe',$,IFCLENGTHMEASURE(820.),$);
#1019= IFCPROPERTYSINGLEVALUE('Longueur',$,IFCLENGTHMEASURE(900.),$);
#1020= IFCPROPERTYSINGLEVALUE('Volume',$,IFCVOLUMEMEASURE(0.00060352),$);
#1021= IFCPROPERTYSET('19qC2q1qD84QaQGhZCZjmc',#41,'Autre',$,(#245,#246,#247,#248,#249,#250));
#1023= IFCRELDEFINESBYPROPERTIES('0KxCNoTDv3jw1SG6L8PugV',#41,$,$,(#1005),#1021);
#1026= IFCPROPERTYSET('3SWCa1Nkb6shp6F2kX2tq2',#41,'Contraintes',$,(#233,#234,#1017));
#1028= IFCRELDEFINESBYPROPERTIES('3SWCa1Nkb6shp6FIkX2tq2',#41,$,$,(#1005),#1026);
#1031= IFCPROPERTYSET('3SWCa1Nkb6shp6F3sX2tq2',#41,'Cotes',$,(#1019,#1020));
#1033= IFCRELDEFINESBYPROPERTIES('3SWCa1Nkb6shp6FJsX2tq2',#41,$,$,(#1005),#1031);
#1036= IFCPROPERTYSET('3SWCa1Nkb6shp6F3cX2tq2',#41,'Mat\X2\00E9\X0\riaux et finitions',$,(#240));
#1038= IFCRELDEFINESBYPROPERTIES('3SWCa1Nkb6shp6FJcX2tq2',#41,$,$,(#1005),#1036);
#1041= IFCPROPERTYSET('3SWCa1Nkb6shp6F32X2tq2',#41,'Phase de construction',$,(#235));
#1043= IFCRELDEFINESBYPROPERTIES('3SWCa1Nkb6shp6FJ2X2tq2',#41,$,$,(#1005),#1041);
#1046= IFCPROPERTYSET('3SWCa1Nkb6shp6F5EX2tq2',#41,'Position g\X2\00E9\X0\om\X2\00E9\X0\trique',$,(#222,#223,#224,#225,#226,#228,#229,#581,#1015,#1016));
#1048= IFCRELDEFINESBYPROPERTIES('3SWCa1Nkb6shp6FLEX2tq2',#41,$,$,(#1005),#1046);
#1051= IFCPROPERTYSET('3SWCa1Nkb6shp6F3AX2tq2',#41,'Structure',$,(#236,#586,#1018));
#1053= IFCRELDEFINESBYPROPERTIES('3SWCa1Nkb6shp6FJAX2tq2',#41,$,$,(#1005),#1051);
#1057= IFCAXIS2PLACEMENT3D(#6,$,$);
#6575= IFCRELDEFINESBYPROPERTIES('2bF0Fmvaz99Pu8szOxyVZy',#41,$,$,(#5864,#6003),#5993);
#1059= IFCCARTESIANPOINT((-19.3333333333345,-19.3333333333331));
#1061= IFCCARTESIANPOINT((30.6666666666689,-19.3333333333331));
#1063= IFCCARTESIANPOINT((30.6666666666689,-11.3333333333338));
#1065= IFCCARTESIANPOINT((-11.3333333333344,-11.3333333333338));
#1067= IFCCARTESIANPOINT((-11.3333333333344,30.6666666666669));
#1069= IFCCARTESIANPOINT((-19.3333333333345,30.6666666666669));
#1071= IFCPOLYLINE((#1059,#1061,#1063,#1065,#1067,#1069,#1059));
#1073= IFCARBITRARYCLOSEDPROFILEDEF(.AREA.,'CAE50x8',#1071);
#1074= IFCCARTESIANPOINT((-187.,-4.13333333333473,-4.13333333333857));
#1076= IFCAXIS2PLACEMENT3D(#1074,#11,#17);
#1077= IFCEXTRUDEDAREASOLID(#1073,#1076,#19,365.);
#1078= IFCSTYLEDITEM(#1077,(#155),$);
#1081= IFCSHAPEREPRESENTATION(#88,'Body','SweptSolid',(#1077));
#1083= IFCCARTESIANPOINT((-187.,7.2));
#1085= IFCCARTESIANPOINT((178.,7.2));
#1087= IFCPOLYLINE((#1083,#1085));
#1089= IFCGEOMETRICSET((#1087));
#1091= IFCSHAPEREPRESENTATION(#92,'FootPrint','GeometricSet',(#1089));
#1093= IFCAXIS2PLACEMENT3D(#6,$,$);
#1094= IFCREPRESENTATIONMAP(#1093,#1081);
#1095= IFCREPRESENTATIONMAP(#1093,#1091);
#1096= IFCMEMBERTYPE('3SWCa1Nkb6shp6EZ_X2sn1',#41,'CAE50x8',$,$,(#302,#304,#306,#308),(#1094,#1095),'2343','CAE50x8',.BRACE.);
#1098= IFCMAPPEDITEM(#1094,#556);
#1100= IFCSHAPEREPRESENTATION(#88,'Body','MappedRepresentation',(#1098));
#1102= IFCMAPPEDITEM(#1095,#556);
#1104= IFCSHAPEREPRESENTATION(#92,'FootPrint','MappedRepresentation',(#1102));
#1106= IFCPRODUCTDEFINITIONSHAPE($,$,(#1100,#1104));
#1108= IFCCARTESIANPOINT((6849.21752060324,1455.39685252911,1025.));
#1110= IFCAXIS2PLACEMENT3D(#1108,#11,#19);
#1111= IFCLOCALPLACEMENT(#5682,#5739);
#1112= IFCMEMBER('3SWCa1Nkb6shp6EZ_X2tq0',#41,'L-Corni\X2\00E8\X0\res:CAE50x8:2343',$,'CAE50x8',#1111,#1106,'2343');
#1115= IFCPROPERTYSINGLEVALUE('Span',$,IFCPOSITIVELENGTHMEASURE(450.),$);
#1116= IFCPROPERTYSET('3SWCa1Nkb6shp6CScX2tq0',#41,'Pset_MemberCommon',$,(#206,#207,#208,#210,#1115));
#1118= IFCRELDEFINESBYPROPERTIES('0Na6j5sZH6D9ohIQxjLcHz',#41,$,$,(#1112),#1116);
#1122= IFCPROPERTYSINGLEVALUE('R\X2\00E9\X0\duction du joint de d\X2\00E9\X0\but',$,IFCLENGTHMEASURE(12.7),$);
#1123= IFCPROPERTYSINGLEVALUE('R\X2\00E9\X0\duction du joint d''extr\X2\00E9\X0\mit\X2\00E9\X0\',$,IFCLENGTHMEASURE(12.7),$);
#1124= IFCPROPERTYSINGLEVALUE('El\X2\00E9\X0\vation du niveau de r\X2\00E9\X0\f\X2\00E9\X0\rence',$,IFCLENGTHMEASURE(8850.),$);
#1125= IFCPROPERTYSINGLEVALUE('Longueur de coupe',$,IFCLENGTHMEASURE(365.),$);
#1126= IFCPROPERTYSINGLEVALUE('Longueur',$,IFCLENGTHMEASURE(450.),$);
#1127= IFCPROPERTYSINGLEVALUE('Volume',$,IFCVOLUMEMEASURE(0.00026864),$);
#1128= IFCPROPERTYSET('23gUd625b5G9Lp6tnrotjm',#41,'Autre',$,(#245,#246,#247,#248,#249,#250));
#1130= IFCRELDEFINESBYPROPERTIES('1rO77OHiv3pQ4goKIoxvfR',#41,$,$,(#1112),#1128);
#1133= IFCPROPERTYSET('3SWCa1Nkb6shp6F2kX2tq0',#41,'Contraintes',$,(#233,#234,#1124));
#1135= IFCRELDEFINESBYPROPERTIES('3SWCa1Nkb6shp6FIkX2tq0',#41,$,$,(#1112),#1133);
#1138= IFCPROPERTYSET('3SWCa1Nkb6shp6F3sX2tq0',#41,'Cotes',$,(#1126,#1127));
#1140= IFCRELDEFINESBYPROPERTIES('3SWCa1Nkb6shp6FJsX2tq0',#41,$,$,(#1112),#1138);
#1143= IFCPROPERTYSET('3SWCa1Nkb6shp6F3cX2tq0',#41,'Mat\X2\00E9\X0\riaux et finitions',$,(#240));
#1145= IFCRELDEFINESBYPROPERTIES('3SWCa1Nkb6shp6FJcX2tq0',#41,$,$,(#1112),#1143);
#1148= IFCPROPERTYSET('3SWCa1Nkb6shp6F32X2tq0',#41,'Phase de construction',$,(#235));
#1150= IFCRELDEFINESBYPROPERTIES('3SWCa1Nkb6shp6FJ2X2tq0',#41,$,$,(#1112),#1148);
#1153= IFCPROPERTYSET('3SWCa1Nkb6shp6F5EX2tq0',#41,'Position g\X2\00E9\X0\om\X2\00E9\X0\trique',$,(#222,#223,#224,#225,#226,#228,#229,#581,#1122,#1123));
#1155= IFCRELDEFINESBYPROPERTIES('3SWCa1Nkb6shp6FLEX2tq0',#41,$,$,(#1112),#1153);
#1158= IFCPROPERTYSET('3SWCa1Nkb6shp6F3AX2tq0',#41,'Structure',$,(#236,#586,#1125));
#1160= IFCRELDEFINESBYPROPERTIES('3SWCa1Nkb6shp6FJAX2tq0',#41,$,$,(#1112),#1158);
#1164= IFCAXIS2PLACEMENT3D(#6,$,$);
#6572= IFCRELDEFINESBYPROPERTIES('2Q8wP7kyPFNvfi81SSFtsf',#41,$,$,(#5864,#6003),#5991);
#1166= IFCCARTESIANPOINT((-19.3333333333345,-19.3333333333331));
#1168= IFCCARTESIANPOINT((30.6666666666689,-19.3333333333331));
#1170= IFCCARTESIANPOINT((30.6666666666689,-11.3333333333338));
#1172= IFCCARTESIANPOINT((-11.3333333333344,-11.3333333333338));
#1174= IFCCARTESIANPOINT((-11.3333333333344,30.6666666666669));
#1176= IFCCARTESIANPOINT((-19.3333333333345,30.6666666666669));
#1178= IFCPOLYLINE((#1166,#1168,#1170,#1172,#1174,#1176,#1166));
#1180= IFCARBITRARYCLOSEDPROFILEDEF(.AREA.,'CAE50x8',#1178);
#1181= IFCCARTESIANPOINT((-187.,-4.13333333333473,-4.13333333333857));
#1183= IFCAXIS2PLACEMENT3D(#1181,#11,#17);
#1184= IFCEXTRUDEDAREASOLID(#1180,#1183,#19,370.);
#1185= IFCSTYLEDITEM(#1184,(#155),$);
#1188= IFCSHAPEREPRESENTATION(#88,'Body','SweptSolid',(#1184));
#1190= IFCCARTESIANPOINT((-187.,7.2));
#1192= IFCCARTESIANPOINT((183.,7.2));
#1194= IFCPOLYLINE((#1190,#1192));
#1196= IFCGEOMETRICSET((#1194));
#1198= IFCSHAPEREPRESENTATION(#92,'FootPrint','GeometricSet',(#1196));
#1200= IFCAXIS2PLACEMENT3D(#6,$,$);
#1201= IFCREPRESENTATIONMAP(#1200,#1188);
#1202= IFCREPRESENTATIONMAP(#1200,#1198);
#1203= IFCMEMBERTYPE('3SWCa1Nkb6shp6EZ_X2sn0',#41,'CAE50x8',$,$,(#302,#304,#306,#308),(#1201,#1202),'2345','CAE50x8',.BRACE.);
#1205= IFCMAPPEDITEM(#1201,#556);
#1207= IFCSHAPEREPRESENTATION(#88,'Body','MappedRepresentation',(#1205));
#1209= IFCMAPPEDITEM(#1202,#556);
#1211= IFCSHAPEREPRESENTATION(#92,'FootPrint','MappedRepresentation',(#1209));
#1213= IFCPRODUCTDEFINITIONSHAPE($,$,(#1207,#1211));
#1215= IFCCARTESIANPOINT((18639.0153341116,1455.39685252907,1025.));
#1217= IFCAXIS2PLACEMENT3D(#1215,#11,#19);
#1218= IFCLOCALPLACEMENT(#5682,#5742);
#1219= IFCMEMBER('3SWCa1Nkb6shp6EZ_X2tqE',#41,'L-Corni\X2\00E8\X0\res:CAE50x8:2345',$,'CAE50x8',#1218,#1213,'2345');
#1222= IFCPROPERTYSINGLEVALUE('Span',$,IFCPOSITIVELENGTHMEASURE(450.),$);
#1223= IFCPROPERTYSET('3SWCa1Nkb6shp6CScX2tqE',#41,'Pset_MemberCommon',$,(#206,#207,#208,#210,#1222));
#1225= IFCRELDEFINESBYPROPERTIES('1XwTDdcsfFvAC2O2pOqwfL',#41,$,$,(#1219),#1223);
#1229= IFCPROPERTYSINGLEVALUE('R\X2\00E9\X0\duction du joint de d\X2\00E9\X0\but',$,IFCLENGTHMEASURE(12.7),$);
#1230= IFCPROPERTYSINGLEVALUE('R\X2\00E9\X0\duction du joint d''extr\X2\00E9\X0\mit\X2\00E9\X0\',$,IFCLENGTHMEASURE(12.7),$);
#1231= IFCPROPERTYSINGLEVALUE('El\X2\00E9\X0\vation du niveau de r\X2\00E9\X0\f\X2\00E9\X0\rence',$,IFCLENGTHMEASURE(8850.),$);
#1232= IFCPROPERTYSINGLEVALUE('Longueur de coupe',$,IFCLENGTHMEASURE(369.999999999999),$);
#1233= IFCPROPERTYSINGLEVALUE('Longueur',$,IFCLENGTHMEASURE(450.),$);
#1234= IFCPROPERTYSINGLEVALUE('Volume',$,IFCVOLUMEMEASURE(0.00027232),$);
#1235= IFCPROPERTYSET('0a87WXUxzEGukWORIdKq5f',#41,'Autre',$,(#245,#246,#247,#248,#249,#250));
#1237= IFCRELDEFINESBYPROPERTIES('1mv3OvKQ5FkhBQ3eQZmnKg',#41,$,$,(#1219),#1235);
#1240= IFCPROPERTYSET('3SWCa1Nkb6shp6F2kX2tqE',#41,'Contraintes',$,(#233,#234,#1231));
#1242= IFCRELDEFINESBYPROPERTIES('3SWCa1Nkb6shp6FIkX2tqE',#41,$,$,(#1219),#1240);
#1245= IFCPROPERTYSET('3SWCa1Nkb6shp6F3sX2tqE',#41,'Cotes',$,(#1233,#1234));
#1247= IFCRELDEFINESBYPROPERTIES('3SWCa1Nkb6shp6FJsX2tqE',#41,$,$,(#1219),#1245);
#1250= IFCPROPERTYSET('3SWCa1Nkb6shp6F3cX2tqE',#41,'Mat\X2\00E9\X0\riaux et finitions',$,(#240));
#1252= IFCRELDEFINESBYPROPERTIES('3SWCa1Nkb6shp6FJcX2tqE',#41,$,$,(#1219),#1250);
#1255= IFCPROPERTYSET('3SWCa1Nkb6shp6F32X2tqE',#41,'Phase de construction',$,(#235));
#1257= IFCRELDEFINESBYPROPERTIES('3SWCa1Nkb6shp6FJ2X2tqE',#41,$,$,(#1219),#1255);
#1260= IFCPROPERTYSET('3SWCa1Nkb6shp6F5EX2tqE',#41,'Position g\X2\00E9\X0\om\X2\00E9\X0\trique',$,(#222,#223,#224,#225,#226,#228,#229,#581,#1229,#1230));
#1262= IFCRELDEFINESBYPROPERTIES('3SWCa1Nkb6shp6FLEX2tqE',#41,$,$,(#1219),#1260);
#1265= IFCPROPERTYSET('3SWCa1Nkb6shp6F3AX2tqE',#41,'Structure',$,(#236,#586,#1232));
#1267= IFCRELDEFINESBYPROPERTIES('3SWCa1Nkb6shp6FJAX2tqE',#41,$,$,(#1219),#1265);
#1271= IFCAXIS2PLACEMENT3D(#6,$,$);
#6569= IFCRELDEFINESBYPROPERTIES('34iomWHP11Of4OzBokcRFh',#41,$,$,(#5864,#6003),#5989);
#1273= IFCCARTESIANPOINT((-19.3333333333345,-19.3333333333331));
#1275= IFCCARTESIANPOINT((30.6666666666689,-19.3333333333331));
#1277= IFCCARTESIANPOINT((30.6666666666689,-11.3333333333338));
#1279= IFCCARTESIANPOINT((-11.3333333333344,-11.3333333333338));
#1281= IFCCARTESIANPOINT((-11.3333333333344,30.6666666666669));
#1283= IFCCARTESIANPOINT((-19.3333333333345,30.6666666666669));
#1285= IFCPOLYLINE((#1273,#1275,#1277,#1279,#1281,#1283,#1273));
#1287= IFCARBITRARYCLOSEDPROFILEDEF(.AREA.,'CAE50x8',#1285);
#1288= IFCCARTESIANPOINT((-1265.5,-4.13333333333473,-4.13333333333857));
#1290= IFCAXIS2PLACEMENT3D(#1288,#11,#17);
#1291= IFCEXTRUDEDAREASOLID(#1287,#1290,#19,2473.);
#1292= IFCSTYLEDITEM(#1291,(#155),$);
#1295= IFCSHAPEREPRESENTATION(#88,'Body','SweptSolid',(#1291));
#1297= IFCCARTESIANPOINT((-1265.5,7.2));
#1299= IFCCARTESIANPOINT((1207.5,7.2));
#1301= IFCPOLYLINE((#1297,#1299));
#1303= IFCGEOMETRICSET((#1301));
#1305= IFCSHAPEREPRESENTATION(#92,'FootPrint','GeometricSet',(#1303));
#1307= IFCAXIS2PLACEMENT3D(#6,$,$);
#1308= IFCREPRESENTATIONMAP(#1307,#1295);
#1309= IFCREPRESENTATIONMAP(#1307,#1305);
#1310= IFCMEMBERTYPE('3SWCa1Nkb6shp6EZ_X2snF',#41,'CAE50x8',$,$,(#302,#304,#306,#308),(#1308,#1309),'2347','CAE50x8',.BRACE.);
#1312= IFCMAPPEDITEM(#1308,#556);
#1314= IFCSHAPEREPRESENTATION(#88,'Body','MappedRepresentation',(#1312));
#1316= IFCMAPPEDITEM(#1309,#556);
#1318= IFCSHAPEREPRESENTATION(#92,'FootPrint','MappedRepresentation',(#1316));
#1320= IFCPRODUCTDEFINITIONSHAPE($,$,(#1314,#1318));
#1322= IFCCARTESIANPOINT((11761.6332762317,1455.3968525291,1700.));
#1324= IFCDIRECTION((0.675475992414959,0.,-0.737381979486227));
#1326= IFCDIRECTION((0.737381979486227,0.,0.675475992414959));
#1328= IFCAXIS2PLACEMENT3D(#1322,#1324,#1326);
#1329= IFCLOCALPLACEMENT(#5682,#5749);
#1330= IFCMEMBER('3SWCa1Nkb6shp6EZ_X2tqC',#41,'L-Corni\X2\00E8\X0\res:CAE50x8:2347',$,'CAE50x8',#1329,#1320,'2347');
#1333= IFCPROPERTYSINGLEVALUE('Span',$,IFCPOSITIVELENGTHMEASURE(2665.),$);
#1334= IFCPROPERTYSET('3SWCa1Nkb6shp6CScX2tqC',#41,'Pset_MemberCommon',$,(#206,#207,#208,#210,#1333));
#1336= IFCRELDEFINESBYPROPERTIES('1X4C2Z4WPBl8nLz6ReD_C5',#41,$,$,(#1330),#1334);
#1340= IFCPROPERTYSINGLEVALUE('R\X2\00E9\X0\duction du joint de d\X2\00E9\X0\but',$,IFCLENGTHMEASURE(12.7),$);
#1341= IFCPROPERTYSINGLEVALUE('R\X2\00E9\X0\duction du joint d''extr\X2\00E9\X0\mit\X2\00E9\X0\',$,IFCLENGTHMEASURE(12.7),$);
#1342= IFCPROPERTYSINGLEVALUE('El\X2\00E9\X0\vation du niveau de r\X2\00E9\X0\f\X2\00E9\X0\rence',$,IFCLENGTHMEASURE(8850.),$);
#1343= IFCPROPERTYSINGLEVALUE('Longueur de coupe',$,IFCLENGTHMEASURE(2473.),$);
#1344= IFCPROPERTYSINGLEVALUE('Longueur',$,IFCLENGTHMEASURE(2665.),$);
#1345= IFCPROPERTYSINGLEVALUE('Volume',$,IFCVOLUMEMEASURE(0.001820128),$);
#1346= IFCPROPERTYSET('1WyiQRqU117u6qc_lX_4dp',#41,'Autre',$,(#245,#246,#247,#248,#249,#250));
#1348= IFCRELDEFINESBYPROPERTIES('1mckffO9j6axJHtfvCY70t',#41,$,$,(#1330),#1346);
#1351= IFCPROPERTYSET('3SWCa1Nkb6shp6F2kX2tqC',#41,'Contraintes',$,(#233,#234,#1342));
#1353= IFCRELDEFINESBYPROPERTIES('3SWCa1Nkb6shp6FIkX2tqC',#41,$,$,(#1330),#1351);
#1356= IFCPROPERTYSET('3SWCa1Nkb6shp6F3sX2tqC',#41,'Cotes',$,(#1344,#1345));
#1358= IFCRELDEFINESBYPROPERTIES('3SWCa1Nkb6shp6FJsX2tqC',#41,$,$,(#1330),#1356);
#1361= IFCPROPERTYSET('3SWCa1Nkb6shp6F3cX2tqC',#41,'Mat\X2\00E9\X0\riaux et finitions',$,(#240));
#1363= IFCRELDEFINESBYPROPERTIES('3SWCa1Nkb6shp6FJcX2tqC',#41,$,$,(#1330),#1361);
#1366= IFCPROPERTYSET('3SWCa1Nkb6shp6F32X2tqC',#41,'Phase de construction',$,(#235));
#1368= IFCRELDEFINESBYPROPERTIES('3SWCa1Nkb6shp6FJ2X2tqC',#41,$,$,(#1330),#1366);
#1371= IFCPROPERTYSET('3SWCa1Nkb6shp6F5EX2tqC',#41,'Position g\X2\00E9\X0\om\X2\00E9\X0\trique',$,(#222,#223,#224,#225,#226,#228,#229,#581,#1340,#1341));
#1373= IFCRELDEFINESBYPROPERTIES('3SWCa1Nkb6shp6FLEX2tqC',#41,$,$,(#1330),#1371);
#1376= IFCPROPERTYSET('3SWCa1Nkb6shp6F3AX2tqC',#41,'Structure',$,(#236,#586,#1343));
#1378= IFCRELDEFINESBYPROPERTIES('3SWCa1Nkb6shp6FJAX2tqC',#41,$,$,(#1330),#1376);
#1382= IFCAXIS2PLACEMENT3D(#6,$,$);
#6566= IFCRELDEFINESBYPROPERTIES('14NyKWZurCSBdJ893INDVv',#41,$,$,(#5864,#6003),#5987);
#1384= IFCCARTESIANPOINT((-19.3333333333345,-19.3333333333331));
#1386= IFCCARTESIANPOINT((30.6666666666689,-19.3333333333331));
#1388= IFCCARTESIANPOINT((30.6666666666689,-11.3333333333338));
#1390= IFCCARTESIANPOINT((-11.3333333333344,-11.3333333333338));
#1392= IFCCARTESIANPOINT((-11.3333333333344,30.6666666666669));
#1394= IFCCARTESIANPOINT((-19.3333333333345,30.6666666666669));
#1396= IFCPOLYLINE((#1384,#1386,#1388,#1390,#1392,#1394,#1384));
#1398= IFCARBITRARYCLOSEDPROFILEDEF(.AREA.,'CAE50x8',#1396);
#1399= IFCCARTESIANPOINT((-1113.,-4.13333333333473,-4.13333333333857));
#1401= IFCAXIS2PLACEMENT3D(#1399,#11,#17);
#1402= IFCEXTRUDEDAREASOLID(#1398,#1401,#19,2136.);
#1403= IFCSTYLEDITEM(#1402,(#155),$);
#1406= IFCSHAPEREPRESENTATION(#88,'Body','SweptSolid',(#1402));
#1408= IFCCARTESIANPOINT((-1113.,7.2));
#1410= IFCCARTESIANPOINT((1023.,7.2));
#1412= IFCPOLYLINE((#1408,#1410));
#1414= IFCGEOMETRICSET((#1412));
#1416= IFCSHAPEREPRESENTATION(#92,'FootPrint','GeometricSet',(#1414));
#1418= IFCAXIS2PLACEMENT3D(#6,$,$);
#1419= IFCREPRESENTATIONMAP(#1418,#1406);
#1420= IFCREPRESENTATIONMAP(#1418,#1416);
#1421= IFCMEMBERTYPE('3SWCa1Nkb6shp6EZ_X2snE',#41,'CAE50x8',$,$,(#302,#304,#306,#308),(#1419,#1420),'2349','CAE50x8',.BRACE.);
#1423= IFCMAPPEDITEM(#1419,#556);
#1425= IFCSHAPEREPRESENTATION(#88,'Body','MappedRepresentation',(#1423));
#1427= IFCMAPPEDITEM(#1420,#556);
#1429= IFCSHAPEREPRESENTATION(#92,'FootPrint','MappedRepresentation',(#1427));
#1431= IFCPRODUCTDEFINITIONSHAPE($,$,(#1425,#1429));
#1433= IFCCARTESIANPOINT((9796.66697398033,1455.3968525291,1475.));
#1435= IFCDIRECTION((0.566268364334101,0.,-0.824220928850016));
#1437= IFCDIRECTION((0.824220928850016,0.,0.566268364334101));
#1439= IFCAXIS2PLACEMENT3D(#1433,#1435,#1437);
#1440= IFCLOCALPLACEMENT(#5682,#5756);
#1441= IFCMEMBER('3SWCa1Nkb6shp6EZ_X2tqA',#41,'L-Corni\X2\00E8\X0\res:CAE50x8:2349',$,'CAE50x8',#1440,#1431,'2349');
#1444= IFCPROPERTYSINGLEVALUE('Span',$,IFCPOSITIVELENGTHMEASURE(2384.),$);
#1445= IFCPROPERTYSET('3SWCa1Nkb6shp6CScX2tqA',#41,'Pset_MemberCommon',$,(#206,#207,#208,#210,#1444));
#1447= IFCRELDEFINESBYPROPERTIES('2XzltZ_TXE9xJwYj1drAy$',#41,$,$,(#1441),#1445);
#1451= IFCPROPERTYSINGLEVALUE('R\X2\00E9\X0\duction du joint de d\X2\00E9\X0\but',$,IFCLENGTHMEASURE(12.7),$);
#1452= IFCPROPERTYSINGLEVALUE('R\X2\00E9\X0\duction du joint d''extr\X2\00E9\X0\mit\X2\00E9\X0\',$,IFCLENGTHMEASURE(12.7),$);
#1453= IFCPROPERTYSINGLEVALUE('El\X2\00E9\X0\vation du niveau de r\X2\00E9\X0\f\X2\00E9\X0\rence',$,IFCLENGTHMEASURE(8850.),$);
#1454= IFCPROPERTYSINGLEVALUE('Longueur de coupe',$,IFCLENGTHMEASURE(2136.),$);
#1455= IFCPROPERTYSINGLEVALUE('Longueur',$,IFCLENGTHMEASURE(2384.),$);
#1456= IFCPROPERTYSINGLEVALUE('Volume',$,IFCVOLUMEMEASURE(0.001572096),$);
#1457= IFCPROPERTYSET('1IvWCMtjDF1wzr1gW7bKuV',#41,'Autre',$,(#245,#246,#247,#248,#249,#250));
#1459= IFCRELDEFINESBYPROPERTIES('2svuVthkL52fo7M36DIL6l',#41,$,$,(#1441),#1457);
#1462= IFCPROPERTYSET('3SWCa1Nkb6shp6F2kX2tqA',#41,'Contraintes',$,(#233,#234,#1453));
#1464= IFCRELDEFINESBYPROPERTIES('3SWCa1Nkb6shp6FIkX2tqA',#41,$,$,(#1441),#1462);
#1467= IFCPROPERTYSET('3SWCa1Nkb6shp6F3sX2tqA',#41,'Cotes',$,(#1455,#1456));
#1469= IFCRELDEFINESBYPROPERTIES('3SWCa1Nkb6shp6FJsX2tqA',#41,$,$,(#1441),#1467);
#1472= IFCPROPERTYSET('3SWCa1Nkb6shp6F3cX2tqA',#41,'Mat\X2\00E9\X0\riaux et finitions',$,(#240));
#1474= IFCRELDEFINESBYPROPERTIES('3SWCa1Nkb6shp6FJcX2tqA',#41,$,$,(#1441),#1472);
#1477= IFCPROPERTYSET('3SWCa1Nkb6shp6F32X2tqA',#41,'Phase de construction',$,(#235));
#1479= IFCRELDEFINESBYPROPERTIES('3SWCa1Nkb6shp6FJ2X2tqA',#41,$,$,(#1441),#1477);
#1482= IFCPROPERTYSET('3SWCa1Nkb6shp6F5EX2tqA',#41,'Position g\X2\00E9\X0\om\X2\00E9\X0\trique',$,(#222,#223,#224,#225,#226,#228,#229,#581,#1451,#1452));
#1484= IFCRELDEFINESBYPROPERTIES('3SWCa1Nkb6shp6FLEX2tqA',#41,$,$,(#1441),#1482);
#1487= IFCPROPERTYSET('3SWCa1Nkb6shp6F3AX2tqA',#41,'Structure',$,(#236,#586,#1454));
#1489= IFCRELDEFINESBYPROPERTIES('3SWCa1Nkb6shp6FJAX2tqA',#41,$,$,(#1441),#1487);
#1493= IFCAXIS2PLACEMENT3D(#6,$,$);
#6563= IFCRELDEFINESBYPROPERTIES('1pQXJ3RRHFg93OXfKRCwtS',#41,$,$,(#5683,#6122),#5860);
#1495= IFCCARTESIANPOINT((-19.3333333333345,-19.3333333333331));
#1497= IFCCARTESIANPOINT((30.6666666666689,-19.3333333333331));
#1499= IFCCARTESIANPOINT((30.6666666666689,-11.3333333333338));
#1501= IFCCARTESIANPOINT((-11.3333333333344,-11.3333333333338));
#1503= IFCCARTESIANPOINT((-11.3333333333344,30.6666666666669));
#1505= IFCCARTESIANPOINT((-19.3333333333345,30.6666666666669));
#1507= IFCPOLYLINE((#1495,#1497,#1499,#1501,#1503,#1505,#1495));
#1509= IFCARBITRARYCLOSEDPROFILEDEF(.AREA.,'CAE50x8',#1507);
#1510= IFCCARTESIANPOINT((-974.5,-4.13333333333473,-4.13333333333857));
#1512= IFCAXIS2PLACEMENT3D(#1510,#11,#17);
#1513= IFCEXTRUDEDAREASOLID(#1509,#1512,#19,1751.);
#1514= IFCSTYLEDITEM(#1513,(#155),$);
#1517= IFCSHAPEREPRESENTATION(#88,'Body','SweptSolid',(#1513));
#1519= IFCCARTESIANPOINT((-974.5,7.2));
#1521= IFCCARTESIANPOINT((776.5,7.2));
#1523= IFCPOLYLINE((#1519,#1521));
#1525= IFCGEOMETRICSET((#1523));
#1527= IFCSHAPEREPRESENTATION(#92,'FootPrint','GeometricSet',(#1525));
#1529= IFCAXIS2PLACEMENT3D(#6,$,$);
#1530= IFCREPRESENTATIONMAP(#1529,#1517);
#1531= IFCREPRESENTATIONMAP(#1529,#1527);
#1532= IFCMEMBERTYPE('3SWCa1Nkb6shp6EZ_X2snD',#41,'CAE50x8',$,$,(#302,#304,#306,#308),(#1530,#1531),'2351','CAE50x8',.BRACE.);
#1534= IFCMAPPEDITEM(#1530,#556);
#1536= IFCSHAPEREPRESENTATION(#88,'Body','MappedRepresentation',(#1534));
#1538= IFCMAPPEDITEM(#1531,#556);
#1540= IFCSHAPEREPRESENTATION(#92,'FootPrint','MappedRepresentation',(#1538));
#1542= IFCPRODUCTDEFINITIONSHAPE($,$,(#1536,#1540));
#1544= IFCCARTESIANPOINT((7831.70067172894,1455.39685252911,1250.));
#1546= IFCDIRECTION((0.416421622971469,0.,-0.909171618519743));
#1548= IFCDIRECTION((0.909171618519743,0.,0.416421622971469));
#1550= IFCAXIS2PLACEMENT3D(#1544,#1546,#1548);
#1551= IFCLOCALPLACEMENT(#5682,#5763);
#1552= IFCMEMBER('3SWCa1Nkb6shp6EZ_X2tq8',#41,'L-Corni\X2\00E8\X0\res:CAE50x8:2351',$,'CAE50x8',#1551,#1542,'2351');
#1555= IFCPROPERTYSINGLEVALUE('Span',$,IFCPOSITIVELENGTHMEASURE(2161.),$);
#1556= IFCPROPERTYSET('3SWCa1Nkb6shp6CScX2tq8',#41,'Pset_MemberCommon',$,(#206,#207,#208,#210,#1555));
#1558= IFCRELDEFINESBYPROPERTIES('1$5Rd0fZ9D1vOq5$ZrzYrL',#41,$,$,(#1552),#1556);
#1562= IFCPROPERTYSINGLEVALUE('R\X2\00E9\X0\duction du joint de d\X2\00E9\X0\but',$,IFCLENGTHMEASURE(12.7),$);
#1563= IFCPROPERTYSINGLEVALUE('R\X2\00E9\X0\duction du joint d''extr\X2\00E9\X0\mit\X2\00E9\X0\',$,IFCLENGTHMEASURE(12.7),$);
#1564= IFCPROPERTYSINGLEVALUE('El\X2\00E9\X0\vation du niveau de r\X2\00E9\X0\f\X2\00E9\X0\rence',$,IFCLENGTHMEASURE(8850.),$);
#1565= IFCPROPERTYSINGLEVALUE('Longueur de coupe',$,IFCLENGTHMEASURE(1751.),$);
#1566= IFCPROPERTYSINGLEVALUE('Longueur',$,IFCLENGTHMEASURE(2161.),$);
#1567= IFCPROPERTYSINGLEVALUE('Volume',$,IFCVOLUMEMEASURE(0.001288736),$);
#1568= IFCPROPERTYSET('3rRvH6Cx91txxVB50y3Pgy',#41,'Autre',$,(#245,#246,#247,#248,#249,#250));
#1570= IFCRELDEFINESBYPROPERTIES('2wYI9ZAuL1WOk53mcATqBa',#41,$,$,(#1552),#1568);
#1573= IFCPROPERTYSET('3SWCa1Nkb6shp6F2kX2tq8',#41,'Contraintes',$,(#233,#234,#1564));
#1575= IFCRELDEFINESBYPROPERTIES('3SWCa1Nkb6shp6FIkX2tq8',#41,$,$,(#1552),#1573);
#1578= IFCPROPERTYSET('3SWCa1Nkb6shp6F3sX2tq8',#41,'Cotes',$,(#1566,#1567));
#1580= IFCRELDEFINESBYPROPERTIES('3SWCa1Nkb6shp6FJsX2tq8',#41,$,$,(#1552),#1578);
#1583= IFCPROPERTYSET('3SWCa1Nkb6shp6F3cX2tq8',#41,'Mat\X2\00E9\X0\riaux et finitions',$,(#240));
#1585= IFCRELDEFINESBYPROPERTIES('3SWCa1Nkb6shp6FJcX2tq8',#41,$,$,(#1552),#1583);
#1588= IFCPROPERTYSET('3SWCa1Nkb6shp6F32X2tq8',#41,'Phase de construction',$,(#235));
#1590= IFCRELDEFINESBYPROPERTIES('3SWCa1Nkb6shp6FJ2X2tq8',#41,$,$,(#1552),#1588);
#1593= IFCPROPERTYSET('3SWCa1Nkb6shp6F5EX2tq8',#41,'Position g\X2\00E9\X0\om\X2\00E9\X0\trique',$,(#222,#223,#224,#225,#226,#228,#229,#581,#1562,#1563));
#1595= IFCRELDEFINESBYPROPERTIES('3SWCa1Nkb6shp6FLEX2tq8',#41,$,$,(#1552),#1593);
#1598= IFCPROPERTYSET('3SWCa1Nkb6shp6F3AX2tq8',#41,'Structure',$,(#236,#586,#1565));
#1600= IFCRELDEFINESBYPROPERTIES('3SWCa1Nkb6shp6FJAX2tq8',#41,$,$,(#1552),#1598);
#1604= IFCAXIS2PLACEMENT3D(#6,$,$);
#6560= IFCRELDEFINESBYPROPERTIES('3e6uaGeHj5FPba15RmP3G1',#41,$,$,(#5683,#6122),#5858);
#1606= IFCCARTESIANPOINT((-19.3333333333345,-19.3333333333331));
#1608= IFCCARTESIANPOINT((30.6666666666689,-19.3333333333331));
#1610= IFCCARTESIANPOINT((30.6666666666689,-11.3333333333338));
#1612= IFCCARTESIANPOINT((-11.3333333333344,-11.3333333333338));
#1614= IFCCARTESIANPOINT((-11.3333333333344,30.6666666666669));
#1616= IFCCARTESIANPOINT((-19.3333333333345,30.6666666666669));
#1618= IFCPOLYLINE((#1606,#1608,#1610,#1612,#1614,#1616,#1606));
#1620= IFCARBITRARYCLOSEDPROFILEDEF(.AREA.,'CAE50x8',#1618);
#1621= IFCCARTESIANPOINT((-1207.5,-4.13333333333473,-4.13333333333857));
#1623= IFCAXIS2PLACEMENT3D(#1621,#11,#17);
#1624= IFCEXTRUDEDAREASOLID(#1620,#1623,#19,2473.);
#1625= IFCSTYLEDITEM(#1624,(#155),$);
#1628= IFCSHAPEREPRESENTATION(#88,'Body','SweptSolid',(#1624));
#1630= IFCCARTESIANPOINT((-1207.5,7.2));
#1632= IFCCARTESIANPOINT((1265.5,7.2));
#1634= IFCPOLYLINE((#1630,#1632));
#1636= IFCGEOMETRICSET((#1634));
#1638= IFCSHAPEREPRESENTATION(#92,'FootPrint','GeometricSet',(#1636));
#1640= IFCAXIS2PLACEMENT3D(#6,$,$);
#1641= IFCREPRESENTATIONMAP(#1640,#1628);
#1642= IFCREPRESENTATIONMAP(#1640,#1638);
#1643= IFCMEMBERTYPE('3SWCa1Nkb6shp6EZ_X2snC',#41,'CAE50x8',$,$,(#302,#304,#306,#308),(#1641,#1642),'2353','CAE50x8',.BRACE.);
#1645= IFCMAPPEDITEM(#1641,#556);
#1647= IFCSHAPEREPRESENTATION(#88,'Body','MappedRepresentation',(#1645));
#1649= IFCMAPPEDITEM(#1642,#556);
#1651= IFCSHAPEREPRESENTATION(#92,'FootPrint','MappedRepresentation',(#1649));
#1653= IFCPRODUCTDEFINITIONSHAPE($,$,(#1647,#1651));
#1655= IFCCARTESIANPOINT((13726.5995784831,1455.39685252909,1700.));
#1657= IFCDIRECTION((-0.67547599241496,0.,-0.737381979486226));
#1659= IFCDIRECTION((0.737381979486226,0.,-0.67547599241496));
#1661= IFCAXIS2PLACEMENT3D(#1655,#1657,#1659);
#1662= IFCLOCALPLACEMENT(#5682,#5770);
#1663= IFCMEMBER('3SWCa1Nkb6shp6EZ_X2tqM',#41,'L-Corni\X2\00E8\X0\res:CAE50x8:2353',$,'CAE50x8',#1662,#1653,'2353');
#1666= IFCPROPERTYSINGLEVALUE('Span',$,IFCPOSITIVELENGTHMEASURE(2665.),$);
#1667= IFCPROPERTYSET('3SWCa1Nkb6shp6CScX2tqM',#41,'Pset_MemberCommon',$,(#206,#207,#208,#210,#1666));
#1669= IFCRELDEFINESBYPROPERTIES('0oBE1A0Y1Ek8NTv4NbEYHi',#41,$,$,(#1663),#1667);
#1673= IFCPROPERTYSINGLEVALUE('R\X2\00E9\X0\duction du joint de d\X2\00E9\X0\but',$,IFCLENGTHMEASURE(12.7),$);
#1674= IFCPROPERTYSINGLEVALUE('R\X2\00E9\X0\duction du joint d''extr\X2\00E9\X0\mit\X2\00E9\X0\',$,IFCLENGTHMEASURE(12.7),$);
#1675= IFCPROPERTYSINGLEVALUE('El\X2\00E9\X0\vation du niveau de r\X2\00E9\X0\f\X2\00E9\X0\rence',$,IFCLENGTHMEASURE(8850.),$);
#1676= IFCPROPERTYSINGLEVALUE('Longueur de coupe',$,IFCLENGTHMEASURE(2473.),$);
#1677= IFCPROPERTYSINGLEVALUE('Longueur',$,IFCLENGTHMEASURE(2665.),$);
#1678= IFCPROPERTYSINGLEVALUE('Volume',$,IFCVOLUMEMEASURE(0.001820128),$);
#1679= IFCPROPERTYSET('1VcJ5d2uvCHefL3Xe_TXyj',#41,'Autre',$,(#245,#246,#247,#248,#249,#250));
#1681= IFCRELDEFINESBYPROPERTIES('322_hTdRf7l8CGUy$RnLsi',#41,$,$,(#1663),#1679);
#1684= IFCPROPERTYSET('3SWCa1Nkb6shp6F2kX2tqM',#41,'Contraintes',$,(#233,#234,#1675));
#1686= IFCRELDEFINESBYPROPERTIES('3SWCa1Nkb6shp6FIkX2tqM',#41,$,$,(#1663),#1684);
#1689= IFCPROPERTYSET('3SWCa1Nkb6shp6F3sX2tqM',#41,'Cotes',$,(#1677,#1678));
#1691= IFCRELDEFINESBYPROPERTIES('3SWCa1Nkb6shp6FJsX2tqM',#41,$,$,(#1663),#1689);
#1694= IFCPROPERTYSET('3SWCa1Nkb6shp6F3cX2tqM',#41,'Mat\X2\00E9\X0\riaux et finitions',$,(#240));
#1696= IFCRELDEFINESBYPROPERTIES('3SWCa1Nkb6shp6FJcX2tqM',#41,$,$,(#1663),#1694);
#1699= IFCPROPERTYSET('3SWCa1Nkb6shp6F32X2tqM',#41,'Phase de construction',$,(#235));
#1701= IFCRELDEFINESBYPROPERTIES('3SWCa1Nkb6shp6FJ2X2tqM',#41,$,$,(#1663),#1699);
#1704= IFCPROPERTYSET('3SWCa1Nkb6shp6F5EX2tqM',#41,'Position g\X2\00E9\X0\om\X2\00E9\X0\trique',$,(#222,#223,#224,#225,#226,#228,#229,#581,#1673,#1674));
#1706= IFCRELDEFINESBYPROPERTIES('3SWCa1Nkb6shp6FLEX2tqM',#41,$,$,(#1663),#1704);
#1709= IFCPROPERTYSET('3SWCa1Nkb6shp6F3AX2tqM',#41,'Structure',$,(#236,#586,#1676));
#1711= IFCRELDEFINESBYPROPERTIES('3SWCa1Nkb6shp6FJAX2tqM',#41,$,$,(#1663),#1709);
#1715= IFCAXIS2PLACEMENT3D(#6,$,$);
#6557= IFCRELDEFINESBYPROPERTIES('1EM2gXhYL6jQuT8WgsFe1I',#41,$,$,(#5683,#6122),#5856);
#1717= IFCCARTESIANPOINT((-19.3333333333345,-19.3333333333331));
#1719= IFCCARTESIANPOINT((30.6666666666689,-19.3333333333331));
#1721= IFCCARTESIANPOINT((30.6666666666689,-11.3333333333338));
#1723= IFCCARTESIANPOINT((-11.3333333333344,-11.3333333333338));
#1725= IFCCARTESIANPOINT((-11.3333333333344,30.6666666666669));
#1727= IFCCARTESIANPOINT((-19.3333333333345,30.6666666666669));
#1729= IFCPOLYLINE((#1717,#1719,#1721,#1723,#1725,#1727,#1717));
#1731= IFCARBITRARYCLOSEDPROFILEDEF(.AREA.,'CAE50x8',#1729);
#1732= IFCCARTESIANPOINT((-1023.,-4.13333333333473,-4.13333333333857));
#1734= IFCAXIS2PLACEMENT3D(#1732,#11,#17);
#1735= IFCEXTRUDEDAREASOLID(#1731,#1734,#19,2136.);
#1736= IFCSTYLEDITEM(#1735,(#155),$);
#1739= IFCSHAPEREPRESENTATION(#88,'Body','SweptSolid',(#1735));
#1741= IFCCARTESIANPOINT((-1023.,7.2));
#1743= IFCCARTESIANPOINT((1113.,7.2));
#1745= IFCPOLYLINE((#1741,#1743));
#1747= IFCGEOMETRICSET((#1745));
#1749= IFCSHAPEREPRESENTATION(#92,'FootPrint','GeometricSet',(#1747));
#1751= IFCAXIS2PLACEMENT3D(#6,$,$);
#1752= IFCREPRESENTATIONMAP(#1751,#1739);
#1753= IFCREPRESENTATIONMAP(#1751,#1749);
#1754= IFCMEMBERTYPE('3SWCa1Nkb6shp6EZ_X2snB',#41,'CAE50x8',$,$,(#302,#304,#306,#308),(#1752,#1753),'2355','CAE50x8',.BRACE.);
#1756= IFCMAPPEDITEM(#1752,#556);
#1758= IFCSHAPEREPRESENTATION(#88,'Body','MappedRepresentation',(#1756));
#1760= IFCMAPPEDITEM(#1753,#556);
#1762= IFCSHAPEREPRESENTATION(#92,'FootPrint','MappedRepresentation',(#1760));
#1764= IFCPRODUCTDEFINITIONSHAPE($,$,(#1758,#1762));
#1766= IFCCARTESIANPOINT((15691.5658807345,1455.39685252908,1475.));
#1768= IFCDIRECTION((-0.566268364334101,0.,-0.824220928850015));
#1770= IFCDIRECTION((0.824220928850015,0.,-0.566268364334101));
#1772= IFCAXIS2PLACEMENT3D(#1766,#1768,#1770);
#1773= IFCLOCALPLACEMENT(#5682,#5777);
#1774= IFCMEMBER('3SWCa1Nkb6shp6EZ_X2tqK',#41,'L-Corni\X2\00E8\X0\res:CAE50x8:2355',$,'CAE50x8',#1773,#1764,'2355');
#1777= IFCPROPERTYSINGLEVALUE('Span',$,IFCPOSITIVELENGTHMEASURE(2384.),$);
#1778= IFCPROPERTYSET('3SWCa1Nkb6shp6CScX2tqK',#41,'Pset_MemberCommon',$,(#206,#207,#208,#210,#1777));
#1780= IFCRELDEFINESBYPROPERTIES('2VWqdqabzDVR0DjbNOvqpT',#41,$,$,(#1774),#1778);
#1784= IFCPROPERTYSINGLEVALUE('R\X2\00E9\X0\duction du joint de d\X2\00E9\X0\but',$,IFCLENGTHMEASURE(12.7),$);
#1785= IFCPROPERTYSINGLEVALUE('R\X2\00E9\X0\duction du joint d''extr\X2\00E9\X0\mit\X2\00E9\X0\',$,IFCLENGTHMEASURE(12.7),$);
#1786= IFCPROPERTYSINGLEVALUE('El\X2\00E9\X0\vation du niveau de r\X2\00E9\X0\f\X2\00E9\X0\rence',$,IFCLENGTHMEASURE(8850.),$);
#1787= IFCPROPERTYSINGLEVALUE('Longueur de coupe',$,IFCLENGTHMEASURE(2136.),$);
#1788= IFCPROPERTYSINGLEVALUE('Longueur',$,IFCLENGTHMEASURE(2384.),$);
#1789= IFCPROPERTYSINGLEVALUE('Volume',$,IFCVOLUMEMEASURE(0.001572096),$);
#1790= IFCPROPERTYSET('3VXv1tAKP7VfUbBFi_0oXj',#41,'Autre',$,(#245,#246,#247,#248,#249,#250));
#1792= IFCRELDEFINESBYPROPERTIES('0J2MlJ2LDCl8L0lISirmjm',#41,$,$,(#1774),#1790);
#1795= IFCPROPERTYSET('3SWCa1Nkb6shp6F2kX2tqK',#41,'Contraintes',$,(#233,#234,#1786));
#1797= IFCRELDEFINESBYPROPERTIES('3SWCa1Nkb6shp6FIkX2tqK',#41,$,$,(#1774),#1795);
#1800= IFCPROPERTYSET('3SWCa1Nkb6shp6F3sX2tqK',#41,'Cotes',$,(#1788,#1789));
#1802= IFCRELDEFINESBYPROPERTIES('3SWCa1Nkb6shp6FJsX2tqK',#41,$,$,(#1774),#1800);
#1805= IFCPROPERTYSET('3SWCa1Nkb6shp6F3cX2tqK',#41,'Mat\X2\00E9\X0\riaux et finitions',$,(#240));
#1807= IFCRELDEFINESBYPROPERTIES('3SWCa1Nkb6shp6FJcX2tqK',#41,$,$,(#1774),#1805);
#1810= IFCPROPERTYSET('3SWCa1Nkb6shp6F32X2tqK',#41,'Phase de construction',$,(#235));
#1812= IFCRELDEFINESBYPROPERTIES('3SWCa1Nkb6shp6FJ2X2tqK',#41,$,$,(#1774),#1810);
#1815= IFCPROPERTYSET('3SWCa1Nkb6shp6F5EX2tqK',#41,'Position g\X2\00E9\X0\om\X2\00E9\X0\trique',$,(#222,#223,#224,#225,#226,#228,#229,#581,#1784,#1785));
#1817= IFCRELDEFINESBYPROPERTIES('3SWCa1Nkb6shp6FLEX2tqK',#41,$,$,(#1774),#1815);
#1820= IFCPROPERTYSET('3SWCa1Nkb6shp6F3AX2tqK',#41,'Structure',$,(#236,#586,#1787));
#1822= IFCRELDEFINESBYPROPERTIES('3SWCa1Nkb6shp6FJAX2tqK',#41,$,$,(#1774),#1820);
#1826= IFCAXIS2PLACEMENT3D(#6,$,$);
#6554= IFCRELDEFINESBYPROPERTIES('2GJFDLKqXEbA0ol1r6N0r1',#41,$,$,(#5683,#6122),#5854);
#1828= IFCCARTESIANPOINT((-19.3333333333345,-19.3333333333331));
#1830= IFCCARTESIANPOINT((30.6666666666689,-19.3333333333331));
#1832= IFCCARTESIANPOINT((30.6666666666689,-11.3333333333338));
#1834= IFCCARTESIANPOINT((-11.3333333333344,-11.3333333333338));
#1836= IFCCARTESIANPOINT((-11.3333333333344,30.6666666666669));
#1838= IFCCARTESIANPOINT((-19.3333333333345,30.6666666666669));
#1840= IFCPOLYLINE((#1828,#1830,#1832,#1834,#1836,#1838,#1828));
#1842= IFCARBITRARYCLOSEDPROFILEDEF(.AREA.,'CAE50x8',#1840);
#1843= IFCCARTESIANPOINT((-776.5,-4.13333333333473,-4.13333333333857));
#1845= IFCAXIS2PLACEMENT3D(#1843,#11,#17);
#1846= IFCEXTRUDEDAREASOLID(#1842,#1845,#19,1751.);
#1847= IFCSTYLEDITEM(#1846,(#155),$);
#1850= IFCSHAPEREPRESENTATION(#88,'Body','SweptSolid',(#1846));
#1852= IFCCARTESIANPOINT((-776.5,7.2));
#1854= IFCCARTESIANPOINT((974.5,7.2));
#1856= IFCPOLYLINE((#1852,#1854));
#1858= IFCGEOMETRICSET((#1856));
#1860= IFCSHAPEREPRESENTATION(#92,'FootPrint','GeometricSet',(#1858));
#1862= IFCAXIS2PLACEMENT3D(#6,$,$);
#1863= IFCREPRESENTATIONMAP(#1862,#1850);
#1864= IFCREPRESENTATIONMAP(#1862,#1860);
#1865= IFCMEMBERTYPE('3SWCa1Nkb6shp6EZ_X2snA',#41,'CAE50x8',$,$,(#302,#304,#306,#308),(#1863,#1864),'2357','CAE50x8',.BRACE.);
#1867= IFCMAPPEDITEM(#1863,#556);
#1869= IFCSHAPEREPRESENTATION(#88,'Body','MappedRepresentation',(#1867));
#1871= IFCMAPPEDITEM(#1864,#556);
#1873= IFCSHAPEREPRESENTATION(#92,'FootPrint','MappedRepresentation',(#1871));
#1875= IFCPRODUCTDEFINITIONSHAPE($,$,(#1869,#1873));
#1877= IFCCARTESIANPOINT((17656.5321829859,1455.39685252908,1250.));
#1879= IFCDIRECTION((-0.416421622971467,0.,-0.909171618519743));
#1881= IFCDIRECTION((0.909171618519743,0.,-0.416421622971467));
#1883= IFCAXIS2PLACEMENT3D(#1877,#1879,#1881);
#1884= IFCLOCALPLACEMENT(#5682,#5784);
#1885= IFCMEMBER('3SWCa1Nkb6shp6EZ_X2tqI',#41,'L-Corni\X2\00E8\X0\res:CAE50x8:2357',$,'CAE50x8',#1884,#1875,'2357');
#1888= IFCPROPERTYSINGLEVALUE('Span',$,IFCPOSITIVELENGTHMEASURE(2161.),$);
#1889= IFCPROPERTYSET('3SWCa1Nkb6shp6CScX2tqI',#41,'Pset_MemberCommon',$,(#206,#207,#208,#210,#1888));
#1891= IFCRELDEFINESBYPROPERTIES('2xJ2LFTQb6AQ5S6wF$$oAI',#41,$,$,(#1885),#1889);
#1895= IFCPROPERTYSINGLEVALUE('R\X2\00E9\X0\duction du joint de d\X2\00E9\X0\but',$,IFCLENGTHMEASURE(12.7),$);
#1896= IFCPROPERTYSINGLEVALUE('R\X2\00E9\X0\duction du joint d''extr\X2\00E9\X0\mit\X2\00E9\X0\',$,IFCLENGTHMEASURE(12.7),$);
#1897= IFCPROPERTYSINGLEVALUE('El\X2\00E9\X0\vation du niveau de r\X2\00E9\X0\f\X2\00E9\X0\rence',$,IFCLENGTHMEASURE(8850.),$);
#1898= IFCPROPERTYSINGLEVALUE('Longueur de coupe',$,IFCLENGTHMEASURE(1751.),$);
#1899= IFCPROPERTYSINGLEVALUE('Longueur',$,IFCLENGTHMEASURE(2161.),$);
#1900= IFCPROPERTYSINGLEVALUE('Volume',$,IFCVOLUMEMEASURE(0.001288736),$);
#1901= IFCPROPERTYSET('20B3yb1_PDAwNqOCuysIpJ',#41,'Autre',$,(#245,#246,#247,#248,#249,#250));
#1903= IFCRELDEFINESBYPROPERTIES('2VBp1CCAL80wUQTcnQVjcc',#41,$,$,(#1885),#1901);
#1906= IFCPROPERTYSET('3SWCa1Nkb6shp6F2kX2tqI',#41,'Contraintes',$,(#233,#234,#1897));
#1908= IFCRELDEFINESBYPROPERTIES('3SWCa1Nkb6shp6FIkX2tqI',#41,$,$,(#1885),#1906);
#1911= IFCPROPERTYSET('3SWCa1Nkb6shp6F3sX2tqI',#41,'Cotes',$,(#1899,#1900));
#1913= IFCRELDEFINESBYPROPERTIES('3SWCa1Nkb6shp6FJsX2tqI',#41,$,$,(#1885),#1911);
#1916= IFCPROPERTYSET('3SWCa1Nkb6shp6F3cX2tqI',#41,'Mat\X2\00E9\X0\riaux et finitions',$,(#240));
#1918= IFCRELDEFINESBYPROPERTIES('3SWCa1Nkb6shp6FJcX2tqI',#41,$,$,(#1885),#1916);
#1921= IFCPROPERTYSET('3SWCa1Nkb6shp6F32X2tqI',#41,'Phase de construction',$,(#235));
#1923= IFCRELDEFINESBYPROPERTIES('3SWCa1Nkb6shp6FJ2X2tqI',#41,$,$,(#1885),#1921);
#1926= IFCPROPERTYSET('3SWCa1Nkb6shp6F5EX2tqI',#41,'Position g\X2\00E9\X0\om\X2\00E9\X0\trique',$,(#222,#223,#224,#225,#226,#228,#229,#581,#1895,#1896));
#1928= IFCRELDEFINESBYPROPERTIES('3SWCa1Nkb6shp6FLEX2tqI',#41,$,$,(#1885),#1926);
#1931= IFCPROPERTYSET('3SWCa1Nkb6shp6F3AX2tqI',#41,'Structure',$,(#236,#586,#1898));
#1933= IFCRELDEFINESBYPROPERTIES('3SWCa1Nkb6shp6FJAX2tqI',#41,$,$,(#1885),#1931);
#1937= IFCCARTESIANPOINT((12772.1985820048,1463.10574944956,800.));
#1939= IFCDIRECTION((0.70710678118655,-0.707106781186545,0.));
#1941= IFCAXIS2PLACEMENT3D(#1937,#19,#1939);
#1942= IFCLOCALPLACEMENT(#5863,#5884);
#1943= IFCCARTESIANPOINT((-19.3333333333443,-30.6666666666632));
#1945= IFCCARTESIANPOINT((-11.333333333345,-30.6666666666632));
#1947= IFCCARTESIANPOINT((-11.3333333333299,11.3333333333382));
#1949= IFCCARTESIANPOINT((30.6666666666703,11.3333333333226));
#1951= IFCCARTESIANPOINT((30.6666666666731,19.3333333333248));
#1953= IFCCARTESIANPOINT((-19.3333333333263,19.3333333333418));
#1955= IFCPOLYLINE((#1943,#1945,#1947,#1949,#1951,#1953,#1943));
#1957= IFCARBITRARYCLOSEDPROFILEDEF(.AREA.,'CAE50x8',#1955);
#1958= IFCCARTESIANPOINT((88.4492408819003,-4.13333333333321,5.6666666666643));
#1960= IFCAXIS2PLACEMENT3D(#1958,#11,#21);
#1961= IFCEXTRUDEDAREASOLID(#1957,#1960,#19,10917.);
#1962= IFCSTYLEDITEM(#1961,(#155),$);
#1965= IFCSHAPEREPRESENTATION(#88,'Body','SweptSolid',(#1961));
#1967= IFCCARTESIANPOINT((11002.8984817638,0.));
#1969= IFCPOLYLINE((#9,#1967));
#1971= IFCSHAPEREPRESENTATION(#86,'Axis','Curve2D',(#1969));
#1973= IFCPRODUCTDEFINITIONSHAPE($,$,(#1971,#1965));
#1975= IFCBEAM('3SWCa1Nkb6shp6EZ_X2tqU',#41,'L-Corni\X2\00E8\X0\res:CAE50x8:2361',$,'L-Corni\X2\00E8\X0\res:CAE50x8:2714',#1942,#1973,'2361');
#1978= IFCPROPERTYSINGLEVALUE('Span',$,IFCPOSITIVELENGTHMEASURE(11002.),$);
#1979= IFCPROPERTYSET('3SWCa1Nkb6shp6CTQX2tqU',#41,'Pset_BeamCommon',$,(#206,#207,#208,#210,#1978));
#1981= IFCRELDEFINESBYPROPERTIES('1qNWHwstH0kuZV92d1FEvk',#41,$,$,(#1975),#1979);
#1985= IFCPROPERTYSINGLEVALUE('R\X2\00E9\X0\duction du joint de d\X2\00E9\X0\but',$,IFCLENGTHMEASURE(12.7),$);
#1986= IFCPROPERTYSINGLEVALUE('D\X2\00E9\X0\calage du niveau d''arriv\X2\00E9\X0\e',$,IFCLENGTHMEASURE(800.),$);
#1987= IFCPROPERTYSINGLEVALUE('D\X2\00E9\X0\calage du niveau de d\X2\00E9\X0\part',$,IFCLENGTHMEASURE(800.),$);
#1988= IFCPROPERTYSINGLEVALUE('El\X2\00E9\X0\vation du niveau de r\X2\00E9\X0\f\X2\00E9\X0\rence',$,IFCLENGTHMEASURE(8850.),$);
#1989= IFCPROPERTYSINGLEVALUE('Longueur de coupe',$,IFCLENGTHMEASURE(10917.),$);
#1990= IFCPROPERTYSINGLEVALUE('El\X2\00E9\X0\vation \X2\00E0\X0\ la base',$,IFCLENGTHMEASURE(9625.),$);
#1991= IFCPROPERTYSINGLEVALUE('El\X2\00E9\X0\vation en haut',$,IFCLENGTHMEASURE(9675.),$);
#1992= IFCPROPERTYSINGLEVALUE('Longueur',$,IFCLENGTHMEASURE(11002.),$);
#1993= IFCPROPERTYSINGLEVALUE('Volume',$,IFCVOLUMEMEASURE(0.008034912),$);
#1994= IFCPROPERTYSINGLEVALUE('ID h\X2\00F4\X0\te',$,IFCLABEL('Ferme treillis Pratt 10 panneaux: 5500mm x 1800mm'),$);
#1995= IFCPROPERTYSET('07yGIVX4j9VfoLQhbI7IsL',#41,'Autre',$,(#245,#246,#247,#248,#250,#1994));
#1997= IFCRELDEFINESBYPROPERTIES('01SBn99WP6NPG5xkKEb5bK',#41,$,$,(#1975),#1995);
#2000= IFCPROPERTYSET('3SWCa1Nkb6shp6F2kX2tqU',#41,'Contraintes',$,(#233,#234,#1986,#1987,#1988));
#2002= IFCRELDEFINESBYPROPERTIES('3SWCa1Nkb6shp6FIkX2tqU',#41,$,$,(#1975),#2000);
#2005= IFCPROPERTYSET('3SWCa1Nkb6shp6F3sX2tqU',#41,'Cotes',$,(#1990,#1991,#1992,#1993));
#2007= IFCRELDEFINESBYPROPERTIES('3SWCa1Nkb6shp6FJsX2tqU',#41,$,$,(#1975),#2005);
#2010= IFCPROPERTYSET('3SWCa1Nkb6shp6F3cX2tqU',#41,'Mat\X2\00E9\X0\riaux et finitions',$,(#240));
#2012= IFCRELDEFINESBYPROPERTIES('3SWCa1Nkb6shp6FJcX2tqU',#41,$,$,(#1975),#2010);
#2015= IFCPROPERTYSET('3SWCa1Nkb6shp6F32X2tqU',#41,'Phase de construction',$,(#235));
#2017= IFCRELDEFINESBYPROPERTIES('3SWCa1Nkb6shp6FJ2X2tqU',#41,$,$,(#1975),#2015);
#2020= IFCPROPERTYSET('3SWCa1Nkb6shp6F5EX2tqU',#41,'Position g\X2\00E9\X0\om\X2\00E9\X0\trique',$,(#222,#223,#224,#225,#226,#227,#228,#229,#1985));
#2022= IFCRELDEFINESBYPROPERTIES('3SWCa1Nkb6shp6FLEX2tqU',#41,$,$,(#1975),#2020);
#2025= IFCPROPERTYSET('3SWCa1Nkb6shp6F3AX2tqU',#41,'Structure',$,(#236,#237,#239,#1989));
#2027= IFCRELDEFINESBYPROPERTIES('3SWCa1Nkb6shp6FJAX2tqU',#41,$,$,(#1975),#2025);
#2030= IFCCARTESIANPOINT((12772.1985820048,1463.10574944956,2600.));
#2032= IFCDIRECTION((0.114160364898382,-0.114160364898381,0.986881361751521));
#2034= IFCDIRECTION((0.697830503121118,-0.697830503121112,-0.161447136324753));
#2036= IFCAXIS2PLACEMENT3D(#2030,#2032,#2034);
#2037= IFCLOCALPLACEMENT(#5863,#5892);
#2038= IFCCARTESIANPOINT((-19.33333333334,-30.6666666666666));
#2040= IFCCARTESIANPOINT((-11.3333333333427,-30.6666666666666));
#2042= IFCCARTESIANPOINT((-11.3333333333334,11.3333333333322));
#2044= IFCCARTESIANPOINT((30.6666666666678,11.3333333333275));
#2046= IFCCARTESIANPOINT((30.6666666666669,19.3333333333309));
#2048= IFCCARTESIANPOINT((-19.3333333333338,19.3333333333381));
#2050= IFCPOLYLINE((#2038,#2040,#2042,#2044,#2046,#2048,#2038));
#2052= IFCARBITRARYCLOSEDPROFILEDEF(.AREA.,'CAE50x8',#2050);
#2053= IFCCARTESIANPOINT((93.5801411406771,-4.13333333333185,5.66666666666105));
#2055= IFCAXIS2PLACEMENT3D(#2053,#11,#21);
#2056= IFCEXTRUDEDAREASOLID(#2052,#2055,#19,10735.);
#2057= IFCSTYLEDITEM(#2056,(#155),$);
#2060= IFCSHAPEREPRESENTATION(#88,'Body','SweptSolid',(#2056));
#2062= IFCCARTESIANPOINT((11149.1602822814,0.));
#2064= IFCPOLYLINE((#9,#2062));
#2066= IFCSHAPEREPRESENTATION(#86,'Axis','Curve2D',(#2064));
#2068= IFCPRODUCTDEFINITIONSHAPE($,$,(#2066,#2060));
#2070= IFCBEAM('3SWCa1Nkb6shp6EZ_X2tqS',#41,'L-Corni\X2\00E8\X0\res:CAE50x8:2363',$,'L-Corni\X2\00E8\X0\res:CAE50x8:2714',#2037,#2068,'2363');
#2073= IFCPROPERTYSINGLEVALUE('Span',$,IFCPOSITIVELENGTHMEASURE(11150.),$);
#2074= IFCPROPERTYSINGLEVALUE('Slope',$,IFCPLANEANGLEMEASURE(9.17042483778904),$);
#2075= IFCPROPERTYSET('3SWCa1Nkb6shp6CTQX2tqS',#41,'Pset_BeamCommon',$,(#206,#207,#208,#2073,#2074));
#2077= IFCRELDEFINESBYPROPERTIES('2wUNjqCbrBDeyZj3m_P6cM',#41,$,$,(#2070),#2075);
#2081= IFCPROPERTYSINGLEVALUE('R\X2\00E9\X0\duction du joint de d\X2\00E9\X0\but',$,IFCLENGTHMEASURE(12.7),$);
#2082= IFCPROPERTYSINGLEVALUE('R\X2\00E9\X0\duction du joint d''extr\X2\00E9\X0\mit\X2\00E9\X0\',$,IFCLENGTHMEASURE(12.7),$);
#2083= IFCPROPERTYSINGLEVALUE('D\X2\00E9\X0\calage du niveau d''arriv\X2\00E9\X0\e',$,IFCLENGTHMEASURE(800.),$);
#2084= IFCPROPERTYSINGLEVALUE('D\X2\00E9\X0\calage du niveau de d\X2\00E9\X0\part',$,IFCLENGTHMEASURE(2600.),$);
#2085= IFCPROPERTYSINGLEVALUE('El\X2\00E9\X0\vation du niveau de r\X2\00E9\X0\f\X2\00E9\X0\rence',$,IFCLENGTHMEASURE(8850.),$);
#2086= IFCPROPERTYSINGLEVALUE('Longueur de coupe',$,IFCLENGTHMEASURE(10735.),$);
#2087= IFCPROPERTYSINGLEVALUE('Longueur',$,IFCLENGTHMEASURE(11150.),$);
#2088= IFCPROPERTYSINGLEVALUE('Volume',$,IFCVOLUMEMEASURE(0.00790096),$);
#2089= IFCPROPERTYSET('0F$I$c29HDVBrcEajrGZvq',#41,'Autre',$,(#245,#246,#247,#248,#250,#1994));
#2091= IFCRELDEFINESBYPROPERTIES('1K0EdbW1H0keGHJp1zUdOw',#41,$,$,(#2070),#2089);
#2094= IFCPROPERTYSET('3SWCa1Nkb6shp6F2kX2tqS',#41,'Contraintes',$,(#233,#234,#2083,#2084,#2085));
#2096= IFCRELDEFINESBYPROPERTIES('3SWCa1Nkb6shp6FIkX2tqS',#41,$,$,(#2070),#2094);
#2099= IFCPROPERTYSET('3SWCa1Nkb6shp6F3sX2tqS',#41,'Cotes',$,(#2087,#2088));
#2101= IFCRELDEFINESBYPROPERTIES('3SWCa1Nkb6shp6FJsX2tqS',#41,$,$,(#2070),#2099);
#2104= IFCPROPERTYSET('3SWCa1Nkb6shp6F3cX2tqS',#41,'Mat\X2\00E9\X0\riaux et finitions',$,(#240));
#2106= IFCRELDEFINESBYPROPERTIES('3SWCa1Nkb6shp6FJcX2tqS',#41,$,$,(#2070),#2104);
#2109= IFCPROPERTYSET('3SWCa1Nkb6shp6F32X2tqS',#41,'Phase de construction',$,(#235));
#2111= IFCRELDEFINESBYPROPERTIES('3SWCa1Nkb6shp6FJ2X2tqS',#41,$,$,(#2070),#2109);
#2114= IFCPROPERTYSET('3SWCa1Nkb6shp6F5EX2tqS',#41,'Position g\X2\00E9\X0\om\X2\00E9\X0\trique',$,(#222,#223,#224,#225,#226,#227,#228,#229,#2081,#2082));
#2116= IFCRELDEFINESBYPROPERTIES('3SWCa1Nkb6shp6FLEX2tqS',#41,$,$,(#2070),#2114);
#2119= IFCPROPERTYSET('3SWCa1Nkb6shp6F3AX2tqS',#41,'Structure',$,(#236,#237,#239,#2086));
#2121= IFCRELDEFINESBYPROPERTIES('3SWCa1Nkb6shp6FJAX2tqS',#41,$,$,(#2070),#2119);
#2124= IFCAXIS2PLACEMENT3D(#6,$,$);
#6551= IFCRELDEFINESBYPROPERTIES('0LBY6TJD13W9Q2a37p8FDL',#41,$,$,(#5683,#6122),#5852);
#2126= IFCCARTESIANPOINT((-19.3333333333345,-19.3333333333331));
#2128= IFCCARTESIANPOINT((30.6666666666689,-19.3333333333331));
#2130= IFCCARTESIANPOINT((30.6666666666689,-11.3333333333338));
#2132= IFCCARTESIANPOINT((-11.3333333333344,-11.3333333333338));
#2134= IFCCARTESIANPOINT((-11.3333333333344,30.6666666666669));
#2136= IFCCARTESIANPOINT((-19.3333333333345,30.6666666666669));
#2138= IFCPOLYLINE((#2126,#2128,#2130,#2132,#2134,#2136,#2126));
#2140= IFCARBITRARYCLOSEDPROFILEDEF(.AREA.,'CAE50x8',#2138);
#2141= IFCCARTESIANPOINT((-862.,-4.13333333333473,-4.13333333333857));
#2143= IFCAXIS2PLACEMENT3D(#2141,#11,#17);
#2144= IFCEXTRUDEDAREASOLID(#2140,#2143,#19,1710.);
#2145= IFCSTYLEDITEM(#2144,(#155),$);
#2148= IFCSHAPEREPRESENTATION(#88,'Body','SweptSolid',(#2144));
#2150= IFCCARTESIANPOINT((-862.,7.2));
#2152= IFCCARTESIANPOINT((848.,7.2));
#2154= IFCPOLYLINE((#2150,#2152));
#2156= IFCGEOMETRICSET((#2154));
#2158= IFCSHAPEREPRESENTATION(#92,'FootPrint','GeometricSet',(#2156));
#2160= IFCAXIS2PLACEMENT3D(#6,$,$);
#2161= IFCREPRESENTATIONMAP(#2160,#2148);
#2162= IFCREPRESENTATIONMAP(#2160,#2158);
#2163= IFCMEMBERTYPE('3SWCa1Nkb6shp6EZ_X2snM',#41,'CAE50x8',$,$,(#302,#304,#306,#308),(#2161,#2162),'2365','CAE50x8',.BRACE.);
#2165= IFCMAPPEDITEM(#2161,#556);
#2167= IFCSHAPEREPRESENTATION(#88,'Body','MappedRepresentation',(#2165));
#2169= IFCMAPPEDITEM(#2162,#556);
#2171= IFCSHAPEREPRESENTATION(#92,'FootPrint','MappedRepresentation',(#2169));
#2173= IFCPRODUCTDEFINITIONSHAPE($,$,(#2167,#2171));
#2175= IFCCARTESIANPOINT((12772.1985820048,1463.10574944956,1700.));
#2177= IFCDIRECTION((0.707106781186549,-0.707106781186546,0.));
#2179= IFCAXIS2PLACEMENT3D(#2175,#2177,#19);
#2180= IFCLOCALPLACEMENT(#5863,#5897);
#2181= IFCMEMBER('3SWCa1Nkb6shp6EZ_X2tqQ',#41,'L-Corni\X2\00E8\X0\res:CAE50x8:2365',$,'CAE50x8',#2180,#2173,'2365');
#2184= IFCPROPERTYSINGLEVALUE('Span',$,IFCPOSITIVELENGTHMEASURE(1800.),$);
#2185= IFCPROPERTYSET('3SWCa1Nkb6shp6CScX2tqQ',#41,'Pset_MemberCommon',$,(#206,#207,#208,#210,#2184));
#2187= IFCRELDEFINESBYPROPERTIES('0LsMmO_556C9HuA6nH9wiu',#41,$,$,(#2181),#2185);
#2191= IFCPROPERTYSINGLEVALUE('R\X2\00E9\X0\duction du joint de d\X2\00E9\X0\but',$,IFCLENGTHMEASURE(12.7),$);
#2192= IFCPROPERTYSINGLEVALUE('R\X2\00E9\X0\duction du joint d''extr\X2\00E9\X0\mit\X2\00E9\X0\',$,IFCLENGTHMEASURE(12.7),$);
#2193= IFCPROPERTYSINGLEVALUE('El\X2\00E9\X0\vation du niveau de r\X2\00E9\X0\f\X2\00E9\X0\rence',$,IFCLENGTHMEASURE(8850.),$);
#2194= IFCPROPERTYSINGLEVALUE('Longueur de coupe',$,IFCLENGTHMEASURE(1710.),$);
#2195= IFCPROPERTYSINGLEVALUE('Longueur',$,IFCLENGTHMEASURE(1800.),$);
#2196= IFCPROPERTYSINGLEVALUE('Volume',$,IFCVOLUMEMEASURE(0.00125856),$);
#2197= IFCPROPERTYSET('1sX$3SoBzDbxHU2zCKbK9F',#41,'Autre',$,(#245,#246,#247,#248,#250,#1994));
#2199= IFCRELDEFINESBYPROPERTIES('30uzMvFCf2VBI35myB4Dfb',#41,$,$,(#2181),#2197);
#2202= IFCPROPERTYSET('3SWCa1Nkb6shp6F2kX2tqQ',#41,'Contraintes',$,(#233,#234,#2193));
#2204= IFCRELDEFINESBYPROPERTIES('3SWCa1Nkb6shp6FIkX2tqQ',#41,$,$,(#2181),#2202);
#2207= IFCPROPERTYSET('3SWCa1Nkb6shp6F3sX2tqQ',#41,'Cotes',$,(#2195,#2196));
#2209= IFCRELDEFINESBYPROPERTIES('3SWCa1Nkb6shp6FJsX2tqQ',#41,$,$,(#2181),#2207);
#2212= IFCPROPERTYSET('3SWCa1Nkb6shp6F3cX2tqQ',#41,'Mat\X2\00E9\X0\riaux et finitions',$,(#240));
#2214= IFCRELDEFINESBYPROPERTIES('3SWCa1Nkb6shp6FJcX2tqQ',#41,$,$,(#2181),#2212);
#2217= IFCPROPERTYSET('3SWCa1Nkb6shp6F32X2tqQ',#41,'Phase de construction',$,(#235));
#2219= IFCRELDEFINESBYPROPERTIES('3SWCa1Nkb6shp6FJ2X2tqQ',#41,$,$,(#2181),#2217);
#2222= IFCPROPERTYSET('3SWCa1Nkb6shp6F5EX2tqQ',#41,'Position g\X2\00E9\X0\om\X2\00E9\X0\trique',$,(#222,#223,#224,#225,#226,#228,#229,#581,#2191,#2192));
#2224= IFCRELDEFINESBYPROPERTIES('3SWCa1Nkb6shp6FLEX2tqQ',#41,$,$,(#2181),#2222);
#2227= IFCPROPERTYSET('3SWCa1Nkb6shp6F3AX2tqQ',#41,'Structure',$,(#236,#586,#2194));
#2229= IFCRELDEFINESBYPROPERTIES('3SWCa1Nkb6shp6FJAX2tqQ',#41,$,$,(#2181),#2227);
#2233= IFCAXIS2PLACEMENT3D(#6,$,$);
#6548= IFCRELDEFINESBYPROPERTIES('06RNWsI2PF1Qg2HmON7rM5',#41,$,$,(#5683,#6122),#5850);
#2235= IFCCARTESIANPOINT((-19.3333333333345,-19.3333333333331));
#2237= IFCCARTESIANPOINT((30.6666666666689,-19.3333333333331));
#2239= IFCCARTESIANPOINT((30.6666666666689,-11.3333333333338));
#2241= IFCCARTESIANPOINT((-11.3333333333344,-11.3333333333338));
#2243= IFCCARTESIANPOINT((-11.3333333333344,30.6666666666669));
#2245= IFCCARTESIANPOINT((-19.3333333333345,30.6666666666669));
#2247= IFCPOLYLINE((#2235,#2237,#2239,#2241,#2243,#2245,#2235));
#2249= IFCARBITRARYCLOSEDPROFILEDEF(.AREA.,'CAE50x8',#2247);
#2250= IFCCARTESIANPOINT((-682.,-4.13333333333473,-4.13333333333857));
#2252= IFCAXIS2PLACEMENT3D(#2250,#11,#17);
#2253= IFCEXTRUDEDAREASOLID(#2249,#2252,#19,1361.);
#2254= IFCSTYLEDITEM(#2253,(#155),$);
#2257= IFCSHAPEREPRESENTATION(#88,'Body','SweptSolid',(#2253));
#2259= IFCCARTESIANPOINT((-682.,7.2));
#2261= IFCCARTESIANPOINT((679.,7.2));
#2263= IFCPOLYLINE((#2259,#2261));
#2265= IFCGEOMETRICSET((#2263));
#2267= IFCSHAPEREPRESENTATION(#92,'FootPrint','GeometricSet',(#2265));
#2269= IFCAXIS2PLACEMENT3D(#6,$,$);
#2270= IFCREPRESENTATIONMAP(#2269,#2257);
#2271= IFCREPRESENTATIONMAP(#2269,#2267);
#2272= IFCMEMBERTYPE('3SWCa1Nkb6shp6EZ_X2snL',#41,'CAE50x8',$,$,(#302,#304,#306,#308),(#2270,#2271),'2367','CAE50x8',.BRACE.);
#2274= IFCMAPPEDITEM(#2270,#556);
#2276= IFCSHAPEREPRESENTATION(#88,'Body','MappedRepresentation',(#2274));
#2278= IFCMAPPEDITEM(#2271,#556);
#2280= IFCSHAPEREPRESENTATION(#92,'FootPrint','MappedRepresentation',(#2278));
#2282= IFCPRODUCTDEFINITIONSHAPE($,$,(#2276,#2280));
#2284= IFCCARTESIANPOINT((14328.2434078373,-92.9390763828992,1520.));
#2286= IFCDIRECTION((0.707106781186549,-0.707106781186546,0.));
#2288= IFCAXIS2PLACEMENT3D(#2284,#2286,#19);
#2289= IFCLOCALPLACEMENT(#5863,#5902);
#2290= IFCMEMBER('3SWCa1Nkb6shp6EZ_X2tqO',#41,'L-Corni\X2\00E8\X0\res:CAE50x8:2367',$,'CAE50x8',#2289,#2282,'2367');
#2293= IFCPROPERTYSINGLEVALUE('Span',$,IFCPOSITIVELENGTHMEASURE(1440.),$);
#2294= IFCPROPERTYSET('3SWCa1Nkb6shp6CScX2tqO',#41,'Pset_MemberCommon',$,(#206,#207,#208,#210,#2293));
#2296= IFCRELDEFINESBYPROPERTIES('1ON29mqBHEDBIinY8VkdVy',#41,$,$,(#2290),#2294);
#2300= IFCPROPERTYSINGLEVALUE('R\X2\00E9\X0\duction du joint de d\X2\00E9\X0\but',$,IFCLENGTHMEASURE(12.7),$);
#2301= IFCPROPERTYSINGLEVALUE('R\X2\00E9\X0\duction du joint d''extr\X2\00E9\X0\mit\X2\00E9\X0\',$,IFCLENGTHMEASURE(12.7),$);
#2302= IFCPROPERTYSINGLEVALUE('El\X2\00E9\X0\vation du niveau de r\X2\00E9\X0\f\X2\00E9\X0\rence',$,IFCLENGTHMEASURE(8850.),$);
#2303= IFCPROPERTYSINGLEVALUE('Longueur de coupe',$,IFCLENGTHMEASURE(1361.),$);
#2304= IFCPROPERTYSINGLEVALUE('Longueur',$,IFCLENGTHMEASURE(1440.),$);
#2305= IFCPROPERTYSINGLEVALUE('Volume',$,IFCVOLUMEMEASURE(0.001001696),$);
#2306= IFCPROPERTYSET('0Qwtqw2$j6UgYkwV$lUdSK',#41,'Autre',$,(#245,#246,#247,#248,#250,#1994));
#2308= IFCRELDEFINESBYPROPERTIES('2rBauBHEH9VRxbgf1LDU6G',#41,$,$,(#2290),#2306);
#2311= IFCPROPERTYSET('3SWCa1Nkb6shp6F2kX2tqO',#41,'Contraintes',$,(#233,#234,#2302));
#2313= IFCRELDEFINESBYPROPERTIES('3SWCa1Nkb6shp6FIkX2tqO',#41,$,$,(#2290),#2311);
#2316= IFCPROPERTYSET('3SWCa1Nkb6shp6F3sX2tqO',#41,'Cotes',$,(#2304,#2305));
#2318= IFCRELDEFINESBYPROPERTIES('3SWCa1Nkb6shp6FJsX2tqO',#41,$,$,(#2290),#2316);
#2321= IFCPROPERTYSET('3SWCa1Nkb6shp6F3cX2tqO',#41,'Mat\X2\00E9\X0\riaux et finitions',$,(#240));
#2323= IFCRELDEFINESBYPROPERTIES('3SWCa1Nkb6shp6FJcX2tqO',#41,$,$,(#2290),#2321);
#2326= IFCPROPERTYSET('3SWCa1Nkb6shp6F32X2tqO',#41,'Phase de construction',$,(#235));
#2328= IFCRELDEFINESBYPROPERTIES('3SWCa1Nkb6shp6FJ2X2tqO',#41,$,$,(#2290),#2326);
#2331= IFCPROPERTYSET('3SWCa1Nkb6shp6F5EX2tqO',#41,'Position g\X2\00E9\X0\om\X2\00E9\X0\trique',$,(#222,#223,#224,#225,#226,#228,#229,#581,#2300,#2301));
#2333= IFCRELDEFINESBYPROPERTIES('3SWCa1Nkb6shp6FLEX2tqO',#41,$,$,(#2290),#2331);
#2336= IFCPROPERTYSET('3SWCa1Nkb6shp6F3AX2tqO',#41,'Structure',$,(#236,#586,#2303));
#2338= IFCRELDEFINESBYPROPERTIES('3SWCa1Nkb6shp6FJAX2tqO',#41,$,$,(#2290),#2336);
#2342= IFCAXIS2PLACEMENT3D(#6,$,$);
#6545= IFCRELDEFINESBYPROPERTIES('39FzoW_EPFpPgMWQzf9fPX',#41,$,$,(#5683,#6122),#5848);
#2344= IFCCARTESIANPOINT((-19.3333333333345,-19.3333333333331));
#2346= IFCCARTESIANPOINT((30.6666666666689,-19.3333333333331));
#2348= IFCCARTESIANPOINT((30.6666666666689,-11.3333333333338));
#2350= IFCCARTESIANPOINT((-11.3333333333344,-11.3333333333338));
#2352= IFCCARTESIANPOINT((-11.3333333333344,30.6666666666669));
#2354= IFCCARTESIANPOINT((-19.3333333333345,30.6666666666669));
#2356= IFCPOLYLINE((#2344,#2346,#2348,#2350,#2352,#2354,#2344));
#2358= IFCARBITRARYCLOSEDPROFILEDEF(.AREA.,'CAE50x8',#2356);
#2359= IFCCARTESIANPOINT((-502.,-4.13333333333473,-4.13333333333857));
#2361= IFCAXIS2PLACEMENT3D(#2359,#11,#17);
#2362= IFCEXTRUDEDAREASOLID(#2358,#2361,#19,1001.);
#2363= IFCSTYLEDITEM(#2362,(#155),$);
#2366= IFCSHAPEREPRESENTATION(#88,'Body','SweptSolid',(#2362));
#2368= IFCCARTESIANPOINT((-502.,7.2));
#2370= IFCCARTESIANPOINT((499.,7.2));
#2372= IFCPOLYLINE((#2368,#2370));
#2374= IFCGEOMETRICSET((#2372));
#2376= IFCSHAPEREPRESENTATION(#92,'FootPrint','GeometricSet',(#2374));
#2378= IFCAXIS2PLACEMENT3D(#6,$,$);
#2379= IFCREPRESENTATIONMAP(#2378,#2366);
#2380= IFCREPRESENTATIONMAP(#2378,#2376);
#2381= IFCMEMBERTYPE('3SWCa1Nkb6shp6EZ_X2snK',#41,'CAE50x8',$,$,(#302,#304,#306,#308),(#2379,#2380),'2369','CAE50x8',.BRACE.);
#2383= IFCMAPPEDITEM(#2379,#556);
#2385= IFCSHAPEREPRESENTATION(#88,'Body','MappedRepresentation',(#2383));
#2387= IFCMAPPEDITEM(#2380,#556);
#2389= IFCSHAPEREPRESENTATION(#92,'FootPrint','MappedRepresentation',(#2387));
#2391= IFCPRODUCTDEFINITIONSHAPE($,$,(#2385,#2389));
#2393= IFCCARTESIANPOINT((15884.2882336697,-1648.98390221536,1340.));
#2395= IFCDIRECTION((0.707106781186549,-0.707106781186546,0.));
#2397= IFCAXIS2PLACEMENT3D(#2393,#2395,#19);
#2398= IFCLOCALPLACEMENT(#5863,#5907);
#2399= IFCMEMBER('3SWCa1Nkb6shp6EZ_X2trc',#41,'L-Corni\X2\00E8\X0\res:CAE50x8:2369',$,'CAE50x8',#2398,#2391,'2369');
#2402= IFCPROPERTYSINGLEVALUE('Span',$,IFCPOSITIVELENGTHMEASURE(1080.),$);
#2403= IFCPROPERTYSET('3SWCa1Nkb6shp6CScX2trc',#41,'Pset_MemberCommon',$,(#206,#207,#208,#210,#2402));
#2405= IFCRELDEFINESBYPROPERTIES('3_FgdQPtv6pf6p7GryXzjj',#41,$,$,(#2399),#2403);
#2409= IFCPROPERTYSINGLEVALUE('R\X2\00E9\X0\duction du joint de d\X2\00E9\X0\but',$,IFCLENGTHMEASURE(12.7),$);
#2410= IFCPROPERTYSINGLEVALUE('R\X2\00E9\X0\duction du joint d''extr\X2\00E9\X0\mit\X2\00E9\X0\',$,IFCLENGTHMEASURE(12.7),$);
#2411= IFCPROPERTYSINGLEVALUE('El\X2\00E9\X0\vation du niveau de r\X2\00E9\X0\f\X2\00E9\X0\rence',$,IFCLENGTHMEASURE(8850.),$);
#2412= IFCPROPERTYSINGLEVALUE('Longueur de coupe',$,IFCLENGTHMEASURE(1001.),$);
#2413= IFCPROPERTYSINGLEVALUE('Longueur',$,IFCLENGTHMEASURE(1080.),$);
#2414= IFCPROPERTYSINGLEVALUE('Volume',$,IFCVOLUMEMEASURE(0.000736736),$);
#2415= IFCPROPERTYSET('2qs0UqnrfEYQ7mBOgIIFT7',#41,'Autre',$,(#245,#246,#247,#248,#250,#1994));
#2417= IFCRELDEFINESBYPROPERTIES('0mM06IZ8T0N9WvxylqNTmY',#41,$,$,(#2399),#2415);
#2420= IFCPROPERTYSET('3SWCa1Nkb6shp6F2kX2trc',#41,'Contraintes',$,(#233,#234,#2411));
#2422= IFCRELDEFINESBYPROPERTIES('3SWCa1Nkb6shp6FIkX2trc',#41,$,$,(#2399),#2420);
#2425= IFCPROPERTYSET('3SWCa1Nkb6shp6F3sX2trc',#41,'Cotes',$,(#2413,#2414));
#2427= IFCRELDEFINESBYPROPERTIES('3SWCa1Nkb6shp6FJsX2trc',#41,$,$,(#2399),#2425);
#2430= IFCPROPERTYSET('3SWCa1Nkb6shp6F3cX2trc',#41,'Mat\X2\00E9\X0\riaux et finitions',$,(#240));
#2432= IFCRELDEFINESBYPROPERTIES('3SWCa1Nkb6shp6FJcX2trc',#41,$,$,(#2399),#2430);
#2435= IFCPROPERTYSET('3SWCa1Nkb6shp6F32X2trc',#41,'Phase de construction',$,(#235));
#2437= IFCRELDEFINESBYPROPERTIES('3SWCa1Nkb6shp6FJ2X2trc',#41,$,$,(#2399),#2435);
#2440= IFCPROPERTYSET('3SWCa1Nkb6shp6F5EX2trc',#41,'Position g\X2\00E9\X0\om\X2\00E9\X0\trique',$,(#222,#223,#224,#225,#226,#228,#229,#581,#2409,#2410));
#2442= IFCRELDEFINESBYPROPERTIES('3SWCa1Nkb6shp6FLEX2trc',#41,$,$,(#2399),#2440);
#2445= IFCPROPERTYSET('3SWCa1Nkb6shp6F3AX2trc',#41,'Structure',$,(#236,#586,#2412));
#2447= IFCRELDEFINESBYPROPERTIES('3SWCa1Nkb6shp6FJAX2trc',#41,$,$,(#2399),#2445);
#2451= IFCAXIS2PLACEMENT3D(#6,$,$);
#6542= IFCRELDEFINESBYPROPERTIES('3Nyx51vXHBsf2T0$sIvHZF',#41,$,$,(#5094,#5204,#5288,#5371,#5455,#5539,#5622),#5177);
#2453= IFCCARTESIANPOINT((-19.3333333333345,-19.3333333333331));
#2455= IFCCARTESIANPOINT((30.6666666666689,-19.3333333333331));
#2457= IFCCARTESIANPOINT((30.6666666666689,-11.3333333333338));
#2459= IFCCARTESIANPOINT((-11.3333333333344,-11.3333333333338));
#2461= IFCCARTESIANPOINT((-11.3333333333344,30.6666666666669));
#2463= IFCCARTESIANPOINT((-19.3333333333345,30.6666666666669));
#2465= IFCPOLYLINE((#2453,#2455,#2457,#2459,#2461,#2463,#2453));
#2467= IFCARBITRARYCLOSEDPROFILEDEF(.AREA.,'CAE50x8',#2465);
#2468= IFCCARTESIANPOINT((-322.,-4.13333333333473,-4.13333333333857));
#2470= IFCAXIS2PLACEMENT3D(#2468,#11,#17);
#2471= IFCEXTRUDEDAREASOLID(#2467,#2470,#19,641.);
#2472= IFCSTYLEDITEM(#2471,(#155),$);
#2475= IFCSHAPEREPRESENTATION(#88,'Body','SweptSolid',(#2471));
#2477= IFCCARTESIANPOINT((-322.,7.2));
#2479= IFCCARTESIANPOINT((319.,7.2));
#2481= IFCPOLYLINE((#2477,#2479));
#2483= IFCGEOMETRICSET((#2481));
#2485= IFCSHAPEREPRESENTATION(#92,'FootPrint','GeometricSet',(#2483));
#2487= IFCAXIS2PLACEMENT3D(#6,$,$);
#2488= IFCREPRESENTATIONMAP(#2487,#2475);
#2489= IFCREPRESENTATIONMAP(#2487,#2485);
#2490= IFCMEMBERTYPE('3SWCa1Nkb6shp6EZ_X2snJ',#41,'CAE50x8',$,$,(#302,#304,#306,#308),(#2488,#2489),'2371','CAE50x8',.BRACE.);
#2492= IFCMAPPEDITEM(#2488,#556);
#2494= IFCSHAPEREPRESENTATION(#88,'Body','MappedRepresentation',(#2492));
#2496= IFCMAPPEDITEM(#2489,#556);
#2498= IFCSHAPEREPRESENTATION(#92,'FootPrint','MappedRepresentation',(#2496));
#2500= IFCPRODUCTDEFINITIONSHAPE($,$,(#2494,#2498));
#2502= IFCCARTESIANPOINT((17440.3330595022,-3205.02872804783,1160.));
#2504= IFCDIRECTION((0.707106781186549,-0.707106781186546,0.));
#2506= IFCAXIS2PLACEMENT3D(#2502,#2504,#19);
#2507= IFCLOCALPLACEMENT(#5863,#5912);
#2508= IFCMEMBER('3SWCa1Nkb6shp6EZ_X2tra',#41,'L-Corni\X2\00E8\X0\res:CAE50x8:2371',$,'CAE50x8',#2507,#2500,'2371');
#2511= IFCPROPERTYSINGLEVALUE('Span',$,IFCPOSITIVELENGTHMEASURE(720.),$);
#2512= IFCPROPERTYSET('3SWCa1Nkb6shp6CScX2tra',#41,'Pset_MemberCommon',$,(#206,#207,#208,#210,#2511));
#2514= IFCRELDEFINESBYPROPERTIES('3teJPLuWfCp82B2Zfakbf8',#41,$,$,(#2508),#2512);
#2518= IFCPROPERTYSINGLEVALUE('R\X2\00E9\X0\duction du joint de d\X2\00E9\X0\but',$,IFCLENGTHMEASURE(12.7),$);
#2519= IFCPROPERTYSINGLEVALUE('R\X2\00E9\X0\duction du joint d''extr\X2\00E9\X0\mit\X2\00E9\X0\',$,IFCLENGTHMEASURE(12.7),$);
#2520= IFCPROPERTYSINGLEVALUE('El\X2\00E9\X0\vation du niveau de r\X2\00E9\X0\f\X2\00E9\X0\rence',$,IFCLENGTHMEASURE(8850.),$);
#2521= IFCPROPERTYSINGLEVALUE('Longueur de coupe',$,IFCLENGTHMEASURE(640.999999999998),$);
#2522= IFCPROPERTYSINGLEVALUE('Longueur',$,IFCLENGTHMEASURE(720.),$);
#2523= IFCPROPERTYSINGLEVALUE('Volume',$,IFCVOLUMEMEASURE(0.000471776),$);
#2524= IFCPROPERTYSET('3HdCpD$pHBSBZGgXmzLMCx',#41,'Autre',$,(#245,#246,#247,#248,#250,#1994));
#2526= IFCRELDEFINESBYPROPERTIES('34B9sBlnbBzu5nZtRIshRI',#41,$,$,(#2508),#2524);
#2529= IFCPROPERTYSET('3SWCa1Nkb6shp6F2kX2tra',#41,'Contraintes',$,(#233,#234,#2520));
#2531= IFCRELDEFINESBYPROPERTIES('3SWCa1Nkb6shp6FIkX2tra',#41,$,$,(#2508),#2529);
#2534= IFCPROPERTYSET('3SWCa1Nkb6shp6F3sX2tra',#41,'Cotes',$,(#2522,#2523));
#2536= IFCRELDEFINESBYPROPERTIES('3SWCa1Nkb6shp6FJsX2tra',#41,$,$,(#2508),#2534);
#2539= IFCPROPERTYSET('3SWCa1Nkb6shp6F3cX2tra',#41,'Mat\X2\00E9\X0\riaux et finitions',$,(#240));
#2541= IFCRELDEFINESBYPROPERTIES('3SWCa1Nkb6shp6FJcX2tra',#41,$,$,(#2508),#2539);
#2544= IFCPROPERTYSET('3SWCa1Nkb6shp6F32X2tra',#41,'Phase de construction',$,(#235));
#2546= IFCRELDEFINESBYPROPERTIES('3SWCa1Nkb6shp6FJ2X2tra',#41,$,$,(#2508),#2544);
#2549= IFCPROPERTYSET('3SWCa1Nkb6shp6F5EX2tra',#41,'Position g\X2\00E9\X0\om\X2\00E9\X0\trique',$,(#222,#223,#224,#225,#226,#228,#229,#581,#2518,#2519));
#2551= IFCRELDEFINESBYPROPERTIES('3SWCa1Nkb6shp6FLEX2tra',#41,$,$,(#2508),#2549);
#2554= IFCPROPERTYSET('3SWCa1Nkb6shp6F3AX2tra',#41,'Structure',$,(#236,#586,#2521));
#2556= IFCRELDEFINESBYPROPERTIES('3SWCa1Nkb6shp6FJAX2tra',#41,$,$,(#2508),#2554);
#2560= IFCAXIS2PLACEMENT3D(#6,$,$);
#6539= IFCRELDEFINESBYPROPERTIES('0GTako4SL4kesjn20eCU6P',#41,$,$,(#5094,#5204,#5288,#5371,#5455,#5539,#5622),#5175);
#2562= IFCCARTESIANPOINT((-19.3333333333345,-19.3333333333331));
#2564= IFCCARTESIANPOINT((30.6666666666689,-19.3333333333331));
#2566= IFCCARTESIANPOINT((30.6666666666689,-11.3333333333338));
#2568= IFCCARTESIANPOINT((-11.3333333333344,-11.3333333333338));
#2570= IFCCARTESIANPOINT((-11.3333333333344,30.6666666666669));
#2572= IFCCARTESIANPOINT((-19.3333333333345,30.6666666666669));
#2574= IFCPOLYLINE((#2562,#2564,#2566,#2568,#2570,#2572,#2562));
#2576= IFCARBITRARYCLOSEDPROFILEDEF(.AREA.,'CAE50x8',#2574);
#2577= IFCCARTESIANPOINT((-142.,-4.13333333333473,-4.13333333333857));
#2579= IFCAXIS2PLACEMENT3D(#2577,#11,#17);
#2580= IFCEXTRUDEDAREASOLID(#2576,#2579,#19,281.);
#2581= IFCSTYLEDITEM(#2580,(#155),$);
#2584= IFCSHAPEREPRESENTATION(#88,'Body','SweptSolid',(#2580));
#2586= IFCCARTESIANPOINT((-142.,7.2));
#2588= IFCCARTESIANPOINT((139.,7.2));
#2590= IFCPOLYLINE((#2586,#2588));
#2592= IFCGEOMETRICSET((#2590));
#2594= IFCSHAPEREPRESENTATION(#92,'FootPrint','GeometricSet',(#2592));
#2596= IFCAXIS2PLACEMENT3D(#6,$,$);
#2597= IFCREPRESENTATIONMAP(#2596,#2584);
#2598= IFCREPRESENTATIONMAP(#2596,#2594);
#2599= IFCMEMBERTYPE('3SWCa1Nkb6shp6EZ_X2snI',#41,'CAE50x8',$,$,(#302,#304,#306,#308),(#2597,#2598),'2373','CAE50x8',.BRACE.);
#2601= IFCMAPPEDITEM(#2597,#556);
#2603= IFCSHAPEREPRESENTATION(#88,'Body','MappedRepresentation',(#2601));
#2605= IFCMAPPEDITEM(#2598,#556);
#2607= IFCSHAPEREPRESENTATION(#92,'FootPrint','MappedRepresentation',(#2605));
#2609= IFCPRODUCTDEFINITIONSHAPE($,$,(#2603,#2607));
#2611= IFCCARTESIANPOINT((18996.3778853347,-4761.07355388029,980.));
#2613= IFCDIRECTION((0.707106781186549,-0.707106781186546,0.));
#2615= IFCAXIS2PLACEMENT3D(#2611,#2613,#19);
#2616= IFCLOCALPLACEMENT(#5863,#5917);
#2617= IFCMEMBER('3SWCa1Nkb6shp6EZ_X2trY',#41,'L-Corni\X2\00E8\X0\res:CAE50x8:2373',$,'CAE50x8',#2616,#2609,'2373');
#2620= IFCPROPERTYSINGLEVALUE('Span',$,IFCPOSITIVELENGTHMEASURE(360.),$);
#2621= IFCPROPERTYSET('3SWCa1Nkb6shp6CScX2trY',#41,'Pset_MemberCommon',$,(#206,#207,#208,#210,#2620));
#2623= IFCRELDEFINESBYPROPERTIES('05bjbAaH56_R$sQeOW6sk4',#41,$,$,(#2617),#2621);
#2627= IFCPROPERTYSINGLEVALUE('R\X2\00E9\X0\duction du joint de d\X2\00E9\X0\but',$,IFCLENGTHMEASURE(12.7),$);
#2628= IFCPROPERTYSINGLEVALUE('R\X2\00E9\X0\duction du joint d''extr\X2\00E9\X0\mit\X2\00E9\X0\',$,IFCLENGTHMEASURE(12.7),$);
#2629= IFCPROPERTYSINGLEVALUE('El\X2\00E9\X0\vation du niveau de r\X2\00E9\X0\f\X2\00E9\X0\rence',$,IFCLENGTHMEASURE(8850.),$);
#2630= IFCPROPERTYSINGLEVALUE('Longueur de coupe',$,IFCLENGTHMEASURE(281.000000000001),$);
#2631= IFCPROPERTYSINGLEVALUE('Longueur',$,IFCLENGTHMEASURE(360.),$);
#2632= IFCPROPERTYSINGLEVALUE('Volume',$,IFCVOLUMEMEASURE(0.000206816),$);
#2633= IFCPROPERTYSET('3TsvNwD616Yw8GaoTkP4LH',#41,'Autre',$,(#245,#246,#247,#248,#250,#1994));
#2635= IFCRELDEFINESBYPROPERTIES('0gNeSkQ_j3c8Ie9DHq5t3a',#41,$,$,(#2617),#2633);
#2638= IFCPROPERTYSET('3SWCa1Nkb6shp6F2kX2trY',#41,'Contraintes',$,(#233,#234,#2629));
#2640= IFCRELDEFINESBYPROPERTIES('3SWCa1Nkb6shp6FIkX2trY',#41,$,$,(#2617),#2638);
#2643= IFCPROPERTYSET('3SWCa1Nkb6shp6F3sX2trY',#41,'Cotes',$,(#2631,#2632));
#2645= IFCRELDEFINESBYPROPERTIES('3SWCa1Nkb6shp6FJsX2trY',#41,$,$,(#2617),#2643);
#2648= IFCPROPERTYSET('3SWCa1Nkb6shp6F3cX2trY',#41,'Mat\X2\00E9\X0\riaux et finitions',$,(#240));
#2650= IFCRELDEFINESBYPROPERTIES('3SWCa1Nkb6shp6FJcX2trY',#41,$,$,(#2617),#2648);
#2653= IFCPROPERTYSET('3SWCa1Nkb6shp6F32X2trY',#41,'Phase de construction',$,(#235));
#2655= IFCRELDEFINESBYPROPERTIES('3SWCa1Nkb6shp6FJ2X2trY',#41,$,$,(#2617),#2653);
#2658= IFCPROPERTYSET('3SWCa1Nkb6shp6F5EX2trY',#41,'Position g\X2\00E9\X0\om\X2\00E9\X0\trique',$,(#222,#223,#224,#225,#226,#228,#229,#581,#2627,#2628));
#2660= IFCRELDEFINESBYPROPERTIES('3SWCa1Nkb6shp6FLEX2trY',#41,$,$,(#2617),#2658);
#2663= IFCPROPERTYSET('3SWCa1Nkb6shp6F3AX2trY',#41,'Structure',$,(#236,#586,#2630));
#2665= IFCRELDEFINESBYPROPERTIES('3SWCa1Nkb6shp6FJAX2trY',#41,$,$,(#2617),#2663);
#2669= IFCAXIS2PLACEMENT3D(#6,$,$);
#6536= IFCRELDEFINESBYPROPERTIES('00uYcil1z0Cu0wAwtyqR0n',#41,$,$,(#5094,#5204,#5288,#5371,#5455,#5539,#5622),#5173);
#2671= IFCCARTESIANPOINT((-19.3333333333345,-19.3333333333331));
#2673= IFCCARTESIANPOINT((30.6666666666689,-19.3333333333331));
#2675= IFCCARTESIANPOINT((30.6666666666689,-11.3333333333338));
#2677= IFCCARTESIANPOINT((-11.3333333333344,-11.3333333333338));
#2679= IFCCARTESIANPOINT((-11.3333333333344,30.6666666666669));
#2681= IFCCARTESIANPOINT((-19.3333333333345,30.6666666666669));
#2683= IFCPOLYLINE((#2671,#2673,#2675,#2677,#2679,#2681,#2671));
#2685= IFCARBITRARYCLOSEDPROFILEDEF(.AREA.,'CAE50x8',#2683);
#2686= IFCCARTESIANPOINT((-1297.5,-4.13333333333473,-4.13333333333857));
#2688= IFCAXIS2PLACEMENT3D(#2686,#11,#17);
#2689= IFCEXTRUDEDAREASOLID(#2685,#2688,#19,2648.);
#2690= IFCSTYLEDITEM(#2689,(#155),$);
#2693= IFCSHAPEREPRESENTATION(#88,'Body','SweptSolid',(#2689));
#2695= IFCCARTESIANPOINT((-1297.5,7.2));
#2697= IFCCARTESIANPOINT((1350.5,7.2));
#2699= IFCPOLYLINE((#2695,#2697));
#2701= IFCGEOMETRICSET((#2699));
#2703= IFCSHAPEREPRESENTATION(#92,'FootPrint','GeometricSet',(#2701));
#2705= IFCAXIS2PLACEMENT3D(#6,$,$);
#2706= IFCREPRESENTATIONMAP(#2705,#2693);
#2707= IFCREPRESENTATIONMAP(#2705,#2703);
#2708= IFCMEMBERTYPE('3SWCa1Nkb6shp6EZ_X2snH',#41,'CAE50x8',$,$,(#302,#304,#306,#308),(#2706,#2707),'2375','CAE50x8',.BRACE.);
#2710= IFCMAPPEDITEM(#2706,#556);
#2712= IFCSHAPEREPRESENTATION(#88,'Body','MappedRepresentation',(#2710));
#2714= IFCMAPPEDITEM(#2707,#556);
#2716= IFCSHAPEREPRESENTATION(#92,'FootPrint','MappedRepresentation',(#2714));
#2718= IFCPRODUCTDEFINITIONSHAPE($,$,(#2712,#2716));
#2720= IFCCARTESIANPOINT((13550.220994921,685.083336533329,1700.));
#2722= IFCDIRECTION((-0.447696068358025,0.447696068358019,-0.774039056348929));
#2724= IFCDIRECTION((0.547328265647566,-0.547328265647561,-0.633137851693027));
#2726= IFCAXIS2PLACEMENT3D(#2720,#2722,#2724);
#2727= IFCLOCALPLACEMENT(#5863,#5924);
#2728= IFCMEMBER('3SWCa1Nkb6shp6EZ_X2trW',#41,'L-Corni\X2\00E8\X0\res:CAE50x8:2375',$,'CAE50x8',#2727,#2718,'2375');
#2731= IFCPROPERTYSINGLEVALUE('Span',$,IFCPOSITIVELENGTHMEASURE(2843.),$);
#2732= IFCPROPERTYSET('3SWCa1Nkb6shp6CScX2trW',#41,'Pset_MemberCommon',$,(#206,#207,#208,#210,#2731));
#2734= IFCRELDEFINESBYPROPERTIES('1Jdcs2u8125eNV7v13c6af',#41,$,$,(#2728),#2732);
#2738= IFCPROPERTYSINGLEVALUE('R\X2\00E9\X0\duction du joint de d\X2\00E9\X0\but',$,IFCLENGTHMEASURE(12.7),$);
#2739= IFCPROPERTYSINGLEVALUE('R\X2\00E9\X0\duction du joint d''extr\X2\00E9\X0\mit\X2\00E9\X0\',$,IFCLENGTHMEASURE(12.7),$);
#2740= IFCPROPERTYSINGLEVALUE('El\X2\00E9\X0\vation du niveau de r\X2\00E9\X0\f\X2\00E9\X0\rence',$,IFCLENGTHMEASURE(8850.),$);
#2741= IFCPROPERTYSINGLEVALUE('Longueur de coupe',$,IFCLENGTHMEASURE(2648.),$);
#2742= IFCPROPERTYSINGLEVALUE('Longueur',$,IFCLENGTHMEASURE(2843.),$);
#2743= IFCPROPERTYSINGLEVALUE('Volume',$,IFCVOLUMEMEASURE(0.001948928),$);
#2744= IFCPROPERTYSET('1jsXmNBI94JPZtrPc6lMGx',#41,'Autre',$,(#245,#246,#247,#248,#250,#1994));
#2746= IFCRELDEFINESBYPROPERTIES('1ZExVl1s59lx3lZyxL9cTl',#41,$,$,(#2728),#2744);
#2749= IFCPROPERTYSET('3SWCa1Nkb6shp6F2kX2trW',#41,'Contraintes',$,(#233,#234,#2740));
#2751= IFCRELDEFINESBYPROPERTIES('3SWCa1Nkb6shp6FIkX2trW',#41,$,$,(#2728),#2749);
#2754= IFCPROPERTYSET('3SWCa1Nkb6shp6F3sX2trW',#41,'Cotes',$,(#2742,#2743));
#2756= IFCRELDEFINESBYPROPERTIES('3SWCa1Nkb6shp6FJsX2trW',#41,$,$,(#2728),#2754);
#2759= IFCPROPERTYSET('3SWCa1Nkb6shp6F3cX2trW',#41,'Mat\X2\00E9\X0\riaux et finitions',$,(#240));
#2761= IFCRELDEFINESBYPROPERTIES('3SWCa1Nkb6shp6FJcX2trW',#41,$,$,(#2728),#2759);
#2764= IFCPROPERTYSET('3SWCa1Nkb6shp6F32X2trW',#41,'Phase de construction',$,(#235));
#2766= IFCRELDEFINESBYPROPERTIES('3SWCa1Nkb6shp6FJ2X2trW',#41,$,$,(#2728),#2764);
#2769= IFCPROPERTYSET('3SWCa1Nkb6shp6F5EX2trW',#41,'Position g\X2\00E9\X0\om\X2\00E9\X0\trique',$,(#222,#223,#224,#225,#226,#228,#229,#581,#2738,#2739));
#2771= IFCRELDEFINESBYPROPERTIES('3SWCa1Nkb6shp6FLEX2trW',#41,$,$,(#2728),#2769);
#2774= IFCPROPERTYSET('3SWCa1Nkb6shp6F3AX2trW',#41,'Structure',$,(#236,#586,#2741));
#2776= IFCRELDEFINESBYPROPERTIES('3SWCa1Nkb6shp6FJAX2trW',#41,$,$,(#2728),#2774);
#2780= IFCAXIS2PLACEMENT3D(#6,$,$);
#6533= IFCRELDEFINESBYPROPERTIES('2lAs6BlUzB3fYOA$9$YN8I',#41,$,$,(#5094,#5204,#5288,#5371,#5455,#5539,#5622),#5171);
#2782= IFCCARTESIANPOINT((-19.3333333333345,-19.3333333333331));
#2784= IFCCARTESIANPOINT((30.6666666666689,-19.3333333333331));
#2786= IFCCARTESIANPOINT((30.6666666666689,-11.3333333333338));
#2788= IFCCARTESIANPOINT((-11.3333333333344,-11.3333333333338));
#2790= IFCCARTESIANPOINT((-11.3333333333344,30.6666666666669));
#2792= IFCCARTESIANPOINT((-19.3333333333345,30.6666666666669));
#2794= IFCPOLYLINE((#2782,#2784,#2786,#2788,#2790,#2792,#2782));
#2796= IFCARBITRARYCLOSEDPROFILEDEF(.AREA.,'CAE50x8',#2794);
#2797= IFCCARTESIANPOINT((-1162.,-4.13333333333473,-4.13333333333857));
#2799= IFCAXIS2PLACEMENT3D(#2797,#11,#17);
#2800= IFCEXTRUDEDAREASOLID(#2796,#2799,#19,2395.);
#2801= IFCSTYLEDITEM(#2800,(#155),$);
#2804= IFCSHAPEREPRESENTATION(#88,'Body','SweptSolid',(#2800));
#2806= IFCCARTESIANPOINT((-1162.,7.2));
#2808= IFCCARTESIANPOINT((1233.,7.2));
#2810= IFCPOLYLINE((#2806,#2808));
#2812= IFCGEOMETRICSET((#2810));
#2814= IFCSHAPEREPRESENTATION(#92,'FootPrint','GeometricSet',(#2812));
#2816= IFCAXIS2PLACEMENT3D(#6,$,$);
#2817= IFCREPRESENTATIONMAP(#2816,#2804);
#2818= IFCREPRESENTATIONMAP(#2816,#2814);
#2819= IFCMEMBERTYPE('3SWCa1Nkb6shp6EZ_X2snG',#41,'CAE50x8',$,$,(#302,#304,#306,#308),(#2817,#2818),'2377','CAE50x8',.BRACE.);
#2821= IFCMAPPEDITEM(#2817,#556);
#2823= IFCSHAPEREPRESENTATION(#88,'Body','MappedRepresentation',(#2821));
#2825= IFCMAPPEDITEM(#2818,#556);
#2827= IFCSHAPEREPRESENTATION(#92,'FootPrint','MappedRepresentation',(#2825));
#2829= IFCPRODUCTDEFINITIONSHAPE($,$,(#2823,#2827));
#2831= IFCCARTESIANPOINT((15106.2658207535,-870.961489299132,1520.));
#2833= IFCDIRECTION((-0.387182091013077,0.387182091013071,-0.83676762413318));
#2835= IFCDIRECTION((0.59168406130193,-0.591684061301926,-0.547558164218663));
#2837= IFCAXIS2PLACEMENT3D(#2831,#2833,#2835);
#2838= IFCLOCALPLACEMENT(#5863,#5931);
#2839= IFCMEMBER('3SWCa1Nkb6shp6EZ_X2trk',#41,'L-Corni\X2\00E8\X0\res:CAE50x8:2377',$,'CAE50x8',#2838,#2829,'2377');
#2842= IFCPROPERTYSINGLEVALUE('Span',$,IFCPOSITIVELENGTHMEASURE(2630.),$);
#2843= IFCPROPERTYSET('3SWCa1Nkb6shp6CScX2trk',#41,'Pset_MemberCommon',$,(#206,#207,#208,#210,#2842));
#2845= IFCRELDEFINESBYPROPERTIES('2q8Mi8wA51ix9Nkwe2hhDZ',#41,$,$,(#2839),#2843);
#2849= IFCPROPERTYSINGLEVALUE('R\X2\00E9\X0\duction du joint de d\X2\00E9\X0\but',$,IFCLENGTHMEASURE(12.7),$);
#2850= IFCPROPERTYSINGLEVALUE('R\X2\00E9\X0\duction du joint d''extr\X2\00E9\X0\mit\X2\00E9\X0\',$,IFCLENGTHMEASURE(12.7),$);
#2851= IFCPROPERTYSINGLEVALUE('El\X2\00E9\X0\vation du niveau de r\X2\00E9\X0\f\X2\00E9\X0\rence',$,IFCLENGTHMEASURE(8850.),$);
#2852= IFCPROPERTYSINGLEVALUE('Longueur de coupe',$,IFCLENGTHMEASURE(2395.),$);
#2853= IFCPROPERTYSINGLEVALUE('Longueur',$,IFCLENGTHMEASURE(2630.),$);
#2854= IFCPROPERTYSINGLEVALUE('Volume',$,IFCVOLUMEMEASURE(0.00176272),$);
#2855= IFCPROPERTYSET('1bPppDFn98aBsjrWE67QIl',#41,'Autre',$,(#245,#246,#247,#248,#250,#1994));
#2857= IFCRELDEFINESBYPROPERTIES('1RRdpCCQ95Yuf1k3Zs4lH0',#41,$,$,(#2839),#2855);
#2860= IFCPROPERTYSET('3SWCa1Nkb6shp6F2kX2trk',#41,'Contraintes',$,(#233,#234,#2851));
#2862= IFCRELDEFINESBYPROPERTIES('3SWCa1Nkb6shp6FIkX2trk',#41,$,$,(#2839),#2860);
#2865= IFCPROPERTYSET('3SWCa1Nkb6shp6F3sX2trk',#41,'Cotes',$,(#2853,#2854));
#2867= IFCRELDEFINESBYPROPERTIES('3SWCa1Nkb6shp6FJsX2trk',#41,$,$,(#2839),#2865);
#2870= IFCPROPERTYSET('3SWCa1Nkb6shp6F3cX2trk',#41,'Mat\X2\00E9\X0\riaux et finitions',$,(#240));
#2872= IFCRELDEFINESBYPROPERTIES('3SWCa1Nkb6shp6FJcX2trk',#41,$,$,(#2839),#2870);
#2875= IFCPROPERTYSET('3SWCa1Nkb6shp6F32X2trk',#41,'Phase de construction',$,(#235));
#2877= IFCRELDEFINESBYPROPERTIES('3SWCa1Nkb6shp6FJ2X2trk',#41,$,$,(#2839),#2875);
#2880= IFCPROPERTYSET('3SWCa1Nkb6shp6F5EX2trk',#41,'Position g\X2\00E9\X0\om\X2\00E9\X0\trique',$,(#222,#223,#224,#225,#226,#228,#229,#581,#2849,#2850));
#2882= IFCRELDEFINESBYPROPERTIES('3SWCa1Nkb6shp6FLEX2trk',#41,$,$,(#2839),#2880);
#2885= IFCPROPERTYSET('3SWCa1Nkb6shp6F3AX2trk',#41,'Structure',$,(#236,#586,#2852));
#2887= IFCRELDEFINESBYPROPERTIES('3SWCa1Nkb6shp6FJAX2trk',#41,$,$,(#2839),#2885);
#2891= IFCAXIS2PLACEMENT3D(#6,$,$);
#6530= IFCRELDEFINESBYTYPE('23gc2Oozf05BhwYaqTb2NT',#41,$,$,(#3355),#3337);
#2893= IFCCARTESIANPOINT((-19.3333333333345,-19.3333333333331));
#2895= IFCCARTESIANPOINT((30.6666666666689,-19.3333333333331));
#2897= IFCCARTESIANPOINT((30.6666666666689,-11.3333333333338));
#2899= IFCCARTESIANPOINT((-11.3333333333344,-11.3333333333338));
#2901= IFCCARTESIANPOINT((-11.3333333333344,30.6666666666669));
#2903= IFCCARTESIANPOINT((-19.3333333333345,30.6666666666669));
#2905= IFCPOLYLINE((#2893,#2895,#2897,#2899,#2901,#2903,#2893));
#2907= IFCARBITRARYCLOSEDPROFILEDEF(.AREA.,'CAE50x8',#2905);
#2908= IFCCARTESIANPOINT((-1011.5,-4.13333333333473,-4.13333333333857));
#2910= IFCAXIS2PLACEMENT3D(#2908,#11,#17);
#2911= IFCEXTRUDEDAREASOLID(#2907,#2910,#19,2136.);
#2912= IFCSTYLEDITEM(#2911,(#155),$);
#2915= IFCSHAPEREPRESENTATION(#88,'Body','SweptSolid',(#2911));
#2917= IFCCARTESIANPOINT((-1011.5,7.2));
#2919= IFCCARTESIANPOINT((1124.5,7.2));
#2921= IFCPOLYLINE((#2917,#2919));
#2923= IFCGEOMETRICSET((#2921));
#2925= IFCSHAPEREPRESENTATION(#92,'FootPrint','GeometricSet',(#2923));
#2927= IFCAXIS2PLACEMENT3D(#6,$,$);
#2928= IFCREPRESENTATIONMAP(#2927,#2915);
#2929= IFCREPRESENTATIONMAP(#2927,#2925);
#2930= IFCMEMBERTYPE('3SWCa1Nkb6shp6EZ_X2snV',#41,'CAE50x8',$,$,(#302,#304,#306,#308),(#2928,#2929),'2379','CAE50x8',.BRACE.);
#2932= IFCMAPPEDITEM(#2928,#556);
#2934= IFCSHAPEREPRESENTATION(#88,'Body','MappedRepresentation',(#2932));
#2936= IFCMAPPEDITEM(#2929,#556);
#2938= IFCSHAPEREPRESENTATION(#92,'FootPrint','MappedRepresentation',(#2936));
#2940= IFCPRODUCTDEFINITIONSHAPE($,$,(#2934,#2938));
#2942= IFCCARTESIANPOINT((16662.310646586,-2427.0063151316,1340.));
#2944= IFCDIRECTION((-0.311536851436301,0.311536851436297,-0.89771352913628));
#2946= IFCDIRECTION((0.634779324015174,-0.634779324015168,-0.440579640480226));
#2948= IFCAXIS2PLACEMENT3D(#2942,#2944,#2946);
#2949= IFCLOCALPLACEMENT(#5863,#5938);
#2950= IFCMEMBER('3SWCa1Nkb6shp6EZ_X2tri',#41,'L-Corni\X2\00E8\X0\res:CAE50x8:2379',$,'CAE50x8',#2949,#2940,'2379');
#2953= IFCPROPERTYSINGLEVALUE('Span',$,IFCPOSITIVELENGTHMEASURE(2451.),$);
#2954= IFCPROPERTYSET('3SWCa1Nkb6shp6CScX2tri',#41,'Pset_MemberCommon',$,(#206,#207,#208,#210,#2953));
#2956= IFCRELDEFINESBYPROPERTIES('2pw6_z7s98Sx_LEt30wvgD',#41,$,$,(#2950),#2954);
#2960= IFCPROPERTYSINGLEVALUE('R\X2\00E9\X0\duction du joint de d\X2\00E9\X0\but',$,IFCLENGTHMEASURE(12.7),$);
#2961= IFCPROPERTYSINGLEVALUE('R\X2\00E9\X0\duction du joint d''extr\X2\00E9\X0\mit\X2\00E9\X0\',$,IFCLENGTHMEASURE(12.7),$);
#2962= IFCPROPERTYSINGLEVALUE('El\X2\00E9\X0\vation du niveau de r\X2\00E9\X0\f\X2\00E9\X0\rence',$,IFCLENGTHMEASURE(8850.),$);
#2963= IFCPROPERTYSINGLEVALUE('Longueur de coupe',$,IFCLENGTHMEASURE(2136.),$);
#2964= IFCPROPERTYSINGLEVALUE('Longueur',$,IFCLENGTHMEASURE(2451.),$);
#2965= IFCPROPERTYSINGLEVALUE('Volume',$,IFCVOLUMEMEASURE(0.001572096),$);
#2966= IFCPROPERTYSET('0DNIBn8C1DlAkcORIFt7ZH',#41,'Autre',$,(#245,#246,#247,#248,#250,#1994));
#2968= IFCRELDEFINESBYPROPERTIES('2hLgHJWHjEHxHWWnQQIZqe',#41,$,$,(#2950),#2966);
#2971= IFCPROPERTYSET('3SWCa1Nkb6shp6F2kX2tri',#41,'Contraintes',$,(#233,#234,#2962));
#2973= IFCRELDEFINESBYPROPERTIES('3SWCa1Nkb6shp6FIkX2tri',#41,$,$,(#2950),#2971);
#2976= IFCPROPERTYSET('3SWCa1Nkb6shp6F3sX2tri',#41,'Cotes',$,(#2964,#2965));
#2978= IFCRELDEFINESBYPROPERTIES('3SWCa1Nkb6shp6FJsX2tri',#41,$,$,(#2950),#2976);
#2981= IFCPROPERTYSET('3SWCa1Nkb6shp6F3cX2tri',#41,'Mat\X2\00E9\X0\riaux et finitions',$,(#240));
#2983= IFCRELDEFINESBYPROPERTIES('3SWCa1Nkb6shp6FJcX2tri',#41,$,$,(#2950),#2981);
#2986= IFCPROPERTYSET('3SWCa1Nkb6shp6F32X2tri',#41,'Phase de construction',$,(#235));
#2988= IFCRELDEFINESBYPROPERTIES('3SWCa1Nkb6shp6FJ2X2tri',#41,$,$,(#2950),#2986);
#2991= IFCPROPERTYSET('3SWCa1Nkb6shp6F5EX2tri',#41,'Position g\X2\00E9\X0\om\X2\00E9\X0\trique',$,(#222,#223,#224,#225,#226,#228,#229,#581,#2960,#2961));
#2993= IFCRELDEFINESBYPROPERTIES('3SWCa1Nkb6shp6FLEX2tri',#41,$,$,(#2950),#2991);
#2996= IFCPROPERTYSET('3SWCa1Nkb6shp6F3AX2tri',#41,'Structure',$,(#236,#586,#2963));
#2998= IFCRELDEFINESBYPROPERTIES('3SWCa1Nkb6shp6FJAX2tri',#41,$,$,(#2950),#2996);
#3002= IFCAXIS2PLACEMENT3D(#6,$,$);
#6527= IFCRELDEFINESBYTYPE('1KET2vRVr0BfBZnh7VKuVO',#41,$,$,(#3061,#3884),#3041);
#3004= IFCCARTESIANPOINT((-19.3333333333345,-19.3333333333331));
#3006= IFCCARTESIANPOINT((30.6666666666689,-19.3333333333331));
#3008= IFCCARTESIANPOINT((30.6666666666689,-11.3333333333338));
#3010= IFCCARTESIANPOINT((-11.3333333333344,-11.3333333333338));
#3012= IFCCARTESIANPOINT((-11.3333333333344,30.6666666666669));
#3014= IFCCARTESIANPOINT((-19.3333333333345,30.6666666666669));
#3016= IFCPOLYLINE((#3004,#3006,#3008,#3010,#3012,#3014,#3004));
#3018= IFCARBITRARYCLOSEDPROFILEDEF(.AREA.,'CAE50x8',#3016);
#3019= IFCCARTESIANPOINT((-757.5,-4.13333333333473,-4.13333333333857));
#3021= IFCAXIS2PLACEMENT3D(#3019,#11,#17);
#3022= IFCEXTRUDEDAREASOLID(#3018,#3021,#19,1775.);
#3023= IFCSTYLEDITEM(#3022,(#155),$);
#3026= IFCSHAPEREPRESENTATION(#88,'Body','SweptSolid',(#3022));
#3028= IFCCARTESIANPOINT((-757.5,7.2));
#3030= IFCCARTESIANPOINT((1017.5,7.2));
#3032= IFCPOLYLINE((#3028,#3030));
#3034= IFCGEOMETRICSET((#3032));
#3036= IFCSHAPEREPRESENTATION(#92,'FootPrint','GeometricSet',(#3034));
#3038= IFCAXIS2PLACEMENT3D(#6,$,$);
#3039= IFCREPRESENTATIONMAP(#3038,#3026);
#3040= IFCREPRESENTATIONMAP(#3038,#3036);
#3041= IFCMEMBERTYPE('3SWCa1Nkb6shp6EZ_X2snU',#41,'CAE50x8',$,$,(#302,#304,#306,#308),(#3039,#3040),'2381','CAE50x8',.BRACE.);
#3043= IFCMAPPEDITEM(#3039,#556);
#3045= IFCSHAPEREPRESENTATION(#88,'Body','MappedRepresentation',(#3043));
#3047= IFCMAPPEDITEM(#3040,#556);
#3049= IFCSHAPEREPRESENTATION(#92,'FootPrint','MappedRepresentation',(#3047));
#3051= IFCPRODUCTDEFINITIONSHAPE($,$,(#3045,#3049));
#3053= IFCCARTESIANPOINT((18218.3554724184,-3983.05114096406,1160.));
#3055= IFCDIRECTION((-0.219885494073601,0.219885494073597,-0.950421348135667));
#3057= IFCDIRECTION((0.672049380251193,-0.672049380251188,-0.310965047887993));
#3059= IFCAXIS2PLACEMENT3D(#3053,#3055,#3057);
#3060= IFCLOCALPLACEMENT(#5863,#5945);
#3061= IFCMEMBER('3SWCa1Nkb6shp6EZ_X2trg',#41,'L-Corni\X2\00E8\X0\res:CAE50x8:2381',$,'CAE50x8',#3060,#3051,'2381');
#3064= IFCPROPERTYSINGLEVALUE('Span',$,IFCPOSITIVELENGTHMEASURE(2315.),$);
#3065= IFCPROPERTYSET('3SWCa1Nkb6shp6CScX2trg',#41,'Pset_MemberCommon',$,(#206,#207,#208,#210,#3064));
#3067= IFCRELDEFINESBYPROPERTIES('2zVX1elFTBPeXtcdTQokAz',#41,$,$,(#3061),#3065);
#3071= IFCPROPERTYSINGLEVALUE('R\X2\00E9\X0\duction du joint de d\X2\00E9\X0\but',$,IFCLENGTHMEASURE(12.7),$);
#3072= IFCPROPERTYSINGLEVALUE('R\X2\00E9\X0\duction du joint d''extr\X2\00E9\X0\mit\X2\00E9\X0\',$,IFCLENGTHMEASURE(12.7),$);
#3073= IFCPROPERTYSINGLEVALUE('El\X2\00E9\X0\vation du niveau de r\X2\00E9\X0\f\X2\00E9\X0\rence',$,IFCLENGTHMEASURE(8850.),$);
#3074= IFCPROPERTYSINGLEVALUE('Longueur de coupe',$,IFCLENGTHMEASURE(1775.),$);
#3075= IFCPROPERTYSINGLEVALUE('Longueur',$,IFCLENGTHMEASURE(2315.),$);
#3076= IFCPROPERTYSINGLEVALUE('Volume',$,IFCVOLUMEMEASURE(0.0013064),$);
#3077= IFCPROPERTYSET('1bvq6Bhkj8Ov__OCwoWS4U',#41,'Autre',$,(#245,#246,#247,#248,#250,#1994));
#3079= IFCRELDEFINESBYPROPERTIES('0iEclWuzvDbw9wjFhiBlCx',#41,$,$,(#3061),#3077);
#3082= IFCPROPERTYSET('3SWCa1Nkb6shp6F2kX2trg',#41,'Contraintes',$,(#233,#234,#3073));
#3084= IFCRELDEFINESBYPROPERTIES('3SWCa1Nkb6shp6FIkX2trg',#41,$,$,(#3061),#3082);
#3087= IFCPROPERTYSET('3SWCa1Nkb6shp6F3sX2trg',#41,'Cotes',$,(#3075,#3076));
#3089= IFCRELDEFINESBYPROPERTIES('3SWCa1Nkb6shp6FJsX2trg',#41,$,$,(#3061),#3087);
#3092= IFCPROPERTYSET('3SWCa1Nkb6shp6F3cX2trg',#41,'Mat\X2\00E9\X0\riaux et finitions',$,(#240));
#3094= IFCRELDEFINESBYPROPERTIES('3SWCa1Nkb6shp6FJcX2trg',#41,$,$,(#3061),#3092);
#3097= IFCPROPERTYSET('3SWCa1Nkb6shp6F32X2trg',#41,'Phase de construction',$,(#235));
#3099= IFCRELDEFINESBYPROPERTIES('3SWCa1Nkb6shp6FJ2X2trg',#41,$,$,(#3061),#3097);
#3102= IFCPROPERTYSET('3SWCa1Nkb6shp6F5EX2trg',#41,'Position g\X2\00E9\X0\om\X2\00E9\X0\trique',$,(#222,#223,#224,#225,#226,#228,#229,#581,#3071,#3072));
#3104= IFCRELDEFINESBYPROPERTIES('3SWCa1Nkb6shp6FLEX2trg',#41,$,$,(#3061),#3102);
#3107= IFCPROPERTYSET('3SWCa1Nkb6shp6F3AX2trg',#41,'Structure',$,(#236,#586,#3074));
#3109= IFCRELDEFINESBYPROPERTIES('3SWCa1Nkb6shp6FJAX2trg',#41,$,$,(#3061),#3107);
#3113= IFCCARTESIANPOINT((12842.8260247601,1463.10574944956,800.));
#3115= IFCDIRECTION((-0.707106781186544,-0.707106781186551,0.));
#3117= IFCAXIS2PLACEMENT3D(#3113,#19,#3115);
#3118= IFCLOCALPLACEMENT(#6002,#6023);
#3119= IFCCARTESIANPOINT((-19.333333333334,-30.666666666668));
#3121= IFCCARTESIANPOINT((-11.3333333333347,-30.666666666668));
#3123= IFCCARTESIANPOINT((-11.3333333333337,11.3333333333361));
#3125= IFCCARTESIANPOINT((30.6666666666665,11.333333333334));
#3127= IFCCARTESIANPOINT((30.6666666666667,19.3333333333345));
#3129= IFCCARTESIANPOINT((-19.3333333333328,19.3333333333367));
#3131= IFCPOLYLINE((#3119,#3121,#3123,#3125,#3127,#3129,#3119));
#3133= IFCARBITRARYCLOSEDPROFILEDEF(.AREA.,'CAE50x8',#3131);
#3134= IFCCARTESIANPOINT((108.449240881898,-4.13333333333524,5.6666666666643));
#3136= IFCAXIS2PLACEMENT3D(#3134,#11,#21);
#3137= IFCEXTRUDEDAREASOLID(#3133,#3136,#19,10897.);
#3138= IFCSTYLEDITEM(#3137,(#155),$);
#3141= IFCSHAPEREPRESENTATION(#88,'Body','SweptSolid',(#3137));
#3143= IFCCARTESIANPOINT((11002.8984817638,0.));
#3145= IFCPOLYLINE((#9,#3143));
#3147= IFCSHAPEREPRESENTATION(#86,'Axis','Curve2D',(#3145));
#3149= IFCPRODUCTDEFINITIONSHAPE($,$,(#3147,#3141));
#3151= IFCBEAM('3SWCa1Nkb6shp6EZ_X2trs',#41,'L-Corni\X2\00E8\X0\res:CAE50x8:2385',$,'L-Corni\X2\00E8\X0\res:CAE50x8:2714',#3118,#3149,'2385');
#3154= IFCPROPERTYSINGLEVALUE('Span',$,IFCPOSITIVELENGTHMEASURE(11002.),$);
#3155= IFCPROPERTYSET('3SWCa1Nkb6shp6CTQX2trs',#41,'Pset_BeamCommon',$,(#206,#207,#208,#210,#3154));
#3157= IFCRELDEFINESBYPROPERTIES('1qchbgT1v2VP9zXJ53luw6',#41,$,$,(#3151),#3155);
#3161= IFCPROPERTYSINGLEVALUE('R\X2\00E9\X0\duction du joint de d\X2\00E9\X0\but',$,IFCLENGTHMEASURE(12.7),$);
#3162= IFCPROPERTYSINGLEVALUE('D\X2\00E9\X0\calage du niveau d''arriv\X2\00E9\X0\e',$,IFCLENGTHMEASURE(800.),$);
#3163= IFCPROPERTYSINGLEVALUE('D\X2\00E9\X0\calage du niveau de d\X2\00E9\X0\part',$,IFCLENGTHMEASURE(800.),$);
#3164= IFCPROPERTYSINGLEVALUE('El\X2\00E9\X0\vation du niveau de r\X2\00E9\X0\f\X2\00E9\X0\rence',$,IFCLENGTHMEASURE(8850.),$);
#3165= IFCPROPERTYSINGLEVALUE('Longueur de coupe',$,IFCLENGTHMEASURE(10897.),$);
#3166= IFCPROPERTYSINGLEVALUE('El\X2\00E9\X0\vation \X2\00E0\X0\ la base',$,IFCLENGTHMEASURE(9625.),$);
#3167= IFCPROPERTYSINGLEVALUE('El\X2\00E9\X0\vation en haut',$,IFCLENGTHMEASURE(9675.),$);
#3168= IFCPROPERTYSINGLEVALUE('Longueur',$,IFCLENGTHMEASURE(11002.),$);
#3169= IFCPROPERTYSINGLEVALUE('Volume',$,IFCVOLUMEMEASURE(0.008020192),$);
#3170= IFCPROPERTYSET('04xb8pymH3ZO7bmYQFBz$N',#41,'Autre',$,(#245,#246,#247,#248,#250,#1994));
#3172= IFCRELDEFINESBYPROPERTIES('2fvuDuz454$xWSVJmId09x',#41,$,$,(#3151),#3170);
#3175= IFCPROPERTYSET('3SWCa1Nkb6shp6F2kX2trs',#41,'Contraintes',$,(#233,#234,#3162,#3163,#3164));
#3177= IFCRELDEFINESBYPROPERTIES('3SWCa1Nkb6shp6FIkX2trs',#41,$,$,(#3151),#3175);
#3180= IFCPROPERTYSET('3SWCa1Nkb6shp6F3sX2trs',#41,'Cotes',$,(#3166,#3167,#3168,#3169));
#3182= IFCRELDEFINESBYPROPERTIES('3SWCa1Nkb6shp6FJsX2trs',#41,$,$,(#3151),#3180);
#3185= IFCPROPERTYSET('3SWCa1Nkb6shp6F3cX2trs',#41,'Mat\X2\00E9\X0\riaux et finitions',$,(#240));
#3187= IFCRELDEFINESBYPROPERTIES('3SWCa1Nkb6shp6FJcX2trs',#41,$,$,(#3151),#3185);
#3190= IFCPROPERTYSET('3SWCa1Nkb6shp6F32X2trs',#41,'Phase de construction',$,(#235));
#3192= IFCRELDEFINESBYPROPERTIES('3SWCa1Nkb6shp6FJ2X2trs',#41,$,$,(#3151),#3190);
#3195= IFCPROPERTYSET('3SWCa1Nkb6shp6F5EX2trs',#41,'Position g\X2\00E9\X0\om\X2\00E9\X0\trique',$,(#222,#223,#224,#225,#226,#227,#228,#229,#3161));
#3197= IFCRELDEFINESBYPROPERTIES('3SWCa1Nkb6shp6FLEX2trs',#41,$,$,(#3151),#3195);
#3200= IFCPROPERTYSET('3SWCa1Nkb6shp6F3AX2trs',#41,'Structure',$,(#236,#237,#239,#3165));
#3202= IFCRELDEFINESBYPROPERTIES('3SWCa1Nkb6shp6FJAX2trs',#41,$,$,(#3151),#3200);
#3205= IFCCARTESIANPOINT((12842.8260247601,1463.10574944956,2600.));
#3207= IFCDIRECTION((-0.114160364898381,-0.114160364898383,0.986881361751521));
#3209= IFCDIRECTION((-0.697830503121111,-0.697830503121119,-0.161447136324753));
#3211= IFCAXIS2PLACEMENT3D(#3205,#3207,#3209);
#3212= IFCLOCALPLACEMENT(#6002,#6031);
#3213= IFCCARTESIANPOINT((-19.3333333333269,-30.666666666672));
#3215= IFCCARTESIANPOINT((-11.3333333333296,-30.666666666672));
#3217= IFCCARTESIANPOINT((-11.3333333333354,11.333333333332));
#3219= IFCCARTESIANPOINT((30.666666666664,11.3333333333419));
#3221= IFCCARTESIANPOINT((30.6666666666624,19.3333333333394));
#3223= IFCCARTESIANPOINT((-19.3333333333365,19.3333333333327));
#3225= IFCPOLYLINE((#3213,#3215,#3217,#3219,#3221,#3223,#3213));
#3227= IFCARBITRARYCLOSEDPROFILEDEF(.AREA.,'CAE50x8',#3225);
#3228= IFCCARTESIANPOINT((0.0801411406761616,-4.13333333333483,5.66666666666321));
#3230= IFCAXIS2PLACEMENT3D(#3228,#11,#21);
#3231= IFCEXTRUDEDAREASOLID(#3227,#3230,#19,10828.);
#3232= IFCSTYLEDITEM(#3231,(#155),$);
#3235= IFCSHAPEREPRESENTATION(#88,'Body','SweptSolid',(#3231));
#3237= IFCCARTESIANPOINT((11149.1602822814,-0.));
#3239= IFCPOLYLINE((#9,#3237));
#3241= IFCSHAPEREPRESENTATION(#86,'Axis','Curve2D',(#3239));
#3243= IFCPRODUCTDEFINITIONSHAPE($,$,(#3241,#3235));
#3245= IFCBEAM('3SWCa1Nkb6shp6EZ_X2trq',#41,'L-Corni\X2\00E8\X0\res:CAE50x8:2387',$,'L-Corni\X2\00E8\X0\res:CAE50x8:2714',#3212,#3243,'2387');
#3248= IFCPROPERTYSINGLEVALUE('Span',$,IFCPOSITIVELENGTHMEASURE(11149.),$);
#3249= IFCPROPERTYSINGLEVALUE('Slope',$,IFCPLANEANGLEMEASURE(9.17123339374016),$);
#3250= IFCPROPERTYSET('3SWCa1Nkb6shp6CTQX2trq',#41,'Pset_BeamCommon',$,(#206,#207,#208,#3248,#3249));
#3252= IFCRELDEFINESBYPROPERTIES('2nc5q619PA_QnQN$oMMm2N',#41,$,$,(#3245),#3250);
#3256= IFCPROPERTYSINGLEVALUE('R\X2\00E9\X0\duction du joint d''extr\X2\00E9\X0\mit\X2\00E9\X0\',$,IFCLENGTHMEASURE(12.7),$);
#3257= IFCPROPERTYSINGLEVALUE('D\X2\00E9\X0\calage du niveau d''arriv\X2\00E9\X0\e',$,IFCLENGTHMEASURE(800.000000000001),$);
#3258= IFCPROPERTYSINGLEVALUE('D\X2\00E9\X0\calage du niveau de d\X2\00E9\X0\part',$,IFCLENGTHMEASURE(2600.),$);
#3259= IFCPROPERTYSINGLEVALUE('El\X2\00E9\X0\vation du niveau de r\X2\00E9\X0\f\X2\00E9\X0\rence',$,IFCLENGTHMEASURE(8850.),$);
#3260= IFCPROPERTYSINGLEVALUE('Longueur de coupe',$,IFCLENGTHMEASURE(10828.),$);
#3261= IFCPROPERTYSINGLEVALUE('Longueur',$,IFCLENGTHMEASURE(11149.),$);
#3262= IFCPROPERTYSINGLEVALUE('Volume',$,IFCVOLUMEMEASURE(0.007969408),$);
#3263= IFCPROPERTYSET('2qG_PH0C905AYd5$1SIzSI',#41,'Autre',$,(#245,#246,#247,#248,#250,#1994));
#3265= IFCRELDEFINESBYPROPERTIES('1LmgjQ$LT9pgwoaaK$NUv2',#41,$,$,(#3245),#3263);
#3268= IFCPROPERTYSET('3SWCa1Nkb6shp6F2kX2trq',#41,'Contraintes',$,(#233,#234,#3257,#3258,#3259));
#3270= IFCRELDEFINESBYPROPERTIES('3SWCa1Nkb6shp6FIkX2trq',#41,$,$,(#3245),#3268);
#3273= IFCPROPERTYSET('3SWCa1Nkb6shp6F3sX2trq',#41,'Cotes',$,(#3261,#3262));
#3275= IFCRELDEFINESBYPROPERTIES('3SWCa1Nkb6shp6FJsX2trq',#41,$,$,(#3245),#3273);
#3278= IFCPROPERTYSET('3SWCa1Nkb6shp6F3cX2trq',#41,'Mat\X2\00E9\X0\riaux et finitions',$,(#240));
#3280= IFCRELDEFINESBYPROPERTIES('3SWCa1Nkb6shp6FJcX2trq',#41,$,$,(#3245),#3278);
#3283= IFCPROPERTYSET('3SWCa1Nkb6shp6F32X2trq',#41,'Phase de construction',$,(#235));
#3285= IFCRELDEFINESBYPROPERTIES('3SWCa1Nkb6shp6FJ2X2trq',#41,$,$,(#3245),#3283);
#3288= IFCPROPERTYSET('3SWCa1Nkb6shp6F5EX2trq',#41,'Position g\X2\00E9\X0\om\X2\00E9\X0\trique',$,(#222,#223,#224,#225,#226,#227,#228,#229,#3256));
#3290= IFCRELDEFINESBYPROPERTIES('3SWCa1Nkb6shp6FLEX2trq',#41,$,$,(#3245),#3288);
#3293= IFCPROPERTYSET('3SWCa1Nkb6shp6F3AX2trq',#41,'Structure',$,(#236,#237,#239,#3260));
#3295= IFCRELDEFINESBYPROPERTIES('3SWCa1Nkb6shp6FJAX2trq',#41,$,$,(#3245),#3293);
#3298= IFCAXIS2PLACEMENT3D(#6,$,$);
#6524= IFCRELDEFINESBYTYPE('2Zw97kebzAcA5oXs_0NdFt',#41,$,$,(#2950,#3817),#2930);
#3300= IFCCARTESIANPOINT((-19.3333333333345,-19.3333333333331));
#3302= IFCCARTESIANPOINT((30.6666666666689,-19.3333333333331));
#3304= IFCCARTESIANPOINT((30.6666666666689,-11.3333333333338));
#3306= IFCCARTESIANPOINT((-11.3333333333344,-11.3333333333338));
#3308= IFCCARTESIANPOINT((-11.3333333333344,30.6666666666669));
#3310= IFCCARTESIANPOINT((-19.3333333333345,30.6666666666669));
#3312= IFCPOLYLINE((#3300,#3302,#3304,#3306,#3308,#3310,#3300));
#3314= IFCARBITRARYCLOSEDPROFILEDEF(.AREA.,'CAE50x8',#3312);
#3315= IFCCARTESIANPOINT((-862.,-4.13333333333473,-4.13333333333857));
#3317= IFCAXIS2PLACEMENT3D(#3315,#11,#17);
#3318= IFCEXTRUDEDAREASOLID(#3314,#3317,#19,1721.);
#3319= IFCSTYLEDITEM(#3318,(#155),$);
#3322= IFCSHAPEREPRESENTATION(#88,'Body','SweptSolid',(#3318));
#3324= IFCCARTESIANPOINT((-862.,7.2));
#3326= IFCCARTESIANPOINT((859.,7.2));
#3328= IFCPOLYLINE((#3324,#3326));
#3330= IFCGEOMETRICSET((#3328));
#3332= IFCSHAPEREPRESENTATION(#92,'FootPrint','GeometricSet',(#3330));
#3334= IFCAXIS2PLACEMENT3D(#6,$,$);
#3335= IFCREPRESENTATIONMAP(#3334,#3322);
#3336= IFCREPRESENTATIONMAP(#3334,#3332);
#3337= IFCMEMBERTYPE('3SWCa1Nkb6shp6EZ_X2snR',#41,'CAE50x8',$,$,(#302,#304,#306,#308),(#3335,#3336),'2389','CAE50x8',.BRACE.);
#3339= IFCMAPPEDITEM(#3335,#556);
#3341= IFCSHAPEREPRESENTATION(#88,'Body','MappedRepresentation',(#3339));
#3343= IFCMAPPEDITEM(#3336,#556);
#3345= IFCSHAPEREPRESENTATION(#92,'FootPrint','MappedRepresentation',(#3343));
#3347= IFCPRODUCTDEFINITIONSHAPE($,$,(#3341,#3345));
#3349= IFCCARTESIANPOINT((12842.8260247601,1463.10574944956,1700.));
#3351= IFCDIRECTION((-0.707106781186545,-0.70710678118655,0.));
#3353= IFCAXIS2PLACEMENT3D(#3349,#3351,#19);
#3354= IFCLOCALPLACEMENT(#6002,#6036);
#3355= IFCMEMBER('3SWCa1Nkb6shp6EZ_X2tro',#41,'L-Corni\X2\00E8\X0\res:CAE50x8:2389',$,'CAE50x8',#3354,#3347,'2389');
#3358= IFCPROPERTYSINGLEVALUE('Span',$,IFCPOSITIVELENGTHMEASURE(1800.),$);
#3359= IFCPROPERTYSET('3SWCa1Nkb6shp6CScX2tro',#41,'Pset_MemberCommon',$,(#206,#207,#208,#210,#3358));
#3361= IFCRELDEFINESBYPROPERTIES('0Iu31ek3f2$8PaKNtPL3yI',#41,$,$,(#3355),#3359);
#3365= IFCPROPERTYSINGLEVALUE('R\X2\00E9\X0\duction du joint de d\X2\00E9\X0\but',$,IFCLENGTHMEASURE(12.7),$);
#3366= IFCPROPERTYSINGLEVALUE('R\X2\00E9\X0\duction du joint d''extr\X2\00E9\X0\mit\X2\00E9\X0\',$,IFCLENGTHMEASURE(12.7),$);
#3367= IFCPROPERTYSINGLEVALUE('El\X2\00E9\X0\vation du niveau de r\X2\00E9\X0\f\X2\00E9\X0\rence',$,IFCLENGTHMEASURE(8850.),$);
#3368= IFCPROPERTYSINGLEVALUE('Longueur de coupe',$,IFCLENGTHMEASURE(1721.),$);
#3369= IFCPROPERTYSINGLEVALUE('Longueur',$,IFCLENGTHMEASURE(1800.),$);
#3370= IFCPROPERTYSINGLEVALUE('Volume',$,IFCVOLUMEMEASURE(0.001266656),$);
#3371= IFCPROPERTYSET('1I8m3sduL7FvCykM7dGTYa',#41,'Autre',$,(#245,#246,#247,#248,#250,#1994));
#3373= IFCRELDEFINESBYPROPERTIES('2XJ4z2vePEoQEw7PCeaZ2E',#41,$,$,(#3355),#3371);
#3376= IFCPROPERTYSET('3SWCa1Nkb6shp6F2kX2tro',#41,'Contraintes',$,(#233,#234,#3367));
#3378= IFCRELDEFINESBYPROPERTIES('3SWCa1Nkb6shp6FIkX2tro',#41,$,$,(#3355),#3376);
#3381= IFCPROPERTYSET('3SWCa1Nkb6shp6F3sX2tro',#41,'Cotes',$,(#3369,#3370));
#3383= IFCRELDEFINESBYPROPERTIES('3SWCa1Nkb6shp6FJsX2tro',#41,$,$,(#3355),#3381);
#3386= IFCPROPERTYSET('3SWCa1Nkb6shp6F3cX2tro',#41,'Mat\X2\00E9\X0\riaux et finitions',$,(#240));
#3388= IFCRELDEFINESBYPROPERTIES('3SWCa1Nkb6shp6FJcX2tro',#41,$,$,(#3355),#3386);
#3391= IFCPROPERTYSET('3SWCa1Nkb6shp6F32X2tro',#41,'Phase de construction',$,(#235));
#3393= IFCRELDEFINESBYPROPERTIES('3SWCa1Nkb6shp6FJ2X2tro',#41,$,$,(#3355),#3391);
#3396= IFCPROPERTYSET('3SWCa1Nkb6shp6F5EX2tro',#41,'Position g\X2\00E9\X0\om\X2\00E9\X0\trique',$,(#222,#223,#224,#225,#226,#228,#229,#581,#3365,#3366));
#3398= IFCRELDEFINESBYPROPERTIES('3SWCa1Nkb6shp6FLEX2tro',#41,$,$,(#3355),#3396);
#3401= IFCPROPERTYSET('3SWCa1Nkb6shp6F3AX2tro',#41,'Structure',$,(#236,#586,#3368));
#3403= IFCRELDEFINESBYPROPERTIES('3SWCa1Nkb6shp6FJAX2tro',#41,$,$,(#3355),#3401);
#3407= IFCMAPPEDITEM(#2270,#556);
#3408= IFCSHAPEREPRESENTATION(#88,'Body','MappedRepresentation',(#3407));
#3410= IFCMAPPEDITEM(#2271,#556);
#3411= IFCSHAPEREPRESENTATION(#92,'FootPrint','MappedRepresentation',(#3410));
#3413= IFCPRODUCTDEFINITIONSHAPE($,$,(#3408,#3411));
#3415= IFCCARTESIANPOINT((11286.7811989276,-92.9390763829103,1520.));
#3417= IFCDIRECTION((-0.707106781186545,-0.70710678118655,0.));
#3419= IFCAXIS2PLACEMENT3D(#3415,#3417,#19);
#3420= IFCLOCALPLACEMENT(#6002,#6041);
#3421= IFCMEMBER('3SWCa1Nkb6shp6EZ_X2trm',#41,'L-Corni\X2\00E8\X0\res:CAE50x8:2391',$,'CAE50x8',#3420,#3413,'2391');
#3424= IFCPROPERTYSINGLEVALUE('Span',$,IFCPOSITIVELENGTHMEASURE(1440.),$);
#3425= IFCPROPERTYSET('3SWCa1Nkb6shp6CScX2trm',#41,'Pset_MemberCommon',$,(#206,#207,#208,#3424));
#3427= IFCRELDEFINESBYPROPERTIES('33Nlhc77z9sOd$v6iGSQwN',#41,$,$,(#3421),#3425);
#3431= IFCPROPERTYSINGLEVALUE('R\X2\00E9\X0\duction du joint de d\X2\00E9\X0\but',$,IFCLENGTHMEASURE(12.7),$);
#3432= IFCPROPERTYSINGLEVALUE('R\X2\00E9\X0\duction du joint d''extr\X2\00E9\X0\mit\X2\00E9\X0\',$,IFCLENGTHMEASURE(12.7),$);
#3433= IFCPROPERTYSINGLEVALUE('El\X2\00E9\X0\vation du niveau de r\X2\00E9\X0\f\X2\00E9\X0\rence',$,IFCLENGTHMEASURE(8850.),$);
#3434= IFCPROPERTYSINGLEVALUE('Longueur de coupe',$,IFCLENGTHMEASURE(1361.),$);
#3435= IFCPROPERTYSINGLEVALUE('Longueur',$,IFCLENGTHMEASURE(1440.),$);
#3436= IFCPROPERTYSINGLEVALUE('Volume',$,IFCVOLUMEMEASURE(0.001001696),$);
#3437= IFCPROPERTYSET('3LSpIE73P1KfnOfn1m_lh5',#41,'Autre',$,(#245,#246,#247,#248,#250,#1994));
#3439= IFCRELDEFINESBYPROPERTIES('08cxuvM1rAJA2wR2$5DMV4',#41,$,$,(#3421),#3437);
#3442= IFCPROPERTYSET('3SWCa1Nkb6shp6F2kX2trm',#41,'Contraintes',$,(#233,#234,#3433));
#3444= IFCRELDEFINESBYPROPERTIES('3SWCa1Nkb6shp6FIkX2trm',#41,$,$,(#3421),#3442);
#3447= IFCPROPERTYSET('3SWCa1Nkb6shp6F3sX2trm',#41,'Cotes',$,(#3435,#3436));
#3449= IFCRELDEFINESBYPROPERTIES('3SWCa1Nkb6shp6FJsX2trm',#41,$,$,(#3421),#3447);
#3452= IFCPROPERTYSET('3SWCa1Nkb6shp6F3cX2trm',#41,'Mat\X2\00E9\X0\riaux et finitions',$,(#240));
#3454= IFCRELDEFINESBYPROPERTIES('3SWCa1Nkb6shp6FJcX2trm',#41,$,$,(#3421),#3452);
#3457= IFCPROPERTYSET('3SWCa1Nkb6shp6F32X2trm',#41,'Phase de construction',$,(#235));
#3459= IFCRELDEFINESBYPROPERTIES('3SWCa1Nkb6shp6FJ2X2trm',#41,$,$,(#3421),#3457);
#3462= IFCPROPERTYSET('3SWCa1Nkb6shp6F5EX2trm',#41,'Position g\X2\00E9\X0\om\X2\00E9\X0\trique',$,(#222,#223,#224,#225,#226,#228,#229,#581,#3431,#3432));
#3464= IFCRELDEFINESBYPROPERTIES('3SWCa1Nkb6shp6FLEX2trm',#41,$,$,(#3421),#3462);
#3467= IFCPROPERTYSET('3SWCa1Nkb6shp6F3AX2trm',#41,'Structure',$,(#236,#586,#3434));
#3469= IFCRELDEFINESBYPROPERTIES('3SWCa1Nkb6shp6FJAX2trm',#41,$,$,(#3421),#3467);
#3472= IFCMAPPEDITEM(#2379,#556);
#3473= IFCSHAPEREPRESENTATION(#88,'Body','MappedRepresentation',(#3472));
#3475= IFCMAPPEDITEM(#2380,#556);
#3476= IFCSHAPEREPRESENTATION(#92,'FootPrint','MappedRepresentation',(#3475));
#3478= IFCPRODUCTDEFINITIONSHAPE($,$,(#3473,#3476));
#3480= IFCCARTESIANPOINT((9730.73637309514,-1648.98390221539,1340.));
#3482= IFCDIRECTION((-0.707106781186545,-0.70710678118655,0.));
#3484= IFCAXIS2PLACEMENT3D(#3480,#3482,#19);
#3485= IFCLOCALPLACEMENT(#6002,#6046);
#3486= IFCMEMBER('3SWCa1Nkb6shp6EZ_X2tr_',#41,'L-Corni\X2\00E8\X0\res:CAE50x8:2393',$,'CAE50x8',#3485,#3478,'2393');
#3489= IFCPROPERTYSINGLEVALUE('Span',$,IFCPOSITIVELENGTHMEASURE(1080.),$);
#3490= IFCPROPERTYSET('3SWCa1Nkb6shp6CScX2tr_',#41,'Pset_MemberCommon',$,(#206,#207,#208,#3489));
#3492= IFCRELDEFINESBYPROPERTIES('3rJcIvmWH4Q83GKfYiOR0u',#41,$,$,(#3486),#3490);
#3496= IFCPROPERTYSINGLEVALUE('R\X2\00E9\X0\duction du joint de d\X2\00E9\X0\but',$,IFCLENGTHMEASURE(12.7),$);
#3497= IFCPROPERTYSINGLEVALUE('R\X2\00E9\X0\duction du joint d''extr\X2\00E9\X0\mit\X2\00E9\X0\',$,IFCLENGTHMEASURE(12.7),$);
#3498= IFCPROPERTYSINGLEVALUE('El\X2\00E9\X0\vation du niveau de r\X2\00E9\X0\f\X2\00E9\X0\rence',$,IFCLENGTHMEASURE(8850.),$);
#3499= IFCPROPERTYSINGLEVALUE('Longueur de coupe',$,IFCLENGTHMEASURE(1001.),$);
#3500= IFCPROPERTYSINGLEVALUE('Longueur',$,IFCLENGTHMEASURE(1080.),$);
#3501= IFCPROPERTYSINGLEVALUE('Volume',$,IFCVOLUMEMEASURE(0.000736736),$);
#3502= IFCPROPERTYSET('0rRErXrof9JRcf252T0MBE',#41,'Autre',$,(#245,#246,#247,#248,#250,#1994));
#3504= IFCRELDEFINESBYPROPERTIES('2OydHtoIH7CvMybahCb31B',#41,$,$,(#3486),#3502);
#3507= IFCPROPERTYSET('3SWCa1Nkb6shp6F2kX2tr_',#41,'Contraintes',$,(#233,#234,#3498));
#3509= IFCRELDEFINESBYPROPERTIES('3SWCa1Nkb6shp6FIkX2tr_',#41,$,$,(#3486),#3507);
#3512= IFCPROPERTYSET('3SWCa1Nkb6shp6F3sX2tr_',#41,'Cotes',$,(#3500,#3501));
#3514= IFCRELDEFINESBYPROPERTIES('3SWCa1Nkb6shp6FJsX2tr_',#41,$,$,(#3486),#3512);
#3517= IFCPROPERTYSET('3SWCa1Nkb6shp6F3cX2tr_',#41,'Mat\X2\00E9\X0\riaux et finitions',$,(#240));
#3519= IFCRELDEFINESBYPROPERTIES('3SWCa1Nkb6shp6FJcX2tr_',#41,$,$,(#3486),#3517);
#3522= IFCPROPERTYSET('3SWCa1Nkb6shp6F32X2tr_',#41,'Phase de construction',$,(#235));
#3524= IFCRELDEFINESBYPROPERTIES('3SWCa1Nkb6shp6FJ2X2tr_',#41,$,$,(#3486),#3522);
#3527= IFCPROPERTYSET('3SWCa1Nkb6shp6F5EX2tr_',#41,'Position g\X2\00E9\X0\om\X2\00E9\X0\trique',$,(#222,#223,#224,#225,#226,#228,#229,#581,#3496,#3497));
#3529= IFCRELDEFINESBYPROPERTIES('3SWCa1Nkb6shp6FLEX2tr_',#41,$,$,(#3486),#3527);
#3532= IFCPROPERTYSET('3SWCa1Nkb6shp6F3AX2tr_',#41,'Structure',$,(#236,#586,#3499));
#3534= IFCRELDEFINESBYPROPERTIES('3SWCa1Nkb6shp6FJAX2tr_',#41,$,$,(#3486),#3532);
#3537= IFCMAPPEDITEM(#2488,#556);
#3538= IFCSHAPEREPRESENTATION(#88,'Body','MappedRepresentation',(#3537));
#3540= IFCMAPPEDITEM(#2489,#556);
#3541= IFCSHAPEREPRESENTATION(#92,'FootPrint','MappedRepresentation',(#3540));
#3543= IFCPRODUCTDEFINITIONSHAPE($,$,(#3538,#3541));
#3545= IFCCARTESIANPOINT((8174.69154726268,-3205.02872804787,1160.));
#3547= IFCDIRECTION((-0.707106781186545,-0.70710678118655,0.));
#3549= IFCAXIS2PLACEMENT3D(#3545,#3547,#19);
#3550= IFCLOCALPLACEMENT(#6002,#6051);
#3551= IFCMEMBER('3SWCa1Nkb6shp6EZ_X2try',#41,'L-Corni\X2\00E8\X0\res:CAE50x8:2395',$,'CAE50x8',#3550,#3543,'2395');
#3554= IFCPROPERTYSINGLEVALUE('Span',$,IFCPOSITIVELENGTHMEASURE(720.),$);
#3555= IFCPROPERTYSET('3SWCa1Nkb6shp6CScX2try',#41,'Pset_MemberCommon',$,(#206,#207,#208,#3554));
#3557= IFCRELDEFINESBYPROPERTIES('1cMNuF6PP6WfgfAop_xrxn',#41,$,$,(#3551),#3555);
#3561= IFCPROPERTYSINGLEVALUE('R\X2\00E9\X0\duction du joint de d\X2\00E9\X0\but',$,IFCLENGTHMEASURE(12.7),$);
#3562= IFCPROPERTYSINGLEVALUE('R\X2\00E9\X0\duction du joint d''extr\X2\00E9\X0\mit\X2\00E9\X0\',$,IFCLENGTHMEASURE(12.7),$);
#3563= IFCPROPERTYSINGLEVALUE('El\X2\00E9\X0\vation du niveau de r\X2\00E9\X0\f\X2\00E9\X0\rence',$,IFCLENGTHMEASURE(8850.),$);
#3564= IFCPROPERTYSINGLEVALUE('Longueur de coupe',$,IFCLENGTHMEASURE(640.999999999998),$);
#3565= IFCPROPERTYSINGLEVALUE('Longueur',$,IFCLENGTHMEASURE(720.),$);
#3566= IFCPROPERTYSINGLEVALUE('Volume',$,IFCVOLUMEMEASURE(0.000471776),$);
#3567= IFCPROPERTYSET('10etbuy01FjOdTcxu4CCAJ',#41,'Autre',$,(#245,#246,#247,#248,#250,#1994));
#3569= IFCRELDEFINESBYPROPERTIES('0c_ESzNj9DHvY$PL9dFP3I',#41,$,$,(#3551),#3567);
#3572= IFCPROPERTYSET('3SWCa1Nkb6shp6F2kX2try',#41,'Contraintes',$,(#233,#234,#3563));
#3574= IFCRELDEFINESBYPROPERTIES('3SWCa1Nkb6shp6FIkX2try',#41,$,$,(#3551),#3572);
#3577= IFCPROPERTYSET('3SWCa1Nkb6shp6F3sX2try',#41,'Cotes',$,(#3565,#3566));
#3579= IFCRELDEFINESBYPROPERTIES('3SWCa1Nkb6shp6FJsX2try',#41,$,$,(#3551),#3577);
#3582= IFCPROPERTYSET('3SWCa1Nkb6shp6F3cX2try',#41,'Mat\X2\00E9\X0\riaux et finitions',$,(#240));
#3584= IFCRELDEFINESBYPROPERTIES('3SWCa1Nkb6shp6FJcX2try',#41,$,$,(#3551),#3582);
#3587= IFCPROPERTYSET('3SWCa1Nkb6shp6F32X2try',#41,'Phase de construction',$,(#235));
#3589= IFCRELDEFINESBYPROPERTIES('3SWCa1Nkb6shp6FJ2X2try',#41,$,$,(#3551),#3587);
#3592= IFCPROPERTYSET('3SWCa1Nkb6shp6F5EX2try',#41,'Position g\X2\00E9\X0\om\X2\00E9\X0\trique',$,(#222,#223,#224,#225,#226,#228,#229,#581,#3561,#3562));
#3594= IFCRELDEFINESBYPROPERTIES('3SWCa1Nkb6shp6FLEX2try',#41,$,$,(#3551),#3592);
#3597= IFCPROPERTYSET('3SWCa1Nkb6shp6F3AX2try',#41,'Structure',$,(#236,#586,#3564));
#3599= IFCRELDEFINESBYPROPERTIES('3SWCa1Nkb6shp6FJAX2try',#41,$,$,(#3551),#3597);
#3602= IFCMAPPEDITEM(#2597,#556);
#3603= IFCSHAPEREPRESENTATION(#88,'Body','MappedRepresentation',(#3602));
#3605= IFCMAPPEDITEM(#2598,#556);
#3606= IFCSHAPEREPRESENTATION(#92,'FootPrint','MappedRepresentation',(#3605));
#3608= IFCPRODUCTDEFINITIONSHAPE($,$,(#3603,#3606));
#3610= IFCCARTESIANPOINT((6618.64672143022,-4761.07355388035,980.));
#3612= IFCDIRECTION((-0.707106781186545,-0.70710678118655,0.));
#3614= IFCAXIS2PLACEMENT3D(#3610,#3612,#19);
#3615= IFCLOCALPLACEMENT(#6002,#6056);
#3616= IFCMEMBER('3SWCa1Nkb6shp6EZ_X2trw',#41,'L-Corni\X2\00E8\X0\res:CAE50x8:2397',$,'CAE50x8',#3615,#3608,'2397');
#3619= IFCPROPERTYSINGLEVALUE('Span',$,IFCPOSITIVELENGTHMEASURE(360.),$);
#3620= IFCPROPERTYSET('3SWCa1Nkb6shp6CScX2trw',#41,'Pset_MemberCommon',$,(#206,#207,#208,#3619));
#3622= IFCRELDEFINESBYPROPERTIES('32Y_aQSTn2m9kcSXZUZcyv',#41,$,$,(#3616),#3620);
#3626= IFCPROPERTYSINGLEVALUE('R\X2\00E9\X0\duction du joint de d\X2\00E9\X0\but',$,IFCLENGTHMEASURE(12.7),$);
#3627= IFCPROPERTYSINGLEVALUE('R\X2\00E9\X0\duction du joint d''extr\X2\00E9\X0\mit\X2\00E9\X0\',$,IFCLENGTHMEASURE(12.7),$);
#3628= IFCPROPERTYSINGLEVALUE('El\X2\00E9\X0\vation du niveau de r\X2\00E9\X0\f\X2\00E9\X0\rence',$,IFCLENGTHMEASURE(8850.),$);
#3629= IFCPROPERTYSINGLEVALUE('Longueur de coupe',$,IFCLENGTHMEASURE(281.000000000001),$);
#3630= IFCPROPERTYSINGLEVALUE('Longueur',$,IFCLENGTHMEASURE(360.),$);
#3631= IFCPROPERTYSINGLEVALUE('Volume',$,IFCVOLUMEMEASURE(0.000206816),$);
#3632= IFCPROPERTYSET('1LY1icmDT1v8rHnsIRpJ0o',#41,'Autre',$,(#245,#246,#247,#248,#250,#1994));
#3634= IFCRELDEFINESBYPROPERTIES('0DBSRICTP1fvEBa5S179JH',#41,$,$,(#3616),#3632);
#3637= IFCPROPERTYSET('3SWCa1Nkb6shp6F2kX2trw',#41,'Contraintes',$,(#233,#234,#3628));
#3639= IFCRELDEFINESBYPROPERTIES('3SWCa1Nkb6shp6FIkX2trw',#41,$,$,(#3616),#3637);
#3642= IFCPROPERTYSET('3SWCa1Nkb6shp6F3sX2trw',#41,'Cotes',$,(#3630,#3631));
#3644= IFCRELDEFINESBYPROPERTIES('3SWCa1Nkb6shp6FJsX2trw',#41,$,$,(#3616),#3642);
#3647= IFCPROPERTYSET('3SWCa1Nkb6shp6F3cX2trw',#41,'Mat\X2\00E9\X0\riaux et finitions',$,(#240));
#3649= IFCRELDEFINESBYPROPERTIES('3SWCa1Nkb6shp6FJcX2trw',#41,$,$,(#3616),#3647);
#3652= IFCPROPERTYSET('3SWCa1Nkb6shp6F32X2trw',#41,'Phase de construction',$,(#235));
#3654= IFCRELDEFINESBYPROPERTIES('3SWCa1Nkb6shp6FJ2X2trw',#41,$,$,(#3616),#3652);
#3657= IFCPROPERTYSET('3SWCa1Nkb6shp6F5EX2trw',#41,'Position g\X2\00E9\X0\om\X2\00E9\X0\trique',$,(#222,#223,#224,#225,#226,#228,#229,#581,#3626,#3627));
#3659= IFCRELDEFINESBYPROPERTIES('3SWCa1Nkb6shp6FLEX2trw',#41,$,$,(#3616),#3657);
#3662= IFCPROPERTYSET('3SWCa1Nkb6shp6F3AX2trw',#41,'Structure',$,(#236,#586,#3629));
#3664= IFCRELDEFINESBYPROPERTIES('3SWCa1Nkb6shp6FJAX2trw',#41,$,$,(#3616),#3662);
#3667= IFCMAPPEDITEM(#2706,#556);
#3668= IFCSHAPEREPRESENTATION(#88,'Body','MappedRepresentation',(#3667));
#3670= IFCMAPPEDITEM(#2707,#556);
#3671= IFCSHAPEREPRESENTATION(#92,'FootPrint','MappedRepresentation',(#3670));
#3673= IFCPRODUCTDEFINITIONSHAPE($,$,(#3668,#3671));
#3675= IFCCARTESIANPOINT((12064.8036118438,685.083336533325,1700.));
#3677= IFCDIRECTION((0.447696068358018,0.447696068358025,-0.774039056348929));
#3679= IFCDIRECTION((-0.54732826564756,-0.547328265647566,-0.633137851693027));
#3681= IFCAXIS2PLACEMENT3D(#3675,#3677,#3679);
#3682= IFCLOCALPLACEMENT(#6002,#6063);
#3683= IFCMEMBER('3SWCa1Nkb6shp6EZ_X2tru',#41,'L-Corni\X2\00E8\X0\res:CAE50x8:2399',$,'CAE50x8',#3682,#3673,'2399');
#3686= IFCPROPERTYSINGLEVALUE('Span',$,IFCPOSITIVELENGTHMEASURE(2843.),$);
#3687= IFCPROPERTYSET('3SWCa1Nkb6shp6CScX2tru',#41,'Pset_MemberCommon',$,(#206,#207,#208,#3686));
#3689= IFCRELDEFINESBYPROPERTIES('2QAHI$VV57SR3L4lNfV3ga',#41,$,$,(#3683),#3687);
#3693= IFCPROPERTYSINGLEVALUE('R\X2\00E9\X0\duction du joint de d\X2\00E9\X0\but',$,IFCLENGTHMEASURE(12.7),$);
#3694= IFCPROPERTYSINGLEVALUE('R\X2\00E9\X0\duction du joint d''extr\X2\00E9\X0\mit\X2\00E9\X0\',$,IFCLENGTHMEASURE(12.7),$);
#3695= IFCPROPERTYSINGLEVALUE('El\X2\00E9\X0\vation du niveau de r\X2\00E9\X0\f\X2\00E9\X0\rence',$,IFCLENGTHMEASURE(8850.),$);
#3696= IFCPROPERTYSINGLEVALUE('Longueur de coupe',$,IFCLENGTHMEASURE(2648.),$);
#3697= IFCPROPERTYSINGLEVALUE('Longueur',$,IFCLENGTHMEASURE(2843.),$);
#3698= IFCPROPERTYSINGLEVALUE('Volume',$,IFCVOLUMEMEASURE(0.001948928),$);
#3699= IFCPROPERTYSET('2WjkuFndX0ABxj5Imvq6P_',#41,'Autre',$,(#245,#246,#247,#248,#250,#1994));
#3701= IFCRELDEFINESBYPROPERTIES('3bAWb0cRf6EOC2hN1s527Z',#41,$,$,(#3683),#3699);
#3704= IFCPROPERTYSET('3SWCa1Nkb6shp6F2kX2tru',#41,'Contraintes',$,(#233,#234,#3695));
#3706= IFCRELDEFINESBYPROPERTIES('3SWCa1Nkb6shp6FIkX2tru',#41,$,$,(#3683),#3704);
#3709= IFCPROPERTYSET('3SWCa1Nkb6shp6F3sX2tru',#41,'Cotes',$,(#3697,#3698));
#3711= IFCRELDEFINESBYPROPERTIES('3SWCa1Nkb6shp6FJsX2tru',#41,$,$,(#3683),#3709);
#3714= IFCPROPERTYSET('3SWCa1Nkb6shp6F3cX2tru',#41,'Mat\X2\00E9\X0\riaux et finitions',$,(#240));
#3716= IFCRELDEFINESBYPROPERTIES('3SWCa1Nkb6shp6FJcX2tru',#41,$,$,(#3683),#3714);
#3719= IFCPROPERTYSET('3SWCa1Nkb6shp6F32X2tru',#41,'Phase de construction',$,(#235));
#3721= IFCRELDEFINESBYPROPERTIES('3SWCa1Nkb6shp6FJ2X2tru',#41,$,$,(#3683),#3719);
#3724= IFCPROPERTYSET('3SWCa1Nkb6shp6F5EX2tru',#41,'Position g\X2\00E9\X0\om\X2\00E9\X0\trique',$,(#222,#223,#224,#225,#226,#228,#229,#581,#3693,#3694));
#3726= IFCRELDEFINESBYPROPERTIES('3SWCa1Nkb6shp6FLEX2tru',#41,$,$,(#3683),#3724);
#3729= IFCPROPERTYSET('3SWCa1Nkb6shp6F3AX2tru',#41,'Structure',$,(#236,#586,#3696));
#3731= IFCRELDEFINESBYPROPERTIES('3SWCa1Nkb6shp6FJAX2tru',#41,$,$,(#3683),#3729);
#3734= IFCMAPPEDITEM(#2817,#556);
#3735= IFCSHAPEREPRESENTATION(#88,'Body','MappedRepresentation',(#3734));
#3737= IFCMAPPEDITEM(#2818,#556);
#3738= IFCSHAPEREPRESENTATION(#92,'FootPrint','MappedRepresentation',(#3737));
#3740= IFCPRODUCTDEFINITIONSHAPE($,$,(#3735,#3738));
#3742= IFCCARTESIANPOINT((10508.7587860114,-870.96148929915,1520.));
#3744= IFCDIRECTION((0.387182091013071,0.387182091013078,-0.836767624133181));
#3746= IFCDIRECTION((-0.591684061301925,-0.591684061301932,-0.547558164218664));
#3748= IFCAXIS2PLACEMENT3D(#3742,#3744,#3746);
#3749= IFCLOCALPLACEMENT(#6002,#6070);
#3750= IFCMEMBER('3SWCa1Nkb6shp6EZ_X2tr6',#41,'L-Corni\X2\00E8\X0\res:CAE50x8:2401',$,'CAE50x8',#3749,#3740,'2401');
#3753= IFCPROPERTYSINGLEVALUE('Span',$,IFCPOSITIVELENGTHMEASURE(2630.),$);
#3754= IFCPROPERTYSET('3SWCa1Nkb6shp6CScX2tr6',#41,'Pset_MemberCommon',$,(#206,#207,#208,#3753));
#3756= IFCRELDEFINESBYPROPERTIES('3iAAm8BYL2qwaYZAfjA2wp',#41,$,$,(#3750),#3754);
#3760= IFCPROPERTYSINGLEVALUE('R\X2\00E9\X0\duction du joint de d\X2\00E9\X0\but',$,IFCLENGTHMEASURE(12.7),$);
#3761= IFCPROPERTYSINGLEVALUE('R\X2\00E9\X0\duction du joint d''extr\X2\00E9\X0\mit\X2\00E9\X0\',$,IFCLENGTHMEASURE(12.7),$);
#3762= IFCPROPERTYSINGLEVALUE('El\X2\00E9\X0\vation du niveau de r\X2\00E9\X0\f\X2\00E9\X0\rence',$,IFCLENGTHMEASURE(8850.),$);
#3763= IFCPROPERTYSINGLEVALUE('Longueur de coupe',$,IFCLENGTHMEASURE(2395.),$);
#3764= IFCPROPERTYSINGLEVALUE('Longueur',$,IFCLENGTHMEASURE(2630.),$);
#3765= IFCPROPERTYSINGLEVALUE('Volume',$,IFCVOLUMEMEASURE(0.00176272),$);
#3766= IFCPROPERTYSET('0MRYbNi_181wCE4MVDCV0N',#41,'Autre',$,(#245,#246,#247,#248,#250,#1994));
#3768= IFCRELDEFINESBYPROPERTIES('2h64EsmTn48gHZYBR9aPyG',#41,$,$,(#3750),#3766);
#3771= IFCPROPERTYSET('3SWCa1Nkb6shp6F2kX2tr6',#41,'Contraintes',$,(#233,#234,#3762));
#3773= IFCRELDEFINESBYPROPERTIES('3SWCa1Nkb6shp6FIkX2tr6',#41,$,$,(#3750),#3771);
#3776= IFCPROPERTYSET('3SWCa1Nkb6shp6F3sX2tr6',#41,'Cotes',$,(#3764,#3765));
#3778= IFCRELDEFINESBYPROPERTIES('3SWCa1Nkb6shp6FJsX2tr6',#41,$,$,(#3750),#3776);
#3781= IFCPROPERTYSET('3SWCa1Nkb6shp6F3cX2tr6',#41,'Mat\X2\00E9\X0\riaux et finitions',$,(#240));
#3783= IFCRELDEFINESBYPROPERTIES('3SWCa1Nkb6shp6FJcX2tr6',#41,$,$,(#3750),#3781);
#3786= IFCPROPERTYSET('3SWCa1Nkb6shp6F32X2tr6',#41,'Phase de construction',$,(#235));
#3788= IFCRELDEFINESBYPROPERTIES('3SWCa1Nkb6shp6FJ2X2tr6',#41,$,$,(#3750),#3786);
#3791= IFCPROPERTYSET('3SWCa1Nkb6shp6F5EX2tr6',#41,'Position g\X2\00E9\X0\om\X2\00E9\X0\trique',$,(#222,#223,#224,#225,#226,#228,#229,#581,#3760,#3761));
#3793= IFCRELDEFINESBYPROPERTIES('3SWCa1Nkb6shp6FLEX2tr6',#41,$,$,(#3750),#3791);
#3796= IFCPROPERTYSET('3SWCa1Nkb6shp6F3AX2tr6',#41,'Structure',$,(#236,#586,#3763));
#3798= IFCRELDEFINESBYPROPERTIES('3SWCa1Nkb6shp6FJAX2tr6',#41,$,$,(#3750),#3796);
#3801= IFCMAPPEDITEM(#2928,#556);
#3802= IFCSHAPEREPRESENTATION(#88,'Body','MappedRepresentation',(#3801));
#3804= IFCMAPPEDITEM(#2929,#556);
#3805= IFCSHAPEREPRESENTATION(#92,'FootPrint','MappedRepresentation',(#3804));
#3807= IFCPRODUCTDEFINITIONSHAPE($,$,(#3802,#3805));
#3809= IFCCARTESIANPOINT((8952.71396017891,-2427.00631513163,1340.));
#3811= IFCDIRECTION((0.311536851436296,0.311536851436302,-0.89771352913628));
#3813= IFCDIRECTION((-0.634779324015168,-0.634779324015175,-0.440579640480226));
#3815= IFCAXIS2PLACEMENT3D(#3809,#3811,#3813);
#3816= IFCLOCALPLACEMENT(#6002,#6077);
#3817= IFCMEMBER('3SWCa1Nkb6shp6EZ_X2tr4',#41,'L-Corni\X2\00E8\X0\res:CAE50x8:2403',$,'CAE50x8',#3816,#3807,'2403');
#3820= IFCPROPERTYSINGLEVALUE('Span',$,IFCPOSITIVELENGTHMEASURE(2451.),$);
#3821= IFCPROPERTYSET('3SWCa1Nkb6shp6CScX2tr4',#41,'Pset_MemberCommon',$,(#206,#207,#208,#3820));
#3823= IFCRELDEFINESBYPROPERTIES('1WZp1Oc096ER7Njj1Iz8VE',#41,$,$,(#3817),#3821);
#3827= IFCPROPERTYSINGLEVALUE('R\X2\00E9\X0\duction du joint de d\X2\00E9\X0\but',$,IFCLENGTHMEASURE(12.7),$);
#3828= IFCPROPERTYSINGLEVALUE('R\X2\00E9\X0\duction du joint d''extr\X2\00E9\X0\mit\X2\00E9\X0\',$,IFCLENGTHMEASURE(12.7),$);
#3829= IFCPROPERTYSINGLEVALUE('El\X2\00E9\X0\vation du niveau de r\X2\00E9\X0\f\X2\00E9\X0\rence',$,IFCLENGTHMEASURE(8850.),$);
#3830= IFCPROPERTYSINGLEVALUE('Longueur de coupe',$,IFCLENGTHMEASURE(2136.),$);
#3831= IFCPROPERTYSINGLEVALUE('Longueur',$,IFCLENGTHMEASURE(2451.),$);
#3832= IFCPROPERTYSINGLEVALUE('Volume',$,IFCVOLUMEMEASURE(0.001572096),$);
#3833= IFCPROPERTYSET('0TWQToVBfECvB7cKHHNlU_',#41,'Autre',$,(#245,#246,#247,#248,#250,#1994));
#3835= IFCRELDEFINESBYPROPERTIES('0lsCb2MSrCuBYfGUh$zZMl',#41,$,$,(#3817),#3833);
#3838= IFCPROPERTYSET('3SWCa1Nkb6shp6F2kX2tr4',#41,'Contraintes',$,(#233,#234,#3829));
#3840= IFCRELDEFINESBYPROPERTIES('3SWCa1Nkb6shp6FIkX2tr4',#41,$,$,(#3817),#3838);
#3843= IFCPROPERTYSET('3SWCa1Nkb6shp6F3sX2tr4',#41,'Cotes',$,(#3831,#3832));
#3845= IFCRELDEFINESBYPROPERTIES('3SWCa1Nkb6shp6FJsX2tr4',#41,$,$,(#3817),#3843);
#3848= IFCPROPERTYSET('3SWCa1Nkb6shp6F3cX2tr4',#41,'Mat\X2\00E9\X0\riaux et finitions',$,(#240));
#3850= IFCRELDEFINESBYPROPERTIES('3SWCa1Nkb6shp6FJcX2tr4',#41,$,$,(#3817),#3848);
#3853= IFCPROPERTYSET('3SWCa1Nkb6shp6F32X2tr4',#41,'Phase de construction',$,(#235));
#3855= IFCRELDEFINESBYPROPERTIES('3SWCa1Nkb6shp6FJ2X2tr4',#41,$,$,(#3817),#3853);
#3858= IFCPROPERTYSET('3SWCa1Nkb6shp6F5EX2tr4',#41,'Position g\X2\00E9\X0\om\X2\00E9\X0\trique',$,(#222,#223,#224,#225,#226,#228,#229,#581,#3827,#3828));
#3860= IFCRELDEFINESBYPROPERTIES('3SWCa1Nkb6shp6FLEX2tr4',#41,$,$,(#3817),#3858);
#3863= IFCPROPERTYSET('3SWCa1Nkb6shp6F3AX2tr4',#41,'Structure',$,(#236,#586,#3830));
#3865= IFCRELDEFINESBYPROPERTIES('3SWCa1Nkb6shp6FJAX2tr4',#41,$,$,(#3817),#3863);
#3868= IFCMAPPEDITEM(#3039,#556);
#3869= IFCSHAPEREPRESENTATION(#88,'Body','MappedRepresentation',(#3868));
#3871= IFCMAPPEDITEM(#3040,#556);
#3872= IFCSHAPEREPRESENTATION(#92,'FootPrint','MappedRepresentation',(#3871));
#3874= IFCPRODUCTDEFINITIONSHAPE($,$,(#3869,#3872));
#3876= IFCCARTESIANPOINT((7396.66913434645,-3983.05114096411,1160.));
#3878= IFCDIRECTION((0.219885494073597,0.219885494073602,-0.950421348135667));
#3880= IFCDIRECTION((-0.672049380251187,-0.672049380251194,-0.310965047887993));
#3882= IFCAXIS2PLACEMENT3D(#3876,#3878,#3880);
#3883= IFCLOCALPLACEMENT(#6002,#6084);
#3884= IFCMEMBER('3SWCa1Nkb6shp6EZ_X2tr2',#41,'L-Corni\X2\00E8\X0\res:CAE50x8:2405',$,'CAE50x8',#3883,#3874,'2405');
#3887= IFCPROPERTYSINGLEVALUE('Span',$,IFCPOSITIVELENGTHMEASURE(2315.),$);
#3888= IFCPROPERTYSET('3SWCa1Nkb6shp6CScX2tr2',#41,'Pset_MemberCommon',$,(#206,#207,#208,#3887));
#3890= IFCRELDEFINESBYPROPERTIES('2OPHx6NUX4YutiPXjj_535',#41,$,$,(#3884),#3888);
#3894= IFCPROPERTYSINGLEVALUE('R\X2\00E9\X0\duction du joint de d\X2\00E9\X0\but',$,IFCLENGTHMEASURE(12.7),$);
#3895= IFCPROPERTYSINGLEVALUE('R\X2\00E9\X0\duction du joint d''extr\X2\00E9\X0\mit\X2\00E9\X0\',$,IFCLENGTHMEASURE(12.7),$);
#3896= IFCPROPERTYSINGLEVALUE('El\X2\00E9\X0\vation du niveau de r\X2\00E9\X0\f\X2\00E9\X0\rence',$,IFCLENGTHMEASURE(8850.),$);
#3897= IFCPROPERTYSINGLEVALUE('Longueur de coupe',$,IFCLENGTHMEASURE(1775.),$);
#3898= IFCPROPERTYSINGLEVALUE('Longueur',$,IFCLENGTHMEASURE(2315.),$);
#3899= IFCPROPERTYSINGLEVALUE('Volume',$,IFCVOLUMEMEASURE(0.0013064),$);
#3900= IFCPROPERTYSET('39zn1h9xL6FennWSusFFWV',#41,'Autre',$,(#245,#246,#247,#248,#250,#1994));
#3902= IFCRELDEFINESBYPROPERTIES('0CEqcn2D58qxMi2$WeUP4x',#41,$,$,(#3884),#3900);
#3905= IFCPROPERTYSET('3SWCa1Nkb6shp6F2kX2tr2',#41,'Contraintes',$,(#233,#234,#3896));
#3907= IFCRELDEFINESBYPROPERTIES('3SWCa1Nkb6shp6FIkX2tr2',#41,$,$,(#3884),#3905);
#3910= IFCPROPERTYSET('3SWCa1Nkb6shp6F3sX2tr2',#41,'Cotes',$,(#3898,#3899));
#3912= IFCRELDEFINESBYPROPERTIES('3SWCa1Nkb6shp6FJsX2tr2',#41,$,$,(#3884),#3910);
#3915= IFCPROPERTYSET('3SWCa1Nkb6shp6F3cX2tr2',#41,'Mat\X2\00E9\X0\riaux et finitions',$,(#240));
#3917= IFCRELDEFINESBYPROPERTIES('3SWCa1Nkb6shp6FJcX2tr2',#41,$,$,(#3884),#3915);
#3920= IFCPROPERTYSET('3SWCa1Nkb6shp6F32X2tr2',#41,'Phase de construction',$,(#235));
#3922= IFCRELDEFINESBYPROPERTIES('3SWCa1Nkb6shp6FJ2X2tr2',#41,$,$,(#3884),#3920);
#3925= IFCPROPERTYSET('3SWCa1Nkb6shp6F5EX2tr2',#41,'Position g\X2\00E9\X0\om\X2\00E9\X0\trique',$,(#222,#223,#224,#225,#226,#228,#229,#581,#3894,#3895));
#3927= IFCRELDEFINESBYPROPERTIES('3SWCa1Nkb6shp6FLEX2tr2',#41,$,$,(#3884),#3925);
#3930= IFCPROPERTYSET('3SWCa1Nkb6shp6F3AX2tr2',#41,'Structure',$,(#236,#586,#3897));
#3932= IFCRELDEFINESBYPROPERTIES('3SWCa1Nkb6shp6FJAX2tr2',#41,$,$,(#3884),#3930);
#3935= IFCCARTESIANPOINT((4884.25121835185,6455.39685252912,800.));
#3937= IFCAXIS2PLACEMENT3D(#3935,$,$);
#3938= IFCLOCALPLACEMENT(#6121,#6145);
#3939= IFCCARTESIANPOINT((-19.3333333335242,-30.6666666665491));
#3941= IFCCARTESIANPOINT((-11.333333333525,-30.6666666665491));
#3943= IFCCARTESIANPOINT((-11.3333333332634,11.3333333334544));
#3945= IFCCARTESIANPOINT((30.6666666667368,11.3333333331929));
#3947= IFCCARTESIANPOINT((30.6666666667866,19.3333333331932));
#3949= IFCCARTESIANPOINT((-19.3333333332129,19.3333333335045));
#3951= IFCPOLYLINE((#3939,#3941,#3943,#3945,#3947,#3949,#3939));
#3953= IFCARBITRARYCLOSEDPROFILEDEF(.AREA.,'CAE50x8',#3951);
#3954= IFCCARTESIANPOINT((-2.63479099443464,-4.13333333338437,5.6666666666643));
#3956= IFCAXIS2PLACEMENT3D(#3954,#11,#21);
#3957= IFCEXTRUDEDAREASOLID(#3953,#3956,#19,15725.);
#3958= IFCSTYLEDITEM(#3957,(#155),$);
#3961= IFCSHAPEREPRESENTATION(#88,'Body','SweptSolid',(#3957));
#3963= IFCCARTESIANPOINT((15719.7304180111,0.));
#3965= IFCPOLYLINE((#9,#3963));
#3967= IFCSHAPEREPRESENTATION(#86,'Axis','Curve2D',(#3965));
#3969= IFCPRODUCTDEFINITIONSHAPE($,$,(#3967,#3961));
#3971= IFCBEAM('3SWCa1Nkb6shp6EZ_X2trE',#41,'L-Corni\X2\00E8\X0\res:CAE50x8:2409',$,'L-Corni\X2\00E8\X0\res:CAE50x8:2714',#3938,#3969,'2409');
#3974= IFCPROPERTYSINGLEVALUE('Span',$,IFCPOSITIVELENGTHMEASURE(15719.),$);
#3975= IFCPROPERTYSET('3SWCa1Nkb6shp6CTQX2trE',#41,'Pset_BeamCommon',$,(#206,#207,#208,#210,#3974));
#3977= IFCRELDEFINESBYPROPERTIES('0lLvzsc75FEeaNZE3sfv5Z',#41,$,$,(#3971),#3975);
#3981= IFCPROPERTYSINGLEVALUE('D\X2\00E9\X0\calage du niveau d''arriv\X2\00E9\X0\e',$,IFCLENGTHMEASURE(800.),$);
#3982= IFCPROPERTYSINGLEVALUE('D\X2\00E9\X0\calage du niveau de d\X2\00E9\X0\part',$,IFCLENGTHMEASURE(800.),$);
#3983= IFCPROPERTYSINGLEVALUE('El\X2\00E9\X0\vation du niveau de r\X2\00E9\X0\f\X2\00E9\X0\rence',$,IFCLENGTHMEASURE(8850.),$);
#3984= IFCPROPERTYSINGLEVALUE('Longueur de coupe',$,IFCLENGTHMEASURE(15725.),$);
#3985= IFCPROPERTYSINGLEVALUE('El\X2\00E9\X0\vation \X2\00E0\X0\ la base',$,IFCLENGTHMEASURE(9625.),$);
#3986= IFCPROPERTYSINGLEVALUE('El\X2\00E9\X0\vation en haut',$,IFCLENGTHMEASURE(9675.),$);
#3987= IFCPROPERTYSINGLEVALUE('Longueur',$,IFCLENGTHMEASURE(15719.),$);
#3988= IFCPROPERTYSINGLEVALUE('Volume',$,IFCVOLUMEMEASURE(0.0115736),$);
#3989= IFCPROPERTYSET('2Ju6FhB1P6C9YvPdDx_SHe',#41,'Autre',$,(#245,#246,#247,#248,#249,#250));
#3991= IFCRELDEFINESBYPROPERTIES('1Fp5NiLMn6zQrPjiSvE5K0',#41,$,$,(#3971),#3989);
#3994= IFCPROPERTYSET('3SWCa1Nkb6shp6F2kX2trE',#41,'Contraintes',$,(#233,#234,#3981,#3982,#3983));
#3996= IFCRELDEFINESBYPROPERTIES('3SWCa1Nkb6shp6FIkX2trE',#41,$,$,(#3971),#3994);
#3999= IFCPROPERTYSET('3SWCa1Nkb6shp6F3sX2trE',#41,'Cotes',$,(#3985,#3986,#3987,#3988));
#4001= IFCRELDEFINESBYPROPERTIES('3SWCa1Nkb6shp6FJsX2trE',#41,$,$,(#3971),#3999);
#4004= IFCPROPERTYSET('3SWCa1Nkb6shp6F3cX2trE',#41,'Mat\X2\00E9\X0\riaux et finitions',$,(#240));
#4006= IFCRELDEFINESBYPROPERTIES('3SWCa1Nkb6shp6FJcX2trE',#41,$,$,(#3971),#4004);
#4009= IFCPROPERTYSET('3SWCa1Nkb6shp6F32X2trE',#41,'Phase de construction',$,(#235));
#4011= IFCRELDEFINESBYPROPERTIES('3SWCa1Nkb6shp6FJ2X2trE',#41,$,$,(#3971),#4009);
#4014= IFCPROPERTYSET('3SWCa1Nkb6shp6F5EX2trE',#41,'Position g\X2\00E9\X0\om\X2\00E9\X0\trique',$,(#222,#223,#224,#225,#226,#227,#228,#229));
#4016= IFCRELDEFINESBYPROPERTIES('3SWCa1Nkb6shp6FLEX2trE',#41,$,$,(#3971),#4014);
#4019= IFCPROPERTYSET('3SWCa1Nkb6shp6F3AX2trE',#41,'Structure',$,(#236,#237,#239,#3984));
#4021= IFCRELDEFINESBYPROPERTIES('3SWCa1Nkb6shp6FJAX2trE',#41,$,$,(#3971),#4019);
#4024= IFCCARTESIANPOINT((4884.25121835185,6455.39685252912,800.));
#4026= IFCDIRECTION((-0.223232506197046,0.,0.974765227209601));
#4028= IFCDIRECTION((0.974765227209601,0.,0.223232506197046));
#4030= IFCAXIS2PLACEMENT3D(#4024,#4026,#4028);
#4031= IFCLOCALPLACEMENT(#6121,#6153);
#4032= IFCCARTESIANPOINT((-19.3333333333331,-30.6666666666684));
#4034= IFCCARTESIANPOINT((-11.3333333333335,-30.6666666666684));
#4036= IFCCARTESIANPOINT((-11.3333333333345,11.3333333333351));
#4038= IFCCARTESIANPOINT((30.6666666666666,11.3333333333351));
#4040= IFCCARTESIANPOINT((30.6666666666666,19.3333333333354));
#4042= IFCCARTESIANPOINT((-19.3333333333342,19.3333333333354));
#4044= IFCPOLYLINE((#4032,#4034,#4036,#4038,#4040,#4042,#4032));
#4046= IFCARBITRARYCLOSEDPROFILEDEF(.AREA.,'CAE50x8',#4044);
#4047= IFCCARTESIANPOINT((234.170903723913,-4.13333333333564,5.6666666666643));
#4049= IFCAXIS2PLACEMENT3D(#4047,#11,#21);
#4050= IFCEXTRUDEDAREASOLID(#4046,#4049,#19,7834.89619274648);
#4051= IFCCARTESIANPOINT((8069.0670964704,0.,25.));
#4053= IFCDIRECTION((0.974765227209582,0.,-0.223232506197129));
#4055= IFCAXIS2PLACEMENT3D(#4051,#4053,#15);
#4056= IFCPLANE(#4055);
#4057= IFCHALFSPACESOLID(#4056,.F.);
#4058= IFCBOOLEANCLIPPINGRESULT(.DIFFERENCE.,#4050,#4057);
#4059= IFCSTYLEDITEM(#4050,(#155),$);
#4062= IFCSHAPEREPRESENTATION(#88,'Body','Clipping',(#4058));
#4064= IFCCARTESIANPOINT((8063.34180744783,0.));
#4066= IFCPOLYLINE((#9,#4064));
#4068= IFCSHAPEREPRESENTATION(#86,'Axis','Curve2D',(#4066));
#4070= IFCPRODUCTDEFINITIONSHAPE($,$,(#4068,#4062));
#4072= IFCBEAM('3SWCa1Nkb6shp6EZ_X2trC',#41,'L-Corni\X2\00E8\X0\res:CAE50x8:2411',$,'L-Corni\X2\00E8\X0\res:CAE50x8:2714',#4031,#4070,'2411');
#4075= IFCPROPERTYSINGLEVALUE('Span',$,IFCPOSITIVELENGTHMEASURE(8063.),$);
#4076= IFCPROPERTYSINGLEVALUE('Slope',$,IFCPLANEANGLEMEASURE(12.5844733694762),$);
#4077= IFCPROPERTYSET('3SWCa1Nkb6shp6CTQX2trC',#41,'Pset_BeamCommon',$,(#206,#207,#208,#4075,#4076));
#4079= IFCRELDEFINESBYPROPERTIES('30Nooa6ur8lv3hkGoOJLAP',#41,$,$,(#4072),#4077);
#4083= IFCPROPERTYSINGLEVALUE('R\X2\00E9\X0\duction du joint de d\X2\00E9\X0\but',$,IFCLENGTHMEASURE(12.7),$);
#4084= IFCPROPERTYSINGLEVALUE('D\X2\00E9\X0\calage du niveau d''arriv\X2\00E9\X0\e',$,IFCLENGTHMEASURE(2600.),$);
#4085= IFCPROPERTYSINGLEVALUE('D\X2\00E9\X0\calage du niveau de d\X2\00E9\X0\part',$,IFCLENGTHMEASURE(800.),$);
#4086= IFCPROPERTYSINGLEVALUE('El\X2\00E9\X0\vation du niveau de r\X2\00E9\X0\f\X2\00E9\X0\rence',$,IFCLENGTHMEASURE(8850.),$);
#4087= IFCPROPERTYSINGLEVALUE('Longueur de coupe',$,IFCLENGTHMEASURE(7834.89619274648),$);
#4088= IFCPROPERTYSINGLEVALUE('Longueur',$,IFCLENGTHMEASURE(8063.),$);
#4089= IFCPROPERTYSINGLEVALUE('Volume',$,IFCVOLUMEMEASURE(0.00576388569071491),$);
#4090= IFCPROPERTYSET('3LjfHdPvLDcf0RsFxZAL54',#41,'Autre',$,(#245,#246,#247,#248,#249,#250));
#4092= IFCRELDEFINESBYPROPERTIES('0E1frSiOH2yQdVU0c5JZBu',#41,$,$,(#4072),#4090);
#4095= IFCPROPERTYSET('3SWCa1Nkb6shp6F2kX2trC',#41,'Contraintes',$,(#233,#234,#4084,#4085,#4086));
#4097= IFCRELDEFINESBYPROPERTIES('3SWCa1Nkb6shp6FIkX2trC',#41,$,$,(#4072),#4095);
#4100= IFCPROPERTYSET('3SWCa1Nkb6shp6F3sX2trC',#41,'Cotes',$,(#4088,#4089));
#4102= IFCRELDEFINESBYPROPERTIES('3SWCa1Nkb6shp6FJsX2trC',#41,$,$,(#4072),#4100);
#4105= IFCPROPERTYSET('3SWCa1Nkb6shp6F3cX2trC',#41,'Mat\X2\00E9\X0\riaux et finitions',$,(#240));
#4107= IFCRELDEFINESBYPROPERTIES('3SWCa1Nkb6shp6FJcX2trC',#41,$,$,(#4072),#4105);
#4110= IFCPROPERTYSET('3SWCa1Nkb6shp6F32X2trC',#41,'Phase de construction',$,(#235));
#4112= IFCRELDEFINESBYPROPERTIES('3SWCa1Nkb6shp6FJ2X2trC',#41,$,$,(#4072),#4110);
#4115= IFCPROPERTYSET('3SWCa1Nkb6shp6F5EX2trC',#41,'Position g\X2\00E9\X0\om\X2\00E9\X0\trique',$,(#222,#223,#224,#225,#226,#227,#228,#229,#4083));
#4117= IFCRELDEFINESBYPROPERTIES('3SWCa1Nkb6shp6FLEX2trC',#41,$,$,(#4072),#4115);
#4120= IFCPROPERTYSET('3SWCa1Nkb6shp6F3AX2trC',#41,'Structure',$,(#236,#237,#239,#4087));
#4122= IFCRELDEFINESBYPROPERTIES('3SWCa1Nkb6shp6FJAX2trC',#41,$,$,(#4072),#4120);
#4125= IFCCARTESIANPOINT((12744.1164273574,6455.39685252909,2600.));
#4127= IFCDIRECTION((0.223232506197046,0.,0.974765227209601));
#4129= IFCDIRECTION((0.974765227209601,0.,-0.223232506197046));
#4131= IFCAXIS2PLACEMENT3D(#4125,#4127,#4129);
#4132= IFCLOCALPLACEMENT(#6121,#6160);
#4133= IFCCARTESIANPOINT((-19.3333333333344,-30.6666666666684));
#4135= IFCCARTESIANPOINT((-11.3333333333358,-30.6666666666684));
#4137= IFCCARTESIANPOINT((-11.3333333333358,11.3333333333351));
#4139= IFCCARTESIANPOINT((30.6666666666656,11.3333333333351));
#4141= IFCCARTESIANPOINT((30.6666666666656,19.3333333333354));
#4143= IFCCARTESIANPOINT((-19.3333333333344,19.3333333333354));
#4145= IFCPOLYLINE((#4133,#4135,#4137,#4139,#4141,#4143,#4133));
#4147= IFCARBITRARYCLOSEDPROFILEDEF(.AREA.,'CAE50x8',#4145);
#4148= IFCCARTESIANPOINT((-5.72528902257458,-4.13333333333564,5.66666666666105));
#4150= IFCAXIS2PLACEMENT3D(#4148,#11,#21);
#4151= IFCEXTRUDEDAREASOLID(#4147,#4150,#19,7834.8961927465);
#4152= IFCCARTESIANPOINT((-5.72528902257783,0.,25.));
#4154= IFCDIRECTION((-0.97476522720962,0.,-0.223232506196964));
#4156= IFCAXIS2PLACEMENT3D(#4152,#4154,#17);
#4157= IFCPLANE(#4156);
#4158= IFCHALFSPACESOLID(#4157,.F.);
#4159= IFCBOOLEANCLIPPINGRESULT(.DIFFERENCE.,#4151,#4158);
#4160= IFCSTYLEDITEM(#4151,(#155),$);
#4163= IFCSHAPEREPRESENTATION(#88,'Body','Clipping',(#4159));
#4165= IFCCARTESIANPOINT((8063.34180744784,0.));
#4167= IFCPOLYLINE((#9,#4165));
#4169= IFCSHAPEREPRESENTATION(#86,'Axis','Curve2D',(#4167));
#4171= IFCPRODUCTDEFINITIONSHAPE($,$,(#4169,#4163));
#4173= IFCBEAM('3SWCa1Nkb6shp6EZ_X2trA',#41,'L-Corni\X2\00E8\X0\res:CAE50x8:2413',$,'L-Corni\X2\00E8\X0\res:CAE50x8:2714',#4132,#4171,'2413');
#4176= IFCPROPERTYSINGLEVALUE('Span',$,IFCPOSITIVELENGTHMEASURE(8063.),$);
#4177= IFCPROPERTYSINGLEVALUE('Slope',$,IFCPLANEANGLEMEASURE(12.5844733694762),$);
#4178= IFCPROPERTYSET('3SWCa1Nkb6shp6CTQX2trA',#41,'Pset_BeamCommon',$,(#206,#207,#208,#4176,#4177));
#4180= IFCRELDEFINESBYPROPERTIES('057dpyfkPDmR187u2fMskR',#41,$,$,(#4173),#4178);
#4184= IFCPROPERTYSINGLEVALUE('R\X2\00E9\X0\duction du joint d''extr\X2\00E9\X0\mit\X2\00E9\X0\',$,IFCLENGTHMEASURE(12.7),$);
#4185= IFCPROPERTYSINGLEVALUE('D\X2\00E9\X0\calage du niveau d''arriv\X2\00E9\X0\e',$,IFCLENGTHMEASURE(800.000000000001),$);
#4186= IFCPROPERTYSINGLEVALUE('D\X2\00E9\X0\calage du niveau de d\X2\00E9\X0\part',$,IFCLENGTHMEASURE(2600.),$);
#4187= IFCPROPERTYSINGLEVALUE('El\X2\00E9\X0\vation du niveau de r\X2\00E9\X0\f\X2\00E9\X0\rence',$,IFCLENGTHMEASURE(8850.),$);
#4188= IFCPROPERTYSINGLEVALUE('Longueur de coupe',$,IFCLENGTHMEASURE(7834.8961927465),$);
#4189= IFCPROPERTYSINGLEVALUE('Longueur',$,IFCLENGTHMEASURE(8063.),$);
#4190= IFCPROPERTYSINGLEVALUE('Volume',$,IFCVOLUMEMEASURE(0.00576388569071427),$);
#4191= IFCPROPERTYSET('2ZP3zz_IzDuuDkHMLKbJ_q',#41,'Autre',$,(#245,#246,#247,#248,#249,#250));
#4193= IFCRELDEFINESBYPROPERTIES('0oBcC5lgv20epS0DzdET7L',#41,$,$,(#4173),#4191);
#4196= IFCPROPERTYSET('3SWCa1Nkb6shp6F2kX2trA',#41,'Contraintes',$,(#233,#234,#4185,#4186,#4187));
#4198= IFCRELDEFINESBYPROPERTIES('3SWCa1Nkb6shp6FIkX2trA',#41,$,$,(#4173),#4196);
#4201= IFCPROPERTYSET('3SWCa1Nkb6shp6F3sX2trA',#41,'Cotes',$,(#4189,#4190));
#4203= IFCRELDEFINESBYPROPERTIES('3SWCa1Nkb6shp6FJsX2trA',#41,$,$,(#4173),#4201);
#4206= IFCPROPERTYSET('3SWCa1Nkb6shp6F3cX2trA',#41,'Mat\X2\00E9\X0\riaux et finitions',$,(#240));
#4208= IFCRELDEFINESBYPROPERTIES('3SWCa1Nkb6shp6FJcX2trA',#41,$,$,(#4173),#4206);
#4211= IFCPROPERTYSET('3SWCa1Nkb6shp6F32X2trA',#41,'Phase de construction',$,(#235));
#4213= IFCRELDEFINESBYPROPERTIES('3SWCa1Nkb6shp6FJ2X2trA',#41,$,$,(#4173),#4211);
#4216= IFCPROPERTYSET('3SWCa1Nkb6shp6F5EX2trA',#41,'Position g\X2\00E9\X0\om\X2\00E9\X0\trique',$,(#222,#223,#224,#225,#226,#227,#228,#229,#4184));
#4218= IFCRELDEFINESBYPROPERTIES('3SWCa1Nkb6shp6FLEX2trA',#41,$,$,(#4173),#4216);
#4221= IFCPROPERTYSET('3SWCa1Nkb6shp6F3AX2trA',#41,'Structure',$,(#236,#237,#239,#4188));
#4223= IFCRELDEFINESBYPROPERTIES('3SWCa1Nkb6shp6FJAX2trA',#41,$,$,(#4173),#4221);
#4226= IFCMAPPEDITEM(#550,#556);
#4227= IFCSHAPEREPRESENTATION(#88,'Body','MappedRepresentation',(#4226));
#4229= IFCMAPPEDITEM(#552,#556);
#4230= IFCSHAPEREPRESENTATION(#92,'FootPrint','MappedRepresentation',(#4229));
#4232= IFCPRODUCTDEFINITIONSHAPE($,$,(#4227,#4230));
#4234= IFCCARTESIANPOINT((12744.1164273574,6455.39685252909,1700.));
#4236= IFCAXIS2PLACEMENT3D(#4234,#11,#19);
#4237= IFCLOCALPLACEMENT(#6121,#6163);
#4238= IFCMEMBER('3SWCa1Nkb6shp6EZ_X2tr8',#41,'L-Corni\X2\00E8\X0\res:CAE50x8:2415',$,'CAE50x8',#4237,#4232,'2415');
#4241= IFCPROPERTYSINGLEVALUE('Span',$,IFCPOSITIVELENGTHMEASURE(1800.),$);
#4242= IFCPROPERTYSET('3SWCa1Nkb6shp6CScX2tr8',#41,'Pset_MemberCommon',$,(#206,#207,#208,#4241));
#4244= IFCRELDEFINESBYPROPERTIES('1kGsX7t3DDvQhx$mt86YfZ',#41,$,$,(#4238),#4242);
#4248= IFCPROPERTYSINGLEVALUE('R\X2\00E9\X0\duction du joint de d\X2\00E9\X0\but',$,IFCLENGTHMEASURE(12.7),$);
#4249= IFCPROPERTYSINGLEVALUE('R\X2\00E9\X0\duction du joint d''extr\X2\00E9\X0\mit\X2\00E9\X0\',$,IFCLENGTHMEASURE(12.7),$);
#4250= IFCPROPERTYSINGLEVALUE('El\X2\00E9\X0\vation du niveau de r\X2\00E9\X0\f\X2\00E9\X0\rence',$,IFCLENGTHMEASURE(8850.),$);
#4251= IFCPROPERTYSINGLEVALUE('Longueur de coupe',$,IFCLENGTHMEASURE(1715.),$);
#4252= IFCPROPERTYSINGLEVALUE('Longueur',$,IFCLENGTHMEASURE(1800.),$);
#4253= IFCPROPERTYSINGLEVALUE('Volume',$,IFCVOLUMEMEASURE(0.00126224),$);
#4254= IFCPROPERTYSET('0JlnvTEmr9u8nBsXt7M5bm',#41,'Autre',$,(#245,#246,#247,#248,#249,#250));
#4256= IFCRELDEFINESBYPROPERTIES('0Ak3t4BIL3FeQGJufd3X0i',#41,$,$,(#4238),#4254);
#4259= IFCPROPERTYSET('3SWCa1Nkb6shp6F2kX2tr8',#41,'Contraintes',$,(#233,#234,#4250));
#4261= IFCRELDEFINESBYPROPERTIES('3SWCa1Nkb6shp6FIkX2tr8',#41,$,$,(#4238),#4259);
#4264= IFCPROPERTYSET('3SWCa1Nkb6shp6F3sX2tr8',#41,'Cotes',$,(#4252,#4253));
#4266= IFCRELDEFINESBYPROPERTIES('3SWCa1Nkb6shp6FJsX2tr8',#41,$,$,(#4238),#4264);
#4269= IFCPROPERTYSET('3SWCa1Nkb6shp6F3cX2tr8',#41,'Mat\X2\00E9\X0\riaux et finitions',$,(#240));
#4271= IFCRELDEFINESBYPROPERTIES('3SWCa1Nkb6shp6FJcX2tr8',#41,$,$,(#4238),#4269);
#4274= IFCPROPERTYSET('3SWCa1Nkb6shp6F32X2tr8',#41,'Phase de construction',$,(#235));
#4276= IFCRELDEFINESBYPROPERTIES('3SWCa1Nkb6shp6FJ2X2tr8',#41,$,$,(#4238),#4274);
#4279= IFCPROPERTYSET('3SWCa1Nkb6shp6F5EX2tr8',#41,'Position g\X2\00E9\X0\om\X2\00E9\X0\trique',$,(#222,#223,#224,#225,#226,#228,#229,#581,#4248,#4249));
#4281= IFCRELDEFINESBYPROPERTIES('3SWCa1Nkb6shp6FLEX2tr8',#41,$,$,(#4238),#4279);
#4284= IFCPROPERTYSET('3SWCa1Nkb6shp6F3AX2tr8',#41,'Structure',$,(#236,#586,#4251));
#4286= IFCRELDEFINESBYPROPERTIES('3SWCa1Nkb6shp6FJAX2tr8',#41,$,$,(#4238),#4284);
#4289= IFCMAPPEDITEM(#666,#556);
#4290= IFCSHAPEREPRESENTATION(#88,'Body','MappedRepresentation',(#4289));
#4292= IFCMAPPEDITEM(#667,#556);
#4293= IFCSHAPEREPRESENTATION(#92,'FootPrint','MappedRepresentation',(#4292));
#4295= IFCPRODUCTDEFINITIONSHAPE($,$,(#4290,#4293));
#4297= IFCCARTESIANPOINT((10779.150125106,6455.3968525291,1475.));
#4299= IFCAXIS2PLACEMENT3D(#4297,#11,#19);
#4300= IFCLOCALPLACEMENT(#6121,#6166);
#4301= IFCMEMBER('3SWCa1Nkb6shp6EZ_X2trM',#41,'L-Corni\X2\00E8\X0\res:CAE50x8:2417',$,'CAE50x8',#4300,#4295,'2417');
#4304= IFCPROPERTYSINGLEVALUE('Span',$,IFCPOSITIVELENGTHMEASURE(1350.),$);
#4305= IFCPROPERTYSET('3SWCa1Nkb6shp6CScX2trM',#41,'Pset_MemberCommon',$,(#206,#207,#208,#4304));
#4307= IFCRELDEFINESBYPROPERTIES('2_H9k8aD1A_xVtKUOImatT',#41,$,$,(#4301),#4305);
#4311= IFCPROPERTYSINGLEVALUE('R\X2\00E9\X0\duction du joint de d\X2\00E9\X0\but',$,IFCLENGTHMEASURE(12.7),$);
#4312= IFCPROPERTYSINGLEVALUE('R\X2\00E9\X0\duction du joint d''extr\X2\00E9\X0\mit\X2\00E9\X0\',$,IFCLENGTHMEASURE(12.7),$);
#4313= IFCPROPERTYSINGLEVALUE('El\X2\00E9\X0\vation du niveau de r\X2\00E9\X0\f\X2\00E9\X0\rence',$,IFCLENGTHMEASURE(8850.),$);
#4314= IFCPROPERTYSINGLEVALUE('Longueur de coupe',$,IFCLENGTHMEASURE(1265.),$);
#4315= IFCPROPERTYSINGLEVALUE('Longueur',$,IFCLENGTHMEASURE(1350.),$);
#4316= IFCPROPERTYSINGLEVALUE('Volume',$,IFCVOLUMEMEASURE(0.00093104),$);
#4317= IFCPROPERTYSET('2Mjof3zuX8NxOauf4takQn',#41,'Autre',$,(#245,#246,#247,#248,#249,#250));
#4319= IFCRELDEFINESBYPROPERTIES('25BRkC5Tr3Kf6fMjEQVJJk',#41,$,$,(#4301),#4317);
#4322= IFCPROPERTYSET('3SWCa1Nkb6shp6F2kX2trM',#41,'Contraintes',$,(#233,#234,#4313));
#4324= IFCRELDEFINESBYPROPERTIES('3SWCa1Nkb6shp6FIkX2trM',#41,$,$,(#4301),#4322);
#4327= IFCPROPERTYSET('3SWCa1Nkb6shp6F3sX2trM',#41,'Cotes',$,(#4315,#4316));
#4329= IFCRELDEFINESBYPROPERTIES('3SWCa1Nkb6shp6FJsX2trM',#41,$,$,(#4301),#4327);
#4332= IFCPROPERTYSET('3SWCa1Nkb6shp6F3cX2trM',#41,'Mat\X2\00E9\X0\riaux et finitions',$,(#240));
#4334= IFCRELDEFINESBYPROPERTIES('3SWCa1Nkb6shp6FJcX2trM',#41,$,$,(#4301),#4332);
#4337= IFCPROPERTYSET('3SWCa1Nkb6shp6F32X2trM',#41,'Phase de construction',$,(#235));
#4339= IFCRELDEFINESBYPROPERTIES('3SWCa1Nkb6shp6FJ2X2trM',#41,$,$,(#4301),#4337);
#4342= IFCPROPERTYSET('3SWCa1Nkb6shp6F5EX2trM',#41,'Position g\X2\00E9\X0\om\X2\00E9\X0\trique',$,(#222,#223,#224,#225,#226,#228,#229,#581,#4311,#4312));
#4344= IFCRELDEFINESBYPROPERTIES('3SWCa1Nkb6shp6FLEX2trM',#41,$,$,(#4301),#4342);
#4347= IFCPROPERTYSET('3SWCa1Nkb6shp6F3AX2trM',#41,'Structure',$,(#236,#586,#4314));
#4349= IFCRELDEFINESBYPROPERTIES('3SWCa1Nkb6shp6FJAX2trM',#41,$,$,(#4301),#4347);
#4352= IFCMAPPEDITEM(#773,#556);
#4353= IFCSHAPEREPRESENTATION(#88,'Body','MappedRepresentation',(#4352));
#4355= IFCMAPPEDITEM(#774,#556);
#4356= IFCSHAPEREPRESENTATION(#92,'FootPrint','MappedRepresentation',(#4355));
#4358= IFCPRODUCTDEFINITIONSHAPE($,$,(#4353,#4356));
#4360= IFCCARTESIANPOINT((8814.18382285464,6455.39685252911,1250.));
#4362= IFCAXIS2PLACEMENT3D(#4360,#11,#19);
#4363= IFCLOCALPLACEMENT(#6121,#6169);
#4364= IFCMEMBER('3SWCa1Nkb6shp6EZ_X2trK',#41,'L-Corni\X2\00E8\X0\res:CAE50x8:2419',$,'CAE50x8',#4363,#4358,'2419');
#4367= IFCPROPERTYSINGLEVALUE('Span',$,IFCPOSITIVELENGTHMEASURE(900.),$);
#4368= IFCPROPERTYSET('3SWCa1Nkb6shp6CScX2trK',#41,'Pset_MemberCommon',$,(#206,#207,#208,#4367));
#4370= IFCRELDEFINESBYPROPERTIES('04s9Zd8MLF_O980GmdAIbS',#41,$,$,(#4364),#4368);
#4374= IFCPROPERTYSINGLEVALUE('R\X2\00E9\X0\duction du joint de d\X2\00E9\X0\but',$,IFCLENGTHMEASURE(12.7),$);
#4375= IFCPROPERTYSINGLEVALUE('R\X2\00E9\X0\duction du joint d''extr\X2\00E9\X0\mit\X2\00E9\X0\',$,IFCLENGTHMEASURE(12.7),$);
#4376= IFCPROPERTYSINGLEVALUE('El\X2\00E9\X0\vation du niveau de r\X2\00E9\X0\f\X2\00E9\X0\rence',$,IFCLENGTHMEASURE(8850.),$);
#4377= IFCPROPERTYSINGLEVALUE('Longueur de coupe',$,IFCLENGTHMEASURE(814.999999999999),$);
#4378= IFCPROPERTYSINGLEVALUE('Longueur',$,IFCLENGTHMEASURE(900.),$);
#4379= IFCPROPERTYSINGLEVALUE('Volume',$,IFCVOLUMEMEASURE(0.00059984),$);
#4380= IFCPROPERTYSET('0rr6BbjSDDDvarzH0NTjSf',#41,'Autre',$,(#245,#246,#247,#248,#249,#250));
#4382= IFCRELDEFINESBYPROPERTIES('2vaBoVebD6xw5glEEHdTII',#41,$,$,(#4364),#4380);
#4385= IFCPROPERTYSET('3SWCa1Nkb6shp6F2kX2trK',#41,'Contraintes',$,(#233,#234,#4376));
#4387= IFCRELDEFINESBYPROPERTIES('3SWCa1Nkb6shp6FIkX2trK',#41,$,$,(#4364),#4385);
#4390= IFCPROPERTYSET('3SWCa1Nkb6shp6F3sX2trK',#41,'Cotes',$,(#4378,#4379));
#4392= IFCRELDEFINESBYPROPERTIES('3SWCa1Nkb6shp6FJsX2trK',#41,$,$,(#4364),#4390);
#4395= IFCPROPERTYSET('3SWCa1Nkb6shp6F3cX2trK',#41,'Mat\X2\00E9\X0\riaux et finitions',$,(#240));
#4397= IFCRELDEFINESBYPROPERTIES('3SWCa1Nkb6shp6FJcX2trK',#41,$,$,(#4364),#4395);
#4400= IFCPROPERTYSET('3SWCa1Nkb6shp6F32X2trK',#41,'Phase de construction',$,(#235));
#4402= IFCRELDEFINESBYPROPERTIES('3SWCa1Nkb6shp6FJ2X2trK',#41,$,$,(#4364),#4400);
#4405= IFCPROPERTYSET('3SWCa1Nkb6shp6F5EX2trK',#41,'Position g\X2\00E9\X0\om\X2\00E9\X0\trique',$,(#222,#223,#224,#225,#226,#228,#229,#581,#4374,#4375));
#4407= IFCRELDEFINESBYPROPERTIES('3SWCa1Nkb6shp6FLEX2trK',#41,$,$,(#4364),#4405);
#4410= IFCPROPERTYSET('3SWCa1Nkb6shp6F3AX2trK',#41,'Structure',$,(#236,#586,#4377));
#4412= IFCRELDEFINESBYPROPERTIES('3SWCa1Nkb6shp6FJAX2trK',#41,$,$,(#4364),#4410);
#4415= IFCMAPPEDITEM(#880,#556);
#4416= IFCSHAPEREPRESENTATION(#88,'Body','MappedRepresentation',(#4415));
#4418= IFCMAPPEDITEM(#881,#556);
#4419= IFCSHAPEREPRESENTATION(#92,'FootPrint','MappedRepresentation',(#4418));
#4421= IFCPRODUCTDEFINITIONSHAPE($,$,(#4416,#4419));
#4423= IFCCARTESIANPOINT((14709.0827296088,6455.39685252909,1475.));
#4425= IFCAXIS2PLACEMENT3D(#4423,#11,#19);
#4426= IFCLOCALPLACEMENT(#6121,#6172);
#4427= IFCMEMBER('3SWCa1Nkb6shp6EZ_X2trI',#41,'L-Corni\X2\00E8\X0\res:CAE50x8:2421',$,'CAE50x8',#4426,#4421,'2421');
#4430= IFCPROPERTYSINGLEVALUE('Span',$,IFCPOSITIVELENGTHMEASURE(1350.),$);
#4431= IFCPROPERTYSET('3SWCa1Nkb6shp6CScX2trI',#41,'Pset_MemberCommon',$,(#206,#207,#208,#4430));
#4433= IFCRELDEFINESBYPROPERTIES('2faNf3sD15BvdGMT5ImkPI',#41,$,$,(#4427),#4431);
#4437= IFCPROPERTYSINGLEVALUE('R\X2\00E9\X0\duction du joint de d\X2\00E9\X0\but',$,IFCLENGTHMEASURE(12.7),$);
#4438= IFCPROPERTYSINGLEVALUE('R\X2\00E9\X0\duction du joint d''extr\X2\00E9\X0\mit\X2\00E9\X0\',$,IFCLENGTHMEASURE(12.7),$);
#4439= IFCPROPERTYSINGLEVALUE('El\X2\00E9\X0\vation du niveau de r\X2\00E9\X0\f\X2\00E9\X0\rence',$,IFCLENGTHMEASURE(8850.),$);
#4440= IFCPROPERTYSINGLEVALUE('Longueur de coupe',$,IFCLENGTHMEASURE(1270.),$);
#4441= IFCPROPERTYSINGLEVALUE('Longueur',$,IFCLENGTHMEASURE(1350.),$);
#4442= IFCPROPERTYSINGLEVALUE('Volume',$,IFCVOLUMEMEASURE(0.00093472),$);
#4443= IFCPROPERTYSET('19NNEQy2D3t8DiX7_coNlP',#41,'Autre',$,(#245,#246,#247,#248,#249,#250));
#4445= IFCRELDEFINESBYPROPERTIES('3dFh4U0gL1AOMK7pZmOc_q',#41,$,$,(#4427),#4443);
#4448= IFCPROPERTYSET('3SWCa1Nkb6shp6F2kX2trI',#41,'Contraintes',$,(#233,#234,#4439));
#4450= IFCRELDEFINESBYPROPERTIES('3SWCa1Nkb6shp6FIkX2trI',#41,$,$,(#4427),#4448);
#4453= IFCPROPERTYSET('3SWCa1Nkb6shp6F3sX2trI',#41,'Cotes',$,(#4441,#4442));
#4455= IFCRELDEFINESBYPROPERTIES('3SWCa1Nkb6shp6FJsX2trI',#41,$,$,(#4427),#4453);
#4458= IFCPROPERTYSET('3SWCa1Nkb6shp6F3cX2trI',#41,'Mat\X2\00E9\X0\riaux et finitions',$,(#240));
#4460= IFCRELDEFINESBYPROPERTIES('3SWCa1Nkb6shp6FJcX2trI',#41,$,$,(#4427),#4458);
#4463= IFCPROPERTYSET('3SWCa1Nkb6shp6F32X2trI',#41,'Phase de construction',$,(#235));
#4465= IFCRELDEFINESBYPROPERTIES('3SWCa1Nkb6shp6FJ2X2trI',#41,$,$,(#4427),#4463);
#4468= IFCPROPERTYSET('3SWCa1Nkb6shp6F5EX2trI',#41,'Position g\X2\00E9\X0\om\X2\00E9\X0\trique',$,(#222,#223,#224,#225,#226,#228,#229,#581,#4437,#4438));
#4470= IFCRELDEFINESBYPROPERTIES('3SWCa1Nkb6shp6FLEX2trI',#41,$,$,(#4427),#4468);
#4473= IFCPROPERTYSET('3SWCa1Nkb6shp6F3AX2trI',#41,'Structure',$,(#236,#586,#4440));
#4475= IFCRELDEFINESBYPROPERTIES('3SWCa1Nkb6shp6FJAX2trI',#41,$,$,(#4427),#4473);
#4478= IFCMAPPEDITEM(#987,#556);
#4479= IFCSHAPEREPRESENTATION(#88,'Body','MappedRepresentation',(#4478));
#4481= IFCMAPPEDITEM(#988,#556);
#4482= IFCSHAPEREPRESENTATION(#92,'FootPrint','MappedRepresentation',(#4481));
#4484= IFCPRODUCTDEFINITIONSHAPE($,$,(#4479,#4482));
#4486= IFCCARTESIANPOINT((16674.0490318602,6455.39685252908,1250.));
#4488= IFCAXIS2PLACEMENT3D(#4486,#11,#19);
#4489= IFCLOCALPLACEMENT(#6121,#6175);
#4490= IFCMEMBER('3SWCa1Nkb6shp6EZ_X2trG',#41,'L-Corni\X2\00E8\X0\res:CAE50x8:2423',$,'CAE50x8',#4489,#4484,'2423');
#4493= IFCPROPERTYSINGLEVALUE('Span',$,IFCPOSITIVELENGTHMEASURE(900.),$);
#4494= IFCPROPERTYSET('3SWCa1Nkb6shp6CScX2trG',#41,'Pset_MemberCommon',$,(#206,#207,#208,#4493));
#4496= IFCRELDEFINESBYPROPERTIES('1MpMdcpUj28RyHYlmCpFGk',#41,$,$,(#4490),#4494);
#4500= IFCPROPERTYSINGLEVALUE('R\X2\00E9\X0\duction du joint de d\X2\00E9\X0\but',$,IFCLENGTHMEASURE(12.7),$);
#4501= IFCPROPERTYSINGLEVALUE('R\X2\00E9\X0\duction du joint d''extr\X2\00E9\X0\mit\X2\00E9\X0\',$,IFCLENGTHMEASURE(12.7),$);
#4502= IFCPROPERTYSINGLEVALUE('El\X2\00E9\X0\vation du niveau de r\X2\00E9\X0\f\X2\00E9\X0\rence',$,IFCLENGTHMEASURE(8850.),$);
#4503= IFCPROPERTYSINGLEVALUE('Longueur de coupe',$,IFCLENGTHMEASURE(820.),$);
#4504= IFCPROPERTYSINGLEVALUE('Longueur',$,IFCLENGTHMEASURE(900.),$);
#4505= IFCPROPERTYSINGLEVALUE('Volume',$,IFCVOLUMEMEASURE(0.00060352),$);
#4506= IFCPROPERTYSET('1UVpegvuLEkhNH3qPGGxC5',#41,'Autre',$,(#245,#246,#247,#248,#249,#250));
#4508= IFCRELDEFINESBYPROPERTIES('2zQlbLLhv7FAmgpll44m4K',#41,$,$,(#4490),#4506);
#4511= IFCPROPERTYSET('3SWCa1Nkb6shp6F2kX2trG',#41,'Contraintes',$,(#233,#234,#4502));
#4513= IFCRELDEFINESBYPROPERTIES('3SWCa1Nkb6shp6FIkX2trG',#41,$,$,(#4490),#4511);
#4516= IFCPROPERTYSET('3SWCa1Nkb6shp6F3sX2trG',#41,'Cotes',$,(#4504,#4505));
#4518= IFCRELDEFINESBYPROPERTIES('3SWCa1Nkb6shp6FJsX2trG',#41,$,$,(#4490),#4516);
#4521= IFCPROPERTYSET('3SWCa1Nkb6shp6F3cX2trG',#41,'Mat\X2\00E9\X0\riaux et finitions',$,(#240));
#4523= IFCRELDEFINESBYPROPERTIES('3SWCa1Nkb6shp6FJcX2trG',#41,$,$,(#4490),#4521);
#4526= IFCPROPERTYSET('3SWCa1Nkb6shp6F32X2trG',#41,'Phase de construction',$,(#235));
#4528= IFCRELDEFINESBYPROPERTIES('3SWCa1Nkb6shp6FJ2X2trG',#41,$,$,(#4490),#4526);
#4531= IFCPROPERTYSET('3SWCa1Nkb6shp6F5EX2trG',#41,'Position g\X2\00E9\X0\om\X2\00E9\X0\trique',$,(#222,#223,#224,#225,#226,#228,#229,#581,#4500,#4501));
#4533= IFCRELDEFINESBYPROPERTIES('3SWCa1Nkb6shp6FLEX2trG',#41,$,$,(#4490),#4531);
#4536= IFCPROPERTYSET('3SWCa1Nkb6shp6F3AX2trG',#41,'Structure',$,(#236,#586,#4503));
#4538= IFCRELDEFINESBYPROPERTIES('3SWCa1Nkb6shp6FJAX2trG',#41,$,$,(#4490),#4536);
#4541= IFCMAPPEDITEM(#1094,#556);
#4542= IFCSHAPEREPRESENTATION(#88,'Body','MappedRepresentation',(#4541));
#4544= IFCMAPPEDITEM(#1095,#556);
#4545= IFCSHAPEREPRESENTATION(#92,'FootPrint','MappedRepresentation',(#4544));
#4547= IFCPRODUCTDEFINITIONSHAPE($,$,(#4542,#4545));
#4549= IFCCARTESIANPOINT((6849.21752060325,6455.39685252911,1025.));
#4551= IFCAXIS2PLACEMENT3D(#4549,#11,#19);
#4552= IFCLOCALPLACEMENT(#6121,#6178);
#4553= IFCMEMBER('3SWCa1Nkb6shp6EZ_X2trU',#41,'L-Corni\X2\00E8\X0\res:CAE50x8:2425',$,'CAE50x8',#4552,#4547,'2425');
#4556= IFCPROPERTYSINGLEVALUE('Span',$,IFCPOSITIVELENGTHMEASURE(450.),$);
#4557= IFCPROPERTYSET('3SWCa1Nkb6shp6CScX2trU',#41,'Pset_MemberCommon',$,(#206,#207,#208,#4556));
#4559= IFCRELDEFINESBYPROPERTIES('2Nr63zbPbDJQ1UdBm412AW',#41,$,$,(#4553),#4557);
#4563= IFCPROPERTYSINGLEVALUE('R\X2\00E9\X0\duction du joint de d\X2\00E9\X0\but',$,IFCLENGTHMEASURE(12.7),$);
#4564= IFCPROPERTYSINGLEVALUE('R\X2\00E9\X0\duction du joint d''extr\X2\00E9\X0\mit\X2\00E9\X0\',$,IFCLENGTHMEASURE(12.7),$);
#4565= IFCPROPERTYSINGLEVALUE('El\X2\00E9\X0\vation du niveau de r\X2\00E9\X0\f\X2\00E9\X0\rence',$,IFCLENGTHMEASURE(8850.),$);
#4566= IFCPROPERTYSINGLEVALUE('Longueur de coupe',$,IFCLENGTHMEASURE(365.),$);
#4567= IFCPROPERTYSINGLEVALUE('Longueur',$,IFCLENGTHMEASURE(450.),$);
#4568= IFCPROPERTYSINGLEVALUE('Volume',$,IFCVOLUMEMEASURE(0.00026864),$);
#4569= IFCPROPERTYSET('20CMMMCaDF0xTht6iiYNzo',#41,'Autre',$,(#245,#246,#247,#248,#249,#250));
#4571= IFCRELDEFINESBYPROPERTIES('3Y$rAvm6L0T99QTyN7710f',#41,$,$,(#4553),#4569);
#4574= IFCPROPERTYSET('3SWCa1Nkb6shp6F2kX2trU',#41,'Contraintes',$,(#233,#234,#4565));
#4576= IFCRELDEFINESBYPROPERTIES('3SWCa1Nkb6shp6FIkX2trU',#41,$,$,(#4553),#4574);
#4579= IFCPROPERTYSET('3SWCa1Nkb6shp6F3sX2trU',#41,'Cotes',$,(#4567,#4568));
#4581= IFCRELDEFINESBYPROPERTIES('3SWCa1Nkb6shp6FJsX2trU',#41,$,$,(#4553),#4579);
#4584= IFCPROPERTYSET('3SWCa1Nkb6shp6F3cX2trU',#41,'Mat\X2\00E9\X0\riaux et finitions',$,(#240));
#4586= IFCRELDEFINESBYPROPERTIES('3SWCa1Nkb6shp6FJcX2trU',#41,$,$,(#4553),#4584);
#4589= IFCPROPERTYSET('3SWCa1Nkb6shp6F32X2trU',#41,'Phase de construction',$,(#235));
#4591= IFCRELDEFINESBYPROPERTIES('3SWCa1Nkb6shp6FJ2X2trU',#41,$,$,(#4553),#4589);
#4594= IFCPROPERTYSET('3SWCa1Nkb6shp6F5EX2trU',#41,'Position g\X2\00E9\X0\om\X2\00E9\X0\trique',$,(#222,#223,#224,#225,#226,#228,#229,#581,#4563,#4564));
#4596= IFCRELDEFINESBYPROPERTIES('3SWCa1Nkb6shp6FLEX2trU',#41,$,$,(#4553),#4594);
#4599= IFCPROPERTYSET('3SWCa1Nkb6shp6F3AX2trU',#41,'Structure',$,(#236,#586,#4566));
#4601= IFCRELDEFINESBYPROPERTIES('3SWCa1Nkb6shp6FJAX2trU',#41,$,$,(#4553),#4599);
#4604= IFCMAPPEDITEM(#1201,#556);
#4605= IFCSHAPEREPRESENTATION(#88,'Body','MappedRepresentation',(#4604));
#4607= IFCMAPPEDITEM(#1202,#556);
#4608= IFCSHAPEREPRESENTATION(#92,'FootPrint','MappedRepresentation',(#4607));
#4610= IFCPRODUCTDEFINITIONSHAPE($,$,(#4605,#4608));
#4612= IFCCARTESIANPOINT((18639.0153341116,6455.39685252907,1025.));
#4614= IFCAXIS2PLACEMENT3D(#4612,#11,#19);
#4615= IFCLOCALPLACEMENT(#6121,#6181);
#4616= IFCMEMBER('3SWCa1Nkb6shp6EZ_X2trS',#41,'L-Corni\X2\00E8\X0\res:CAE50x8:2427',$,'CAE50x8',#4615,#4610,'2427');
#4619= IFCPROPERTYSINGLEVALUE('Span',$,IFCPOSITIVELENGTHMEASURE(450.),$);
#4620= IFCPROPERTYSET('3SWCa1Nkb6shp6CScX2trS',#41,'Pset_MemberCommon',$,(#206,#207,#208,#4619));
#4622= IFCRELDEFINESBYPROPERTIES('3IltrG8_18pwfUQ2ivfPqK',#41,$,$,(#4616),#4620);
#4626= IFCPROPERTYSINGLEVALUE('R\X2\00E9\X0\duction du joint de d\X2\00E9\X0\but',$,IFCLENGTHMEASURE(12.7),$);
#4627= IFCPROPERTYSINGLEVALUE('R\X2\00E9\X0\duction du joint d''extr\X2\00E9\X0\mit\X2\00E9\X0\',$,IFCLENGTHMEASURE(12.7),$);
#4628= IFCPROPERTYSINGLEVALUE('El\X2\00E9\X0\vation du niveau de r\X2\00E9\X0\f\X2\00E9\X0\rence',$,IFCLENGTHMEASURE(8850.),$);
#4629= IFCPROPERTYSINGLEVALUE('Longueur de coupe',$,IFCLENGTHMEASURE(369.999999999999),$);
#4630= IFCPROPERTYSINGLEVALUE('Longueur',$,IFCLENGTHMEASURE(450.),$);
#4631= IFCPROPERTYSINGLEVALUE('Volume',$,IFCVOLUMEMEASURE(0.00027232),$);
#4632= IFCPROPERTYSET('3AuhrCeFn5oedYwn1nPcfv',#41,'Autre',$,(#245,#246,#247,#248,#249,#250));
#4634= IFCRELDEFINESBYPROPERTIES('31GIqUBb51F8QrXdPVqEz1',#41,$,$,(#4616),#4632);
#4637= IFCPROPERTYSET('3SWCa1Nkb6shp6F2kX2trS',#41,'Contraintes',$,(#233,#234,#4628));
#4639= IFCRELDEFINESBYPROPERTIES('3SWCa1Nkb6shp6FIkX2trS',#41,$,$,(#4616),#4637);
#4642= IFCPROPERTYSET('3SWCa1Nkb6shp6F3sX2trS',#41,'Cotes',$,(#4630,#4631));
#4644= IFCRELDEFINESBYPROPERTIES('3SWCa1Nkb6shp6FJsX2trS',#41,$,$,(#4616),#4642);
#4647= IFCPROPERTYSET('3SWCa1Nkb6shp6F3cX2trS',#41,'Mat\X2\00E9\X0\riaux et finitions',$,(#240));
#4649= IFCRELDEFINESBYPROPERTIES('3SWCa1Nkb6shp6FJcX2trS',#41,$,$,(#4616),#4647);
#4652= IFCPROPERTYSET('3SWCa1Nkb6shp6F32X2trS',#41,'Phase de construction',$,(#235));
#4654= IFCRELDEFINESBYPROPERTIES('3SWCa1Nkb6shp6FJ2X2trS',#41,$,$,(#4616),#4652);
#4657= IFCPROPERTYSET('3SWCa1Nkb6shp6F5EX2trS',#41,'Position g\X2\00E9\X0\om\X2\00E9\X0\trique',$,(#222,#223,#224,#225,#226,#228,#229,#581,#4626,#4627));
#4659= IFCRELDEFINESBYPROPERTIES('3SWCa1Nkb6shp6FLEX2trS',#41,$,$,(#4616),#4657);
#4662= IFCPROPERTYSET('3SWCa1Nkb6shp6F3AX2trS',#41,'Structure',$,(#236,#586,#4629));
#4664= IFCRELDEFINESBYPROPERTIES('3SWCa1Nkb6shp6FJAX2trS',#41,$,$,(#4616),#4662);
#4667= IFCMAPPEDITEM(#1308,#556);
#4668= IFCSHAPEREPRESENTATION(#88,'Body','MappedRepresentation',(#4667));
#4670= IFCMAPPEDITEM(#1309,#556);
#4671= IFCSHAPEREPRESENTATION(#92,'FootPrint','MappedRepresentation',(#4670));
#4673= IFCPRODUCTDEFINITIONSHAPE($,$,(#4668,#4671));
#4675= IFCCARTESIANPOINT((11761.6332762317,6455.3968525291,1700.));
#4677= IFCDIRECTION((0.675475992414959,0.,-0.737381979486227));
#4679= IFCDIRECTION((0.737381979486227,0.,0.675475992414959));
#4681= IFCAXIS2PLACEMENT3D(#4675,#4677,#4679);
#4682= IFCLOCALPLACEMENT(#6121,#6188);
#4683= IFCMEMBER('3SWCa1Nkb6shp6EZ_X2trQ',#41,'L-Corni\X2\00E8\X0\res:CAE50x8:2429',$,'CAE50x8',#4682,#4673,'2429');
#4686= IFCPROPERTYSINGLEVALUE('Span',$,IFCPOSITIVELENGTHMEASURE(2665.),$);
#4687= IFCPROPERTYSET('3SWCa1Nkb6shp6CScX2trQ',#41,'Pset_MemberCommon',$,(#206,#207,#208,#4686));
#4689= IFCRELDEFINESBYPROPERTIES('0$KQcfAPv5dhzhciuCNjoX',#41,$,$,(#4683),#4687);
#4693= IFCPROPERTYSINGLEVALUE('R\X2\00E9\X0\duction du joint de d\X2\00E9\X0\but',$,IFCLENGTHMEASURE(12.7),$);
#4694= IFCPROPERTYSINGLEVALUE('R\X2\00E9\X0\duction du joint d''extr\X2\00E9\X0\mit\X2\00E9\X0\',$,IFCLENGTHMEASURE(12.7),$);
#4695= IFCPROPERTYSINGLEVALUE('El\X2\00E9\X0\vation du niveau de r\X2\00E9\X0\f\X2\00E9\X0\rence',$,IFCLENGTHMEASURE(8850.),$);
#4696= IFCPROPERTYSINGLEVALUE('Longueur de coupe',$,IFCLENGTHMEASURE(2473.),$);
#4697= IFCPROPERTYSINGLEVALUE('Longueur',$,IFCLENGTHMEASURE(2665.),$);
#4698= IFCPROPERTYSINGLEVALUE('Volume',$,IFCVOLUMEMEASURE(0.001820128),$);
#4699= IFCPROPERTYSET('1QamVIclb0JeP$BXpyBx8g',#41,'Autre',$,(#245,#246,#247,#248,#249,#250));
#4701= IFCRELDEFINESBYPROPERTIES('1ZVGaE2qX2BfPBTqd3BSD0',#41,$,$,(#4683),#4699);
#4704= IFCPROPERTYSET('3SWCa1Nkb6shp6F2kX2trQ',#41,'Contraintes',$,(#233,#234,#4695));
#4706= IFCRELDEFINESBYPROPERTIES('3SWCa1Nkb6shp6FIkX2trQ',#41,$,$,(#4683),#4704);
#4709= IFCPROPERTYSET('3SWCa1Nkb6shp6F3sX2trQ',#41,'Cotes',$,(#4697,#4698));
#4711= IFCRELDEFINESBYPROPERTIES('3SWCa1Nkb6shp6FJsX2trQ',#41,$,$,(#4683),#4709);
#4714= IFCPROPERTYSET('3SWCa1Nkb6shp6F3cX2trQ',#41,'Mat\X2\00E9\X0\riaux et finitions',$,(#240));
#4716= IFCRELDEFINESBYPROPERTIES('3SWCa1Nkb6shp6FJcX2trQ',#41,$,$,(#4683),#4714);
#4719= IFCPROPERTYSET('3SWCa1Nkb6shp6F32X2trQ',#41,'Phase de construction',$,(#235));
#4721= IFCRELDEFINESBYPROPERTIES('3SWCa1Nkb6shp6FJ2X2trQ',#41,$,$,(#4683),#4719);
#4724= IFCPROPERTYSET('3SWCa1Nkb6shp6F5EX2trQ',#41,'Position g\X2\00E9\X0\om\X2\00E9\X0\trique',$,(#222,#223,#224,#225,#226,#228,#229,#581,#4693,#4694));
#4726= IFCRELDEFINESBYPROPERTIES('3SWCa1Nkb6shp6FLEX2trQ',#41,$,$,(#4683),#4724);
#4729= IFCPROPERTYSET('3SWCa1Nkb6shp6F3AX2trQ',#41,'Structure',$,(#236,#586,#4696));
#4731= IFCRELDEFINESBYPROPERTIES('3SWCa1Nkb6shp6FJAX2trQ',#41,$,$,(#4683),#4729);
#4734= IFCMAPPEDITEM(#1419,#556);
#4735= IFCSHAPEREPRESENTATION(#88,'Body','MappedRepresentation',(#4734));
#4737= IFCMAPPEDITEM(#1420,#556);
#4738= IFCSHAPEREPRESENTATION(#92,'FootPrint','MappedRepresentation',(#4737));
#4740= IFCPRODUCTDEFINITIONSHAPE($,$,(#4735,#4738));
#4742= IFCCARTESIANPOINT((9796.66697398033,6455.3968525291,1475.));
#4744= IFCDIRECTION((0.566268364334101,0.,-0.824220928850016));
#4746= IFCDIRECTION((0.824220928850016,0.,0.566268364334101));
#4748= IFCAXIS2PLACEMENT3D(#4742,#4744,#4746);
#4749= IFCLOCALPLACEMENT(#6121,#6195);
#4750= IFCMEMBER('3SWCa1Nkb6shp6EZ_X2trO',#41,'L-Corni\X2\00E8\X0\res:CAE50x8:2431',$,'CAE50x8',#4749,#4740,'2431');
#4753= IFCPROPERTYSINGLEVALUE('Span',$,IFCPOSITIVELENGTHMEASURE(2384.),$);
#4754= IFCPROPERTYSET('3SWCa1Nkb6shp6CScX2trO',#41,'Pset_MemberCommon',$,(#206,#207,#208,#4753));
#4756= IFCRELDEFINESBYPROPERTIES('3upfyxp3P9Mf7TC08CkgsM',#41,$,$,(#4750),#4754);
#4760= IFCPROPERTYSINGLEVALUE('R\X2\00E9\X0\duction du joint de d\X2\00E9\X0\but',$,IFCLENGTHMEASURE(12.7),$);
#4761= IFCPROPERTYSINGLEVALUE('R\X2\00E9\X0\duction du joint d''extr\X2\00E9\X0\mit\X2\00E9\X0\',$,IFCLENGTHMEASURE(12.7),$);
#4762= IFCPROPERTYSINGLEVALUE('El\X2\00E9\X0\vation du niveau de r\X2\00E9\X0\f\X2\00E9\X0\rence',$,IFCLENGTHMEASURE(8850.),$);
#4763= IFCPROPERTYSINGLEVALUE('Longueur de coupe',$,IFCLENGTHMEASURE(2136.),$);
#4764= IFCPROPERTYSINGLEVALUE('Longueur',$,IFCLENGTHMEASURE(2384.),$);
#4765= IFCPROPERTYSINGLEVALUE('Volume',$,IFCVOLUMEMEASURE(0.001572096),$);
#4766= IFCPROPERTYSET('1UICnDZu526gC4UQJXDHvt',#41,'Autre',$,(#245,#246,#247,#248,#249,#250));
#4768= IFCRELDEFINESBYPROPERTIES('2WWZP3xgTAXRJFKEsBj5JE',#41,$,$,(#4750),#4766);
#4771= IFCPROPERTYSET('3SWCa1Nkb6shp6F2kX2trO',#41,'Contraintes',$,(#233,#234,#4762));
#4773= IFCRELDEFINESBYPROPERTIES('3SWCa1Nkb6shp6FIkX2trO',#41,$,$,(#4750),#4771);
#4776= IFCPROPERTYSET('3SWCa1Nkb6shp6F3sX2trO',#41,'Cotes',$,(#4764,#4765));
#4778= IFCRELDEFINESBYPROPERTIES('3SWCa1Nkb6shp6FJsX2trO',#41,$,$,(#4750),#4776);
#4781= IFCPROPERTYSET('3SWCa1Nkb6shp6F3cX2trO',#41,'Mat\X2\00E9\X0\riaux et finitions',$,(#240));
#4783= IFCRELDEFINESBYPROPERTIES('3SWCa1Nkb6shp6FJcX2trO',#41,$,$,(#4750),#4781);
#4786= IFCPROPERTYSET('3SWCa1Nkb6shp6F32X2trO',#41,'Phase de construction',$,(#235));
#4788= IFCRELDEFINESBYPROPERTIES('3SWCa1Nkb6shp6FJ2X2trO',#41,$,$,(#4750),#4786);
#4791= IFCPROPERTYSET('3SWCa1Nkb6shp6F5EX2trO',#41,'Position g\X2\00E9\X0\om\X2\00E9\X0\trique',$,(#222,#223,#224,#225,#226,#228,#229,#581,#4760,#4761));
#4793= IFCRELDEFINESBYPROPERTIES('3SWCa1Nkb6shp6FLEX2trO',#41,$,$,(#4750),#4791);
#4796= IFCPROPERTYSET('3SWCa1Nkb6shp6F3AX2trO',#41,'Structure',$,(#236,#586,#4763));
#4798= IFCRELDEFINESBYPROPERTIES('3SWCa1Nkb6shp6FJAX2trO',#41,$,$,(#4750),#4796);
#4801= IFCMAPPEDITEM(#1530,#556);
#4802= IFCSHAPEREPRESENTATION(#88,'Body','MappedRepresentation',(#4801));
#4804= IFCMAPPEDITEM(#1531,#556);
#4805= IFCSHAPEREPRESENTATION(#92,'FootPrint','MappedRepresentation',(#4804));
#4807= IFCPRODUCTDEFINITIONSHAPE($,$,(#4802,#4805));
#4809= IFCCARTESIANPOINT((7831.70067172894,6455.39685252911,1250.));
#4811= IFCDIRECTION((0.416421622971469,0.,-0.909171618519743));
#4813= IFCDIRECTION((0.909171618519743,0.,0.416421622971469));
#4815= IFCAXIS2PLACEMENT3D(#4809,#4811,#4813);
#4816= IFCLOCALPLACEMENT(#6121,#6202);
#4817= IFCMEMBER('3SWCa1Nkb6shp6EZ_X2tsc',#41,'L-Corni\X2\00E8\X0\res:CAE50x8:2433',$,'CAE50x8',#4816,#4807,'2433');
#4820= IFCPROPERTYSINGLEVALUE('Span',$,IFCPOSITIVELENGTHMEASURE(2161.),$);
#4821= IFCPROPERTYSET('3SWCa1Nkb6shp6CScX2tsc',#41,'Pset_MemberCommon',$,(#206,#207,#208,#4820));
#4823= IFCRELDEFINESBYPROPERTIES('26jR0D5Av06AbADhfYmcIK',#41,$,$,(#4817),#4821);
#4827= IFCPROPERTYSINGLEVALUE('R\X2\00E9\X0\duction du joint de d\X2\00E9\X0\but',$,IFCLENGTHMEASURE(12.7),$);
#4828= IFCPROPERTYSINGLEVALUE('R\X2\00E9\X0\duction du joint d''extr\X2\00E9\X0\mit\X2\00E9\X0\',$,IFCLENGTHMEASURE(12.7),$);
#4829= IFCPROPERTYSINGLEVALUE('El\X2\00E9\X0\vation du niveau de r\X2\00E9\X0\f\X2\00E9\X0\rence',$,IFCLENGTHMEASURE(8850.),$);
#4830= IFCPROPERTYSINGLEVALUE('Longueur de coupe',$,IFCLENGTHMEASURE(1751.),$);
#4831= IFCPROPERTYSINGLEVALUE('Longueur',$,IFCLENGTHMEASURE(2161.),$);
#4832= IFCPROPERTYSINGLEVALUE('Volume',$,IFCVOLUMEMEASURE(0.001288736),$);
#4833= IFCPROPERTYSET('2GS2qStWjEqeInInHyXDQA',#41,'Autre',$,(#245,#246,#247,#248,#249,#250));
#4835= IFCRELDEFINESBYPROPERTIES('31$kMYF0j7JwOGCH5RrOzE',#41,$,$,(#4817),#4833);
#4838= IFCPROPERTYSET('3SWCa1Nkb6shp6F2kX2tsc',#41,'Contraintes',$,(#233,#234,#4829));
#4840= IFCRELDEFINESBYPROPERTIES('3SWCa1Nkb6shp6FIkX2tsc',#41,$,$,(#4817),#4838);
#4843= IFCPROPERTYSET('3SWCa1Nkb6shp6F3sX2tsc',#41,'Cotes',$,(#4831,#4832));
#4845= IFCRELDEFINESBYPROPERTIES('3SWCa1Nkb6shp6FJsX2tsc',#41,$,$,(#4817),#4843);
#4848= IFCPROPERTYSET('3SWCa1Nkb6shp6F3cX2tsc',#41,'Mat\X2\00E9\X0\riaux et finitions',$,(#240));
#4850= IFCRELDEFINESBYPROPERTIES('3SWCa1Nkb6shp6FJcX2tsc',#41,$,$,(#4817),#4848);
#4853= IFCPROPERTYSET('3SWCa1Nkb6shp6F32X2tsc',#41,'Phase de construction',$,(#235));
#4855= IFCRELDEFINESBYPROPERTIES('3SWCa1Nkb6shp6FJ2X2tsc',#41,$,$,(#4817),#4853);
#4858= IFCPROPERTYSET('3SWCa1Nkb6shp6F5EX2tsc',#41,'Position g\X2\00E9\X0\om\X2\00E9\X0\trique',$,(#222,#223,#224,#225,#226,#228,#229,#581,#4827,#4828));
#4860= IFCRELDEFINESBYPROPERTIES('3SWCa1Nkb6shp6FLEX2tsc',#41,$,$,(#4817),#4858);
#4863= IFCPROPERTYSET('3SWCa1Nkb6shp6F3AX2tsc',#41,'Structure',$,(#236,#586,#4830));
#4865= IFCRELDEFINESBYPROPERTIES('3SWCa1Nkb6shp6FJAX2tsc',#41,$,$,(#4817),#4863);
#4868= IFCMAPPEDITEM(#1641,#556);
#4869= IFCSHAPEREPRESENTATION(#88,'Body','MappedRepresentation',(#4868));
#4871= IFCMAPPEDITEM(#1642,#556);
#4872= IFCSHAPEREPRESENTATION(#92,'FootPrint','MappedRepresentation',(#4871));
#4874= IFCPRODUCTDEFINITIONSHAPE($,$,(#4869,#4872));
#4876= IFCCARTESIANPOINT((13726.5995784831,6455.39685252909,1700.));
#4878= IFCDIRECTION((-0.67547599241496,0.,-0.737381979486226));
#4880= IFCDIRECTION((0.737381979486226,0.,-0.67547599241496));
#4882= IFCAXIS2PLACEMENT3D(#4876,#4878,#4880);
#4883= IFCLOCALPLACEMENT(#6121,#6209);
#4884= IFCMEMBER('3SWCa1Nkb6shp6EZ_X2tsa',#41,'L-Corni\X2\00E8\X0\res:CAE50x8:2435',$,'CAE50x8',#4883,#4874,'2435');
#4887= IFCPROPERTYSINGLEVALUE('Span',$,IFCPOSITIVELENGTHMEASURE(2665.),$);
#4888= IFCPROPERTYSET('3SWCa1Nkb6shp6CScX2tsa',#41,'Pset_MemberCommon',$,(#206,#207,#208,#4887));
#4890= IFCRELDEFINESBYPROPERTIES('1dSyKHUYX23eZJrWUU97_N',#41,$,$,(#4884),#4888);
#4894= IFCPROPERTYSINGLEVALUE('R\X2\00E9\X0\duction du joint de d\X2\00E9\X0\but',$,IFCLENGTHMEASURE(12.7),$);
#4895= IFCPROPERTYSINGLEVALUE('R\X2\00E9\X0\duction du joint d''extr\X2\00E9\X0\mit\X2\00E9\X0\',$,IFCLENGTHMEASURE(12.7),$);
#4896= IFCPROPERTYSINGLEVALUE('El\X2\00E9\X0\vation du niveau de r\X2\00E9\X0\f\X2\00E9\X0\rence',$,IFCLENGTHMEASURE(8850.),$);
#4897= IFCPROPERTYSINGLEVALUE('Longueur de coupe',$,IFCLENGTHMEASURE(2473.),$);
#4898= IFCPROPERTYSINGLEVALUE('Longueur',$,IFCLENGTHMEASURE(2665.),$);
#4899= IFCPROPERTYSINGLEVALUE('Volume',$,IFCVOLUMEMEASURE(0.001820128),$);
#4900= IFCPROPERTYSET('1jQGnochXEwQA4cteHAU_T',#41,'Autre',$,(#245,#246,#247,#248,#249,#250));
#4902= IFCRELDEFINESBYPROPERTIES('1qF3IYZvf0NuyjkIaRjRg3',#41,$,$,(#4884),#4900);
#4905= IFCPROPERTYSET('3SWCa1Nkb6shp6F2kX2tsa',#41,'Contraintes',$,(#233,#234,#4896));
#4907= IFCRELDEFINESBYPROPERTIES('3SWCa1Nkb6shp6FIkX2tsa',#41,$,$,(#4884),#4905);
#4910= IFCPROPERTYSET('3SWCa1Nkb6shp6F3sX2tsa',#41,'Cotes',$,(#4898,#4899));
#4912= IFCRELDEFINESBYPROPERTIES('3SWCa1Nkb6shp6FJsX2tsa',#41,$,$,(#4884),#4910);
#4915= IFCPROPERTYSET('3SWCa1Nkb6shp6F3cX2tsa',#41,'Mat\X2\00E9\X0\riaux et finitions',$,(#240));
#4917= IFCRELDEFINESBYPROPERTIES('3SWCa1Nkb6shp6FJcX2tsa',#41,$,$,(#4884),#4915);
#4920= IFCPROPERTYSET('3SWCa1Nkb6shp6F32X2tsa',#41,'Phase de construction',$,(#235));
#4922= IFCRELDEFINESBYPROPERTIES('3SWCa1Nkb6shp6FJ2X2tsa',#41,$,$,(#4884),#4920);
#4925= IFCPROPERTYSET('3SWCa1Nkb6shp6F5EX2tsa',#41,'Position g\X2\00E9\X0\om\X2\00E9\X0\trique',$,(#222,#223,#224,#225,#226,#228,#229,#581,#4894,#4895));
#4927= IFCRELDEFINESBYPROPERTIES('3SWCa1Nkb6shp6FLEX2tsa',#41,$,$,(#4884),#4925);
#4930= IFCPROPERTYSET('3SWCa1Nkb6shp6F3AX2tsa',#41,'Structure',$,(#236,#586,#4897));
#4932= IFCRELDEFINESBYPROPERTIES('3SWCa1Nkb6shp6FJAX2tsa',#41,$,$,(#4884),#4930);
#4935= IFCMAPPEDITEM(#1752,#556);
#4936= IFCSHAPEREPRESENTATION(#88,'Body','MappedRepresentation',(#4935));
#4938= IFCMAPPEDITEM(#1753,#556);
#4939= IFCSHAPEREPRESENTATION(#92,'FootPrint','MappedRepresentation',(#4938));
#4941= IFCPRODUCTDEFINITIONSHAPE($,$,(#4936,#4939));
#4943= IFCCARTESIANPOINT((15691.5658807345,6455.39685252908,1475.));
#4945= IFCDIRECTION((-0.566268364334101,0.,-0.824220928850015));
#4947= IFCDIRECTION((0.824220928850015,0.,-0.566268364334101));
#4949= IFCAXIS2PLACEMENT3D(#4943,#4945,#4947);
#4950= IFCLOCALPLACEMENT(#6121,#6216);
#4951= IFCMEMBER('3SWCa1Nkb6shp6EZ_X2tsY',#41,'L-Corni\X2\00E8\X0\res:CAE50x8:2437',$,'CAE50x8',#4950,#4941,'2437');
#4954= IFCPROPERTYSINGLEVALUE('Span',$,IFCPOSITIVELENGTHMEASURE(2384.),$);
#4955= IFCPROPERTYSET('3SWCa1Nkb6shp6CScX2tsY',#41,'Pset_MemberCommon',$,(#206,#207,#208,#4954));
#4957= IFCRELDEFINESBYPROPERTIES('1scAROeP5CygHFelzoGZ3G',#41,$,$,(#4951),#4955);
#4961= IFCPROPERTYSINGLEVALUE('R\X2\00E9\X0\duction du joint de d\X2\00E9\X0\but',$,IFCLENGTHMEASURE(12.7),$);
#4962= IFCPROPERTYSINGLEVALUE('R\X2\00E9\X0\duction du joint d''extr\X2\00E9\X0\mit\X2\00E9\X0\',$,IFCLENGTHMEASURE(12.7),$);
#4963= IFCPROPERTYSINGLEVALUE('El\X2\00E9\X0\vation du niveau de r\X2\00E9\X0\f\X2\00E9\X0\rence',$,IFCLENGTHMEASURE(8850.),$);
#4964= IFCPROPERTYSINGLEVALUE('Longueur de coupe',$,IFCLENGTHMEASURE(2136.),$);
#4965= IFCPROPERTYSINGLEVALUE('Longueur',$,IFCLENGTHMEASURE(2384.),$);
#4966= IFCPROPERTYSINGLEVALUE('Volume',$,IFCVOLUMEMEASURE(0.001572096),$);
#4967= IFCPROPERTYSET('1INFghqaj5COiT6vxNIOD8',#41,'Autre',$,(#245,#246,#247,#248,#249,#250));
#4969= IFCRELDEFINESBYPROPERTIES('08Rw3xIlPA79DoLQHArexC',#41,$,$,(#4951),#4967);
#4972= IFCPROPERTYSET('3SWCa1Nkb6shp6F2kX2tsY',#41,'Contraintes',$,(#233,#234,#4963));
#4974= IFCRELDEFINESBYPROPERTIES('3SWCa1Nkb6shp6FIkX2tsY',#41,$,$,(#4951),#4972);
#4977= IFCPROPERTYSET('3SWCa1Nkb6shp6F3sX2tsY',#41,'Cotes',$,(#4965,#4966));
#4979= IFCRELDEFINESBYPROPERTIES('3SWCa1Nkb6shp6FJsX2tsY',#41,$,$,(#4951),#4977);
#4982= IFCPROPERTYSET('3SWCa1Nkb6shp6F3cX2tsY',#41,'Mat\X2\00E9\X0\riaux et finitions',$,(#240));
#4984= IFCRELDEFINESBYPROPERTIES('3SWCa1Nkb6shp6FJcX2tsY',#41,$,$,(#4951),#4982);
#4987= IFCPROPERTYSET('3SWCa1Nkb6shp6F32X2tsY',#41,'Phase de construction',$,(#235));
#4989= IFCRELDEFINESBYPROPERTIES('3SWCa1Nkb6shp6FJ2X2tsY',#41,$,$,(#4951),#4987);
#4992= IFCPROPERTYSET('3SWCa1Nkb6shp6F5EX2tsY',#41,'Position g\X2\00E9\X0\om\X2\00E9\X0\trique',$,(#222,#223,#224,#225,#226,#228,#229,#581,#4961,#4962));
#4994= IFCRELDEFINESBYPROPERTIES('3SWCa1Nkb6shp6FLEX2tsY',#41,$,$,(#4951),#4992);
#4997= IFCPROPERTYSET('3SWCa1Nkb6shp6F3AX2tsY',#41,'Structure',$,(#236,#586,#4964));
#4999= IFCRELDEFINESBYPROPERTIES('3SWCa1Nkb6shp6FJAX2tsY',#41,$,$,(#4951),#4997);
#5002= IFCMAPPEDITEM(#1863,#556);
#5003= IFCSHAPEREPRESENTATION(#88,'Body','MappedRepresentation',(#5002));
#5005= IFCMAPPEDITEM(#1864,#556);
#5006= IFCSHAPEREPRESENTATION(#92,'FootPrint','MappedRepresentation',(#5005));
#5008= IFCPRODUCTDEFINITIONSHAPE($,$,(#5003,#5006));
#5010= IFCCARTESIANPOINT((17656.5321829859,6455.39685252908,1250.));
#5012= IFCDIRECTION((-0.416421622971467,0.,-0.909171618519743));
#5014= IFCDIRECTION((0.909171618519743,0.,-0.416421622971467));
#5016= IFCAXIS2PLACEMENT3D(#5010,#5012,#5014);
#5017= IFCLOCALPLACEMENT(#6121,#6223);
#5018= IFCMEMBER('3SWCa1Nkb6shp6EZ_X2tsW',#41,'L-Corni\X2\00E8\X0\res:CAE50x8:2439',$,'CAE50x8',#5017,#5008,'2439');
#5021= IFCPROPERTYSINGLEVALUE('Span',$,IFCPOSITIVELENGTHMEASURE(2161.),$);
#5022= IFCPROPERTYSET('3SWCa1Nkb6shp6CScX2tsW',#41,'Pset_MemberCommon',$,(#206,#207,#208,#5021));
#5024= IFCRELDEFINESBYPROPERTIES('38Bm01$xjCVf0nU917poVs',#41,$,$,(#5018),#5022);
#5028= IFCPROPERTYSINGLEVALUE('R\X2\00E9\X0\duction du joint de d\X2\00E9\X0\but',$,IFCLENGTHMEASURE(12.7),$);
#5029= IFCPROPERTYSINGLEVALUE('R\X2\00E9\X0\duction du joint d''extr\X2\00E9\X0\mit\X2\00E9\X0\',$,IFCLENGTHMEASURE(12.7),$);
#5030= IFCPROPERTYSINGLEVALUE('El\X2\00E9\X0\vation du niveau de r\X2\00E9\X0\f\X2\00E9\X0\rence',$,IFCLENGTHMEASURE(8850.),$);
#5031= IFCPROPERTYSINGLEVALUE('Longueur de coupe',$,IFCLENGTHMEASURE(1751.),$);
#5032= IFCPROPERTYSINGLEVALUE('Longueur',$,IFCLENGTHMEASURE(2161.),$);
#5033= IFCPROPERTYSINGLEVALUE('Volume',$,IFCVOLUMEMEASURE(0.001288736),$);
#5034= IFCPROPERTYSET('0qeA_dM_19oxw5AVMoWxFf',#41,'Autre',$,(#245,#246,#247,#248,#249,#250));
#5036= IFCRELDEFINESBYPROPERTIES('1ADfj7LIj6wvLFrfTBhBY_',#41,$,$,(#5018),#5034);
#5039= IFCPROPERTYSET('3SWCa1Nkb6shp6F2kX2tsW',#41,'Contraintes',$,(#233,#234,#5030));
#5041= IFCRELDEFINESBYPROPERTIES('3SWCa1Nkb6shp6FIkX2tsW',#41,$,$,(#5018),#5039);
#5044= IFCPROPERTYSET('3SWCa1Nkb6shp6F3sX2tsW',#41,'Cotes',$,(#5032,#5033));
#5046= IFCRELDEFINESBYPROPERTIES('3SWCa1Nkb6shp6FJsX2tsW',#41,$,$,(#5018),#5044);
#5049= IFCPROPERTYSET('3SWCa1Nkb6shp6F3cX2tsW',#41,'Mat\X2\00E9\X0\riaux et finitions',$,(#240));
#5051= IFCRELDEFINESBYPROPERTIES('3SWCa1Nkb6shp6FJcX2tsW',#41,$,$,(#5018),#5049);
#5054= IFCPROPERTYSET('3SWCa1Nkb6shp6F32X2tsW',#41,'Phase de construction',$,(#235));
#5056= IFCRELDEFINESBYPROPERTIES('3SWCa1Nkb6shp6FJ2X2tsW',#41,$,$,(#5018),#5054);
#5059= IFCPROPERTYSET('3SWCa1Nkb6shp6F5EX2tsW',#41,'Position g\X2\00E9\X0\om\X2\00E9\X0\trique',$,(#222,#223,#224,#225,#226,#228,#229,#581,#5028,#5029));
#5061= IFCRELDEFINESBYPROPERTIES('3SWCa1Nkb6shp6FLEX2tsW',#41,$,$,(#5018),#5059);
#5064= IFCPROPERTYSET('3SWCa1Nkb6shp6F3AX2tsW',#41,'Structure',$,(#236,#586,#5031));
#5066= IFCRELDEFINESBYPROPERTIES('3SWCa1Nkb6shp6FJAX2tsW',#41,$,$,(#5018),#5064);
#5069= IFCCARTESIANPOINT((12771.8966649016,1446.99035094504,2600.));
#5071= IFCAXIS2PLACEMENT3D(#5069,#19,#15);
#5072= IFCLOCALPLACEMENT(#124,#5071);
#5073= IFCCARTESIANPOINT((1.08357767203415E-12,-1.08357767203415E-12));
#5075= IFCAXIS2PLACEMENT2D(#5073,#27);
#5076= IFCISHAPEPROFILEDEF(.AREA.,'IPE80',#5075,46.0000000000004,80.0000000000013,3.8000000000013,5.20000000000098,$);
#5077= IFCCARTESIANPOINT((37.2377526343005,0.,-40.));
#5079= IFCAXIS2PLACEMENT3D(#5077,#11,#21);
#5080= IFCEXTRUDEDAREASOLID(#5076,#5079,#19,8501.);
#5081= IFCSTYLEDITEM(#5080,(#155),$);
#5084= IFCSHAPEREPRESENTATION(#88,'Body','SweptSolid',(#5080));
#5086= IFCCARTESIANPOINT((8538.4755052686,0.));
#5088= IFCPOLYLINE((#9,#5086));
#5090= IFCSHAPEREPRESENTATION(#86,'Axis','Curve2D',(#5088));
#5092= IFCPRODUCTDEFINITIONSHAPE($,$,(#5090,#5084));
#5094= IFCBEAM('3SWCa1Nkb6shp6EZ_X2tsk',#41,'IPE-Poutrelles:IPE80:2441',$,'IPE-Poutrelles:IPE80:2674',#5072,#5092,'2441');
#5097= IFCPROPERTYSINGLEVALUE('Reference',$,IFCIDENTIFIER('IPE80'),$);
#5098= IFCPROPERTYSINGLEVALUE('Span',$,IFCPOSITIVELENGTHMEASURE(8538.),$);
#5099= IFCPROPERTYSET('3SWCa1Nkb6shp6CTQX2tsk',#41,'Pset_BeamCommon',$,(#207,#208,#210,#5097,#5098));
#5101= IFCRELDEFINESBYPROPERTIES('0o2mh$F2j7HAv6TWYAR5xQ',#41,$,$,(#5094),#5099);
#5105= IFCPROPERTYSINGLEVALUE('Justification Z',$,IFCIDENTIFIER('Haut'),$);
#5106= IFCPROPERTYSINGLEVALUE('R\X2\00E9\X0\duction du joint de d\X2\00E9\X0\but',$,IFCLENGTHMEASURE(12.7),$);
#5107= IFCPROPERTYSINGLEVALUE('D\X2\00E9\X0\calage du niveau d''arriv\X2\00E9\X0\e',$,IFCLENGTHMEASURE(2600.),$);
#5108= IFCPROPERTYSINGLEVALUE('D\X2\00E9\X0\calage du niveau de d\X2\00E9\X0\part',$,IFCLENGTHMEASURE(2600.),$);
#5109= IFCPROPERTYSINGLEVALUE('El\X2\00E9\X0\vation du niveau de r\X2\00E9\X0\f\X2\00E9\X0\rence',$,IFCLENGTHMEASURE(8850.),$);
#5110= IFCPROPERTYSINGLEVALUE('Longueur de coupe',$,IFCLENGTHMEASURE(8501.),$);
#5111= IFCPROPERTYSINGLEVALUE('Utilisation structurelle',$,IFCIDENTIFIER('Autre'),$);
#5112= IFCPROPERTYSINGLEVALUE('El\X2\00E9\X0\vation \X2\00E0\X0\ la base',$,IFCLENGTHMEASURE(11370.),$);
#5113= IFCPROPERTYSINGLEVALUE('El\X2\00E9\X0\vation en haut',$,IFCLENGTHMEASURE(11450.),$);
#5114= IFCPROPERTYSINGLEVALUE('Longueur',$,IFCLENGTHMEASURE(8538.),$);
#5115= IFCPROPERTYSINGLEVALUE('Volume',$,IFCVOLUMEMEASURE(0.00631522288000006),$);
#5116= IFCPROPERTYSINGLEVALUE('Commentaires',$,IFCTEXT(''),$);
#5117= IFCPROPERTYSINGLEVALUE('Famille',$,IFCLABEL('IPE-Poutrelles: IPE80'),$);
#5118= IFCPROPERTYSINGLEVALUE('Famille et type',$,IFCLABEL('IPE-Poutrelles: IPE80'),$);
#5119= IFCPROPERTYSINGLEVALUE('ID du type',$,IFCLABEL('IPE-Poutrelles: IPE80'),$);
#5120= IFCPROPERTYSINGLEVALUE('Type',$,IFCLABEL('IPE-Poutrelles: IPE80'),$);
#5121= IFCPROPERTYSINGLEVALUE('A',$,IFCAREAMEASURE(0.000764),$);
#5122= IFCPROPERTYSINGLEVALUE('W',$,IFCREAL(0.0588399),$);
#5123= IFCPROPERTYSINGLEVALUE('bf',$,IFCLENGTHMEASURE(46.),$);
#5124= IFCPROPERTYSINGLEVALUE('d',$,IFCLENGTHMEASURE(80.),$);
#5125= IFCPROPERTYSINGLEVALUE('k',$,IFCLENGTHMEASURE(10.2),$);
#5126= IFCPROPERTYSINGLEVALUE('tf',$,IFCLENGTHMEASURE(5.2),$);
#5127= IFCPROPERTYSINGLEVALUE('tr',$,IFCLENGTHMEASURE(5.),$);
#5128= IFCPROPERTYSINGLEVALUE('tw',$,IFCLENGTHMEASURE(3.8),$);
#5129= IFCPROPERTYSINGLEVALUE('Nom du type',$,IFCTEXT('IPE80'),$);
#5130= IFCPROPERTYSINGLEVALUE('Nom de la famille',$,IFCTEXT('IPE-Poutrelles'),$);
#5131= IFCPROPERTYSET('09A2jH$DH6N91m_u0FJW2g',#41,'Autre',$,(#245,#5117,#5118,#5119,#5120));
#5133= IFCRELDEFINESBYPROPERTIES('196FW_ncHECPHAcJAY$uU_',#41,$,$,(#5094),#5131);
#5136= IFCPROPERTYSET('3SWCa1Nkb6shp6F2kX2tsk',#41,'Contraintes',$,(#233,#234,#5107,#5108,#5109));
#5138= IFCRELDEFINESBYPROPERTIES('3SWCa1Nkb6shp6FIkX2tsk',#41,$,$,(#5094),#5136);
#5141= IFCPROPERTYSET('3SWCa1Nkb6shp6F3sX2tsk',#41,'Cotes',$,(#5112,#5113,#5114,#5115));
#5143= IFCRELDEFINESBYPROPERTIES('3SWCa1Nkb6shp6FJsX2tsk',#41,$,$,(#5094),#5141);
#5146= IFCPROPERTYSET('3SWCa1Nkb6shp6F3wX2tsk',#41,'Donn\X2\00E9\X0\es d''identification',$,(#5116));
#5148= IFCRELDEFINESBYPROPERTIES('3SWCa1Nkb6shp6FJwX2tsk',#41,$,$,(#5094),#5146);
#5151= IFCPROPERTYSET('3SWCa1Nkb6shp6F3cX2tsk',#41,'Mat\X2\00E9\X0\riaux et finitions',$,(#240));
#5153= IFCRELDEFINESBYPROPERTIES('3SWCa1Nkb6shp6FJcX2tsk',#41,$,$,(#5094),#5151);
#5156= IFCPROPERTYSET('3SWCa1Nkb6shp6F32X2tsk',#41,'Phase de construction',$,(#235));
#5158= IFCRELDEFINESBYPROPERTIES('3SWCa1Nkb6shp6FJ2X2tsk',#41,$,$,(#5094),#5156);
#5161= IFCPROPERTYSET('3SWCa1Nkb6shp6F5EX2tsk',#41,'Position g\X2\00E9\X0\om\X2\00E9\X0\trique',$,(#222,#223,#224,#225,#226,#228,#229,#5105,#5106));
#5163= IFCRELDEFINESBYPROPERTIES('3SWCa1Nkb6shp6FLEX2tsk',#41,$,$,(#5094),#5161);
#5166= IFCPROPERTYSET('3SWCa1Nkb6shp6F3AX2tsk',#41,'Structure',$,(#236,#237,#5110,#5111));
#5168= IFCRELDEFINESBYPROPERTIES('3SWCa1Nkb6shp6FJAX2tsk',#41,$,$,(#5094),#5166);
#5171= IFCPROPERTYSET('2dmzZmAJH9dQ15bssG0Ob7',#41,'Autre',$,(#245,#5130));
#5173= IFCPROPERTYSET('3SWCa1Nkb6shp6F3sX2tvL',#41,'Cotes',$,(#5123,#5124,#5125,#5126,#5127,#5128));
#5175= IFCPROPERTYSET('3SWCa1Nkb6shp6F3wX2tvL',#41,'Donn\X2\00E9\X0\es d''identification',$,(#260,#261,#262,#264,#265,#5129));
#5177= IFCPROPERTYSET('3SWCa1Nkb6shp6F3AX2tvL',#41,'Structure',$,(#252,#5121,#5122));
#5179= IFCCARTESIANPOINT((15752.6094297701,9985.46585621363,1999.77642848457));
#5181= IFCAXIS2PLACEMENT3D(#5179,#19,#17);
#5182= IFCLOCALPLACEMENT(#124,#5181);
#5183= IFCCARTESIANPOINT((1.08357767203415E-12,3.24895665926306E-12));
#5185= IFCAXIS2PLACEMENT2D(#5183,#27);
#5186= IFCISHAPEPROFILEDEF(.AREA.,'IPE80',#5185,46.0000000000004,80.0000000000013,3.8000000000013,5.20000000000098,$);
#5187= IFCCARTESIANPOINT((0.,0.,-40.));
#5189= IFCAXIS2PLACEMENT3D(#5187,#11,#21);
#5190= IFCEXTRUDEDAREASOLID(#5186,#5189,#19,11464.);
#5191= IFCSTYLEDITEM(#5190,(#155),$);
#5194= IFCSHAPEREPRESENTATION(#88,'Body','SweptSolid',(#5190));
#5196= IFCCARTESIANPOINT((11500.,0.));
#5198= IFCPOLYLINE((#9,#5196));
#5200= IFCSHAPEREPRESENTATION(#86,'Axis','Curve2D',(#5198));
#5202= IFCPRODUCTDEFINITIONSHAPE($,$,(#5200,#5194));
#5204= IFCBEAM('3SWCa1Nkb6shp6EZ_X2tsi',#41,'IPE-Poutrelles:IPE80:2443',$,'IPE-Poutrelles:IPE80:2674',#5182,#5202,'2443');
#5207= IFCPROPERTYSINGLEVALUE('Span',$,IFCPOSITIVELENGTHMEASURE(11500.),$);
#5208= IFCPROPERTYSET('3SWCa1Nkb6shp6CTQX2tsi',#41,'Pset_BeamCommon',$,(#207,#208,#210,#5097,#5207));
#5210= IFCRELDEFINESBYPROPERTIES('3ZJI6X_CXD2OnzQm4sAiE4',#41,$,$,(#5204),#5208);
#5214= IFCPROPERTYSINGLEVALUE('R\X2\00E9\X0\duction du joint d''extr\X2\00E9\X0\mit\X2\00E9\X0\',$,IFCLENGTHMEASURE(12.7),$);
#5215= IFCPROPERTYSINGLEVALUE('D\X2\00E9\X0\calage du niveau d''arriv\X2\00E9\X0\e',$,IFCLENGTHMEASURE(1999.77642848457),$);
#5216= IFCPROPERTYSINGLEVALUE('D\X2\00E9\X0\calage du niveau de d\X2\00E9\X0\part',$,IFCLENGTHMEASURE(1999.77642848457),$);
#5217= IFCPROPERTYSINGLEVALUE('El\X2\00E9\X0\vation du niveau de r\X2\00E9\X0\f\X2\00E9\X0\rence',$,IFCLENGTHMEASURE(8850.),$);
#5218= IFCPROPERTYSINGLEVALUE('Longueur de coupe',$,IFCLENGTHMEASURE(11464.),$);
#5219= IFCPROPERTYSINGLEVALUE('El\X2\00E9\X0\vation \X2\00E0\X0\ la base',$,IFCLENGTHMEASURE(10769.7764284846),$);
#5220= IFCPROPERTYSINGLEVALUE('El\X2\00E9\X0\vation en haut',$,IFCLENGTHMEASURE(10849.7764284846),$);
#5221= IFCPROPERTYSINGLEVALUE('Longueur',$,IFCLENGTHMEASURE(11500.),$);
#5222= IFCPROPERTYSINGLEVALUE('Volume',$,IFCVOLUMEMEASURE(0.00851637632000008),$);
#5223= IFCPROPERTYSET('3yz_p5TU92L9FS_hiS_QCH',#41,'Autre',$,(#245,#5117,#5118,#5119,#5120));
#5225= IFCRELDEFINESBYPROPERTIES('3Kg98XKUb2fua4s48gmT3I',#41,$,$,(#5204),#5223);
#5228= IFCPROPERTYSET('3SWCa1Nkb6shp6F2kX2tsi',#41,'Contraintes',$,(#233,#234,#5215,#5216,#5217));
#5230= IFCRELDEFINESBYPROPERTIES('3SWCa1Nkb6shp6FIkX2tsi',#41,$,$,(#5204),#5228);
#5233= IFCPROPERTYSET('3SWCa1Nkb6shp6F3sX2tsi',#41,'Cotes',$,(#5219,#5220,#5221,#5222));
#5235= IFCRELDEFINESBYPROPERTIES('3SWCa1Nkb6shp6FJsX2tsi',#41,$,$,(#5204),#5233);
#5238= IFCPROPERTYSET('3SWCa1Nkb6shp6F3wX2tsi',#41,'Donn\X2\00E9\X0\es d''identification',$,(#5116));
#5240= IFCRELDEFINESBYPROPERTIES('3SWCa1Nkb6shp6FJwX2tsi',#41,$,$,(#5204),#5238);
#5243= IFCPROPERTYSET('3SWCa1Nkb6shp6F3cX2tsi',#41,'Mat\X2\00E9\X0\riaux et finitions',$,(#240));
#5245= IFCRELDEFINESBYPROPERTIES('3SWCa1Nkb6shp6FJcX2tsi',#41,$,$,(#5204),#5243);
#5248= IFCPROPERTYSET('3SWCa1Nkb6shp6F32X2tsi',#41,'Phase de construction',$,(#235));
#5250= IFCRELDEFINESBYPROPERTIES('3SWCa1Nkb6shp6FJ2X2tsi',#41,$,$,(#5204),#5248);
#5253= IFCPROPERTYSET('3SWCa1Nkb6shp6F5EX2tsi',#41,'Position g\X2\00E9\X0\om\X2\00E9\X0\trique',$,(#222,#223,#224,#225,#226,#228,#229,#5105,#5214));
#5255= IFCRELDEFINESBYPROPERTIES('3SWCa1Nkb6shp6FLEX2tsi',#41,$,$,(#5204),#5253);
#5258= IFCPROPERTYSET('3SWCa1Nkb6shp6F3AX2tsi',#41,'Structure',$,(#236,#237,#5111,#5218));
#5260= IFCRELDEFINESBYPROPERTIES('3SWCa1Nkb6shp6FJAX2tsi',#41,$,$,(#5204),#5258);
#5263= IFCCARTESIANPOINT((15752.60942977,-1514.53414378637,1999.77642848457));
#5265= IFCAXIS2PLACEMENT3D(#5263,#19,#13);
#5266= IFCLOCALPLACEMENT(#124,#5265);
#5267= IFCCARTESIANPOINT((1.08357767203415E-12,2.70006239588838E-13));
#5269= IFCAXIS2PLACEMENT2D(#5267,#27);
#5270= IFCISHAPEPROFILEDEF(.AREA.,'IPE80',#5269,46.0000000000193,80.0000000000013,3.79999999974295,5.20000000000098,$);
#5271= IFCCARTESIANPOINT((-23.,0.,-40.));
#5273= IFCAXIS2PLACEMENT3D(#5271,#11,#21);
#5274= IFCEXTRUDEDAREASOLID(#5270,#5273,#19,5946.);
#5275= IFCSTYLEDITEM(#5274,(#155),$);
#5278= IFCSHAPEREPRESENTATION(#88,'Body','SweptSolid',(#5274));
#5280= IFCCARTESIANPOINT((5900.,0.));
#5282= IFCPOLYLINE((#9,#5280));
#5284= IFCSHAPEREPRESENTATION(#86,'Axis','Curve2D',(#5282));
#5286= IFCPRODUCTDEFINITIONSHAPE($,$,(#5284,#5278));
#5288= IFCBEAM('3SWCa1Nkb6shp6EZ_X2tsg',#41,'IPE-Poutrelles:IPE80:2445',$,'IPE-Poutrelles:IPE80:2674',#5266,#5286,'2445');
#5291= IFCPROPERTYSINGLEVALUE('Span',$,IFCPOSITIVELENGTHMEASURE(5900.),$);
#5292= IFCPROPERTYSET('3SWCa1Nkb6shp6CTQX2tsg',#41,'Pset_BeamCommon',$,(#207,#208,#210,#5097,#5291));
#5294= IFCRELDEFINESBYPROPERTIES('1GIcgDQsH3Eu0Qy9MqE2Gl',#41,$,$,(#5288),#5292);
#5298= IFCPROPERTYSINGLEVALUE('D\X2\00E9\X0\calage du niveau d''arriv\X2\00E9\X0\e',$,IFCLENGTHMEASURE(1999.77642848457),$);
#5299= IFCPROPERTYSINGLEVALUE('D\X2\00E9\X0\calage du niveau de d\X2\00E9\X0\part',$,IFCLENGTHMEASURE(1999.77642848457),$);
#5300= IFCPROPERTYSINGLEVALUE('El\X2\00E9\X0\vation du niveau de r\X2\00E9\X0\f\X2\00E9\X0\rence',$,IFCLENGTHMEASURE(8850.),$);
#5301= IFCPROPERTYSINGLEVALUE('Longueur de coupe',$,IFCLENGTHMEASURE(5946.),$);
#5302= IFCPROPERTYSINGLEVALUE('El\X2\00E9\X0\vation \X2\00E0\X0\ la base',$,IFCLENGTHMEASURE(10769.7764284846),$);
#5303= IFCPROPERTYSINGLEVALUE('El\X2\00E9\X0\vation en haut',$,IFCLENGTHMEASURE(10849.7764284846),$);
#5304= IFCPROPERTYSINGLEVALUE('Longueur',$,IFCLENGTHMEASURE(5900.),$);
#5305= IFCPROPERTYSINGLEVALUE('Volume',$,IFCVOLUMEMEASURE(0.00441716448000004),$);
#5306= IFCPROPERTYSET('1CMG$v8N598w6CBCLeuQNU',#41,'Autre',$,(#245,#5117,#5118,#5119,#5120));
#5308= IFCRELDEFINESBYPROPERTIES('069N12UMv0iPwwbvjNMxOR',#41,$,$,(#5288),#5306);
#5311= IFCPROPERTYSET('3SWCa1Nkb6shp6F2kX2tsg',#41,'Contraintes',$,(#233,#234,#5298,#5299,#5300));
#5313= IFCRELDEFINESBYPROPERTIES('3SWCa1Nkb6shp6FIkX2tsg',#41,$,$,(#5288),#5311);
#5316= IFCPROPERTYSET('3SWCa1Nkb6shp6F3sX2tsg',#41,'Cotes',$,(#5302,#5303,#5304,#5305));
#5318= IFCRELDEFINESBYPROPERTIES('3SWCa1Nkb6shp6FJsX2tsg',#41,$,$,(#5288),#5316);
#5321= IFCPROPERTYSET('3SWCa1Nkb6shp6F3wX2tsg',#41,'Donn\X2\00E9\X0\es d''identification',$,(#5116));
#5323= IFCRELDEFINESBYPROPERTIES('3SWCa1Nkb6shp6FJwX2tsg',#41,$,$,(#5288),#5321);
#5326= IFCPROPERTYSET('3SWCa1Nkb6shp6F3cX2tsg',#41,'Mat\X2\00E9\X0\riaux et finitions',$,(#240));
#5328= IFCRELDEFINESBYPROPERTIES('3SWCa1Nkb6shp6FJcX2tsg',#41,$,$,(#5288),#5326);
#5331= IFCPROPERTYSET('3SWCa1Nkb6shp6F32X2tsg',#41,'Phase de construction',$,(#235));
#5333= IFCRELDEFINESBYPROPERTIES('3SWCa1Nkb6shp6FJ2X2tsg',#41,$,$,(#5288),#5331);
#5336= IFCPROPERTYSET('3SWCa1Nkb6shp6F5EX2tsg',#41,'Position g\X2\00E9\X0\om\X2\00E9\X0\trique',$,(#222,#223,#224,#225,#226,#228,#229,#5105));
#5338= IFCRELDEFINESBYPROPERTIES('3SWCa1Nkb6shp6FLEX2tsg',#41,$,$,(#5288),#5336);
#5341= IFCPROPERTYSET('3SWCa1Nkb6shp6F3AX2tsg',#41,'Structure',$,(#236,#237,#5111,#5301));
#5343= IFCRELDEFINESBYPROPERTIES('3SWCa1Nkb6shp6FJAX2tsg',#41,$,$,(#5288),#5341);
#5346= IFCCARTESIANPOINT((9852.60942977005,-1514.53414378635,1999.77642848457));
#5348= IFCAXIS2PLACEMENT3D(#5346,#19,#15);
#5349= IFCLOCALPLACEMENT(#124,#5348);
#5350= IFCCARTESIANPOINT((1.08357767203415E-12,1.08357767203415E-12));
#5352= IFCAXIS2PLACEMENT2D(#5350,#27);
#5353= IFCISHAPEPROFILEDEF(.AREA.,'IPE80',#5352,46.0000000000004,80.0000000000013,3.8000000000013,5.20000000000098,$);
#5354= IFCCARTESIANPOINT((36.,0.,-40.));
#5356= IFCAXIS2PLACEMENT3D(#5354,#11,#21);
#5357= IFCEXTRUDEDAREASOLID(#5353,#5356,#19,11464.);
#5358= IFCSTYLEDITEM(#5357,(#155),$);
#5361= IFCSHAPEREPRESENTATION(#88,'Body','SweptSolid',(#5357));
#5363= IFCCARTESIANPOINT((11500.,0.));
#5365= IFCPOLYLINE((#9,#5363));
#5367= IFCSHAPEREPRESENTATION(#86,'Axis','Curve2D',(#5365));
#5369= IFCPRODUCTDEFINITIONSHAPE($,$,(#5367,#5361));
#5371= IFCBEAM('3SWCa1Nkb6shp6EZ_X2tse',#41,'IPE-Poutrelles:IPE80:2447',$,'IPE-Poutrelles:IPE80:2674',#5349,#5369,'2447');
#5374= IFCPROPERTYSINGLEVALUE('Span',$,IFCPOSITIVELENGTHMEASURE(11500.),$);
#5375= IFCPROPERTYSET('3SWCa1Nkb6shp6CTQX2tse',#41,'Pset_BeamCommon',$,(#207,#208,#210,#5097,#5374));
#5377= IFCRELDEFINESBYPROPERTIES('1azptyPTL8NPU7b8EfzxN5',#41,$,$,(#5371),#5375);
#5381= IFCPROPERTYSINGLEVALUE('R\X2\00E9\X0\duction du joint de d\X2\00E9\X0\but',$,IFCLENGTHMEASURE(12.7),$);
#5382= IFCPROPERTYSINGLEVALUE('D\X2\00E9\X0\calage du niveau d''arriv\X2\00E9\X0\e',$,IFCLENGTHMEASURE(1999.77642848457),$);
#5383= IFCPROPERTYSINGLEVALUE('D\X2\00E9\X0\calage du niveau de d\X2\00E9\X0\part',$,IFCLENGTHMEASURE(1999.77642848457),$);
#5384= IFCPROPERTYSINGLEVALUE('El\X2\00E9\X0\vation du niveau de r\X2\00E9\X0\f\X2\00E9\X0\rence',$,IFCLENGTHMEASURE(8850.),$);
#5385= IFCPROPERTYSINGLEVALUE('Longueur de coupe',$,IFCLENGTHMEASURE(11464.),$);
#5386= IFCPROPERTYSINGLEVALUE('El\X2\00E9\X0\vation \X2\00E0\X0\ la base',$,IFCLENGTHMEASURE(10769.7764284846),$);
#5387= IFCPROPERTYSINGLEVALUE('El\X2\00E9\X0\vation en haut',$,IFCLENGTHMEASURE(10849.7764284846),$);
#5388= IFCPROPERTYSINGLEVALUE('Longueur',$,IFCLENGTHMEASURE(11500.),$);
#5389= IFCPROPERTYSINGLEVALUE('Volume',$,IFCVOLUMEMEASURE(0.00851637632000008),$);
#5390= IFCPROPERTYSET('0LbqMRi8D4pvOcl7A9Jd2Q',#41,'Autre',$,(#245,#5117,#5118,#5119,#5120));
#5392= IFCRELDEFINESBYPROPERTIES('0tOfHhpLn1NxClesj9w112',#41,$,$,(#5371),#5390);
#5395= IFCPROPERTYSET('3SWCa1Nkb6shp6F2kX2tse',#41,'Contraintes',$,(#233,#234,#5382,#5383,#5384));
#5397= IFCRELDEFINESBYPROPERTIES('3SWCa1Nkb6shp6FIkX2tse',#41,$,$,(#5371),#5395);
#5400= IFCPROPERTYSET('3SWCa1Nkb6shp6F3sX2tse',#41,'Cotes',$,(#5386,#5387,#5388,#5389));
#5402= IFCRELDEFINESBYPROPERTIES('3SWCa1Nkb6shp6FJsX2tse',#41,$,$,(#5371),#5400);
#5405= IFCPROPERTYSET('3SWCa1Nkb6shp6F3wX2tse',#41,'Donn\X2\00E9\X0\es d''identification',$,(#5116));
#5407= IFCRELDEFINESBYPROPERTIES('3SWCa1Nkb6shp6FJwX2tse',#41,$,$,(#5371),#5405);
#5410= IFCPROPERTYSET('3SWCa1Nkb6shp6F3cX2tse',#41,'Mat\X2\00E9\X0\riaux et finitions',$,(#240));
#5412= IFCRELDEFINESBYPROPERTIES('3SWCa1Nkb6shp6FJcX2tse',#41,$,$,(#5371),#5410);
#5415= IFCPROPERTYSET('3SWCa1Nkb6shp6F32X2tse',#41,'Phase de construction',$,(#235));
#5417= IFCRELDEFINESBYPROPERTIES('3SWCa1Nkb6shp6FJ2X2tse',#41,$,$,(#5371),#5415);
#5420= IFCPROPERTYSET('3SWCa1Nkb6shp6F5EX2tse',#41,'Position g\X2\00E9\X0\om\X2\00E9\X0\trique',$,(#222,#223,#224,#225,#226,#228,#229,#5105,#5381));
#5422= IFCRELDEFINESBYPROPERTIES('3SWCa1Nkb6shp6FLEX2tse',#41,$,$,(#5371),#5420);
#5425= IFCPROPERTYSET('3SWCa1Nkb6shp6F3AX2tse',#41,'Structure',$,(#236,#237,#5111,#5385));
#5427= IFCRELDEFINESBYPROPERTIES('3SWCa1Nkb6shp6FJAX2tse',#41,$,$,(#5371),#5425);
#5430= IFCCARTESIANPOINT((6689.50298206335,9985.46585621366,1319.09322876175));
#5432= IFCAXIS2PLACEMENT3D(#5430,#19,#17);
#5433= IFCLOCALPLACEMENT(#124,#5432);
#5434= IFCCARTESIANPOINT((-3.24718030242366E-12,1.08357767203415E-12));
#5436= IFCAXIS2PLACEMENT2D(#5434,#27);
#5437= IFCISHAPEPROFILEDEF(.AREA.,'IPE80',#5436,46.0000000000004,80.0000000000013,3.80000000000022,5.20000000000098,$);
#5438= IFCCARTESIANPOINT((0.,0.,-40.));
#5440= IFCAXIS2PLACEMENT3D(#5438,#11,#21);
#5441= IFCEXTRUDEDAREASOLID(#5437,#5440,#19,14564.);
#5442= IFCSTYLEDITEM(#5441,(#155),$);
#5445= IFCSHAPEREPRESENTATION(#88,'Body','SweptSolid',(#5441));
#5447= IFCCARTESIANPOINT((14600.,0.));
#5449= IFCPOLYLINE((#9,#5447));
#5451= IFCSHAPEREPRESENTATION(#86,'Axis','Curve2D',(#5449));
#5453= IFCPRODUCTDEFINITIONSHAPE($,$,(#5451,#5445));
#5455= IFCBEAM('3SWCa1Nkb6shp6EZ_X2tss',#41,'IPE-Poutrelles:IPE80:2449',$,'IPE-Poutrelles:IPE80:2674',#5433,#5453,'2449');
#5458= IFCPROPERTYSINGLEVALUE('Span',$,IFCPOSITIVELENGTHMEASURE(14600.),$);
#5459= IFCPROPERTYSET('3SWCa1Nkb6shp6CTQX2tss',#41,'Pset_BeamCommon',$,(#207,#208,#210,#5097,#5458));
#5461= IFCRELDEFINESBYPROPERTIES('0cJ8DBnGz29eTSeZW9WPy6',#41,$,$,(#5455),#5459);
#5465= IFCPROPERTYSINGLEVALUE('R\X2\00E9\X0\duction du joint d''extr\X2\00E9\X0\mit\X2\00E9\X0\',$,IFCLENGTHMEASURE(12.7),$);
#5466= IFCPROPERTYSINGLEVALUE('D\X2\00E9\X0\calage du niveau d''arriv\X2\00E9\X0\e',$,IFCLENGTHMEASURE(1319.09322876175),$);
#5467= IFCPROPERTYSINGLEVALUE('D\X2\00E9\X0\calage du niveau de d\X2\00E9\X0\part',$,IFCLENGTHMEASURE(1319.09322876175),$);
#5468= IFCPROPERTYSINGLEVALUE('El\X2\00E9\X0\vation du niveau de r\X2\00E9\X0\f\X2\00E9\X0\rence',$,IFCLENGTHMEASURE(8850.),$);
#5469= IFCPROPERTYSINGLEVALUE('Longueur de coupe',$,IFCLENGTHMEASURE(14564.),$);
#5470= IFCPROPERTYSINGLEVALUE('El\X2\00E9\X0\vation \X2\00E0\X0\ la base',$,IFCLENGTHMEASURE(10089.0932287617),$);
#5471= IFCPROPERTYSINGLEVALUE('El\X2\00E9\X0\vation en haut',$,IFCLENGTHMEASURE(10169.0932287618),$);
#5472= IFCPROPERTYSINGLEVALUE('Longueur',$,IFCLENGTHMEASURE(14600.),$);
#5473= IFCPROPERTYSINGLEVALUE('Volume',$,IFCVOLUMEMEASURE(0.0108193043200001),$);
#5474= IFCPROPERTYSET('2OOa7YFKLABxw28WZZTsWY',#41,'Autre',$,(#245,#5117,#5118,#5119,#5120));
#5476= IFCRELDEFINESBYPROPERTIES('0flzmlDSH9ahldRpgsnn5v',#41,$,$,(#5455),#5474);
#5479= IFCPROPERTYSET('3SWCa1Nkb6shp6F2kX2tss',#41,'Contraintes',$,(#233,#234,#5466,#5467,#5468));
#5481= IFCRELDEFINESBYPROPERTIES('3SWCa1Nkb6shp6FIkX2tss',#41,$,$,(#5455),#5479);
#5484= IFCPROPERTYSET('3SWCa1Nkb6shp6F3sX2tss',#41,'Cotes',$,(#5470,#5471,#5472,#5473));
#5486= IFCRELDEFINESBYPROPERTIES('3SWCa1Nkb6shp6FJsX2tss',#41,$,$,(#5455),#5484);
#5489= IFCPROPERTYSET('3SWCa1Nkb6shp6F3wX2tss',#41,'Donn\X2\00E9\X0\es d''identification',$,(#5116));
#5491= IFCRELDEFINESBYPROPERTIES('3SWCa1Nkb6shp6FJwX2tss',#41,$,$,(#5455),#5489);
#5494= IFCPROPERTYSET('3SWCa1Nkb6shp6F3cX2tss',#41,'Mat\X2\00E9\X0\riaux et finitions',$,(#240));
#5496= IFCRELDEFINESBYPROPERTIES('3SWCa1Nkb6shp6FJcX2tss',#41,$,$,(#5455),#5494);
#5499= IFCPROPERTYSET('3SWCa1Nkb6shp6F32X2tss',#41,'Phase de construction',$,(#235));
#5501= IFCRELDEFINESBYPROPERTIES('3SWCa1Nkb6shp6FJ2X2tss',#41,$,$,(#5455),#5499);
#5504= IFCPROPERTYSET('3SWCa1Nkb6shp6F5EX2tss',#41,'Position g\X2\00E9\X0\om\X2\00E9\X0\trique',$,(#222,#223,#224,#225,#226,#228,#229,#5105,#5465));
#5506= IFCRELDEFINESBYPROPERTIES('3SWCa1Nkb6shp6FLEX2tss',#41,$,$,(#5455),#5504);
#5509= IFCPROPERTYSET('3SWCa1Nkb6shp6F3AX2tss',#41,'Structure',$,(#236,#237,#5111,#5469));
#5511= IFCRELDEFINESBYPROPERTIES('3SWCa1Nkb6shp6FJAX2tss',#41,$,$,(#5455),#5509);
#5514= IFCCARTESIANPOINT((6689.50298206332,-4614.53414378634,1319.09322876175));
#5516= IFCAXIS2PLACEMENT3D(#5514,$,$);
#5517= IFCLOCALPLACEMENT(#124,#5516);
#5518= IFCCARTESIANPOINT((-4.33075797445781E-12,-2.70006239588838E-13));
#5520= IFCAXIS2PLACEMENT2D(#5518,#27);
#5521= IFCISHAPEPROFILEDEF(.AREA.,'IPE80',#5520,46.0000000000394,79.9999999999991,3.7999999994779,5.19999999999882,$);
#5522= IFCCARTESIANPOINT((-23.,0.,-40.));
#5524= IFCAXIS2PLACEMENT3D(#5522,#11,#21);
#5525= IFCEXTRUDEDAREASOLID(#5521,#5524,#19,12146.);
#5526= IFCSTYLEDITEM(#5525,(#155),$);
#5529= IFCSHAPEREPRESENTATION(#88,'Body','SweptSolid',(#5525));
#5531= IFCCARTESIANPOINT((12100.,0.));
#5533= IFCPOLYLINE((#9,#5531));
#5535= IFCSHAPEREPRESENTATION(#86,'Axis','Curve2D',(#5533));
#5537= IFCPRODUCTDEFINITIONSHAPE($,$,(#5535,#5529));
#5539= IFCBEAM('3SWCa1Nkb6shp6EZ_X2tsq',#41,'IPE-Poutrelles:IPE80:2451',$,'IPE-Poutrelles:IPE80:2674',#5517,#5537,'2451');
#5542= IFCPROPERTYSINGLEVALUE('Span',$,IFCPOSITIVELENGTHMEASURE(12100.),$);
#5543= IFCPROPERTYSET('3SWCa1Nkb6shp6CTQX2tsq',#41,'Pset_BeamCommon',$,(#207,#208,#210,#5097,#5542));
#5545= IFCRELDEFINESBYPROPERTIES('0$t_hn6JP0rwIiOPH8cZJP',#41,$,$,(#5539),#5543);
#5549= IFCPROPERTYSINGLEVALUE('D\X2\00E9\X0\calage du niveau d''arriv\X2\00E9\X0\e',$,IFCLENGTHMEASURE(1319.09322876175),$);
#5550= IFCPROPERTYSINGLEVALUE('D\X2\00E9\X0\calage du niveau de d\X2\00E9\X0\part',$,IFCLENGTHMEASURE(1319.09322876175),$);
#5551= IFCPROPERTYSINGLEVALUE('El\X2\00E9\X0\vation du niveau de r\X2\00E9\X0\f\X2\00E9\X0\rence',$,IFCLENGTHMEASURE(8850.),$);
#5552= IFCPROPERTYSINGLEVALUE('Longueur de coupe',$,IFCLENGTHMEASURE(12146.),$);
#5553= IFCPROPERTYSINGLEVALUE('El\X2\00E9\X0\vation \X2\00E0\X0\ la base',$,IFCLENGTHMEASURE(10089.0932287617),$);
#5554= IFCPROPERTYSINGLEVALUE('El\X2\00E9\X0\vation en haut',$,IFCLENGTHMEASURE(10169.0932287618),$);
#5555= IFCPROPERTYSINGLEVALUE('Longueur',$,IFCLENGTHMEASURE(12100.),$);
#5556= IFCPROPERTYSINGLEVALUE('Volume',$,IFCVOLUMEMEASURE(0.00902302048000009),$);
#5557= IFCPROPERTYSET('0nBYHAE7n6b8n6gLieeMZ$',#41,'Autre',$,(#245,#5117,#5118,#5119,#5120));
#5559= IFCRELDEFINESBYPROPERTIES('0bzJfYCQj3rRccFTzP1qYQ',#41,$,$,(#5539),#5557);
#5562= IFCPROPERTYSET('3SWCa1Nkb6shp6F2kX2tsq',#41,'Contraintes',$,(#233,#234,#5549,#5550,#5551));
#5564= IFCRELDEFINESBYPROPERTIES('3SWCa1Nkb6shp6FIkX2tsq',#41,$,$,(#5539),#5562);
#5567= IFCPROPERTYSET('3SWCa1Nkb6shp6F3sX2tsq',#41,'Cotes',$,(#5553,#5554,#5555,#5556));
#5569= IFCRELDEFINESBYPROPERTIES('3SWCa1Nkb6shp6FJsX2tsq',#41,$,$,(#5539),#5567);
#5572= IFCPROPERTYSET('3SWCa1Nkb6shp6F3wX2tsq',#41,'Donn\X2\00E9\X0\es d''identification',$,(#5116));
#5574= IFCRELDEFINESBYPROPERTIES('3SWCa1Nkb6shp6FJwX2tsq',#41,$,$,(#5539),#5572);
#5577= IFCPROPERTYSET('3SWCa1Nkb6shp6F3cX2tsq',#41,'Mat\X2\00E9\X0\riaux et finitions',$,(#240));
#5579= IFCRELDEFINESBYPROPERTIES('3SWCa1Nkb6shp6FJcX2tsq',#41,$,$,(#5539),#5577);
#5582= IFCPROPERTYSET('3SWCa1Nkb6shp6F32X2tsq',#41,'Phase de construction',$,(#235));
#5584= IFCRELDEFINESBYPROPERTIES('3SWCa1Nkb6shp6FJ2X2tsq',#41,$,$,(#5539),#5582);
#5587= IFCPROPERTYSET('3SWCa1Nkb6shp6F5EX2tsq',#41,'Position g\X2\00E9\X0\om\X2\00E9\X0\trique',$,(#222,#223,#224,#225,#226,#228,#229,#5105));
#5589= IFCRELDEFINESBYPROPERTIES('3SWCa1Nkb6shp6FLEX2tsq',#41,$,$,(#5539),#5587);
#5592= IFCPROPERTYSET('3SWCa1Nkb6shp6F3AX2tsq',#41,'Structure',$,(#236,#237,#5111,#5552));
#5594= IFCRELDEFINESBYPROPERTIES('3SWCa1Nkb6shp6FJAX2tsq',#41,$,$,(#5539),#5592);
#5597= IFCCARTESIANPOINT((18789.5029820633,-4614.53414378638,1319.09322876175));
#5599= IFCAXIS2PLACEMENT3D(#5597,#19,#15);
#5600= IFCLOCALPLACEMENT(#124,#5599);
#5601= IFCCARTESIANPOINT((-4.33075797445781E-12,-1.08357767203415E-12));
#5603= IFCAXIS2PLACEMENT2D(#5601,#27);
#5604= IFCISHAPEPROFILEDEF(.AREA.,'IPE80',#5603,45.9999999999982,79.9999999999991,3.8000000000013,5.19999999999882,$);
#5605= IFCCARTESIANPOINT((36.,0.,-40.));
#5607= IFCAXIS2PLACEMENT3D(#5605,#11,#21);
#5608= IFCEXTRUDEDAREASOLID(#5604,#5607,#19,14564.);
#5609= IFCSTYLEDITEM(#5608,(#155),$);
#5612= IFCSHAPEREPRESENTATION(#88,'Body','SweptSolid',(#5608));
#5614= IFCCARTESIANPOINT((14600.,0.));
#5616= IFCPOLYLINE((#9,#5614));
#5618= IFCSHAPEREPRESENTATION(#86,'Axis','Curve2D',(#5616));
#5620= IFCPRODUCTDEFINITIONSHAPE($,$,(#5618,#5612));
#5622= IFCBEAM('3SWCa1Nkb6shp6EZ_X2tso',#41,'IPE-Poutrelles:IPE80:2453',$,'IPE-Poutrelles:IPE80:2674',#5600,#5620,'2453');
#5625= IFCPROPERTYSINGLEVALUE('Span',$,IFCPOSITIVELENGTHMEASURE(14600.),$);
#5626= IFCPROPERTYSET('3SWCa1Nkb6shp6CTQX2tso',#41,'Pset_BeamCommon',$,(#207,#208,#210,#5097,#5625));
#5628= IFCRELDEFINESBYPROPERTIES('2gpBJOo5v06OBeOEggGfHc',#41,$,$,(#5622),#5626);
#5632= IFCPROPERTYSINGLEVALUE('R\X2\00E9\X0\duction du joint de d\X2\00E9\X0\but',$,IFCLENGTHMEASURE(12.7),$);
#5633= IFCPROPERTYSINGLEVALUE('D\X2\00E9\X0\calage du niveau d''arriv\X2\00E9\X0\e',$,IFCLENGTHMEASURE(1319.09322876175),$);
#5634= IFCPROPERTYSINGLEVALUE('D\X2\00E9\X0\calage du niveau de d\X2\00E9\X0\part',$,IFCLENGTHMEASURE(1319.09322876175),$);
#5635= IFCPROPERTYSINGLEVALUE('El\X2\00E9\X0\vation du niveau de r\X2\00E9\X0\f\X2\00E9\X0\rence',$,IFCLENGTHMEASURE(8850.),$);
#5636= IFCPROPERTYSINGLEVALUE('Longueur de coupe',$,IFCLENGTHMEASURE(14564.),$);
#5637= IFCPROPERTYSINGLEVALUE('El\X2\00E9\X0\vation \X2\00E0\X0\ la base',$,IFCLENGTHMEASURE(10089.0932287617),$);
#5638= IFCPROPERTYSINGLEVALUE('El\X2\00E9\X0\vation en haut',$,IFCLENGTHMEASURE(10169.0932287618),$);
#5639= IFCPROPERTYSINGLEVALUE('Longueur',$,IFCLENGTHMEASURE(14600.),$);
#5640= IFCPROPERTYSINGLEVALUE('Volume',$,IFCVOLUMEMEASURE(0.0108193043200001),$);
#5641= IFCPROPERTYSET('1qBscq9VT3QwhRKgQQlP3C',#41,'Autre',$,(#245,#5117,#5118,#5119,#5120));
#5643= IFCRELDEFINESBYPROPERTIES('2r9qhBEar35wSLv_j3grPk',#41,$,$,(#5622),#5641);
#5646= IFCPROPERTYSET('3SWCa1Nkb6shp6F2kX2tso',#41,'Contraintes',$,(#233,#234,#5633,#5634,#5635));
#5648= IFCRELDEFINESBYPROPERTIES('3SWCa1Nkb6shp6FIkX2tso',#41,$,$,(#5622),#5646);
#5651= IFCPROPERTYSET('3SWCa1Nkb6shp6F3sX2tso',#41,'Cotes',$,(#5637,#5638,#5639,#5640));
#5653= IFCRELDEFINESBYPROPERTIES('3SWCa1Nkb6shp6FJsX2tso',#41,$,$,(#5622),#5651);
#5656= IFCPROPERTYSET('3SWCa1Nkb6shp6F3wX2tso',#41,'Donn\X2\00E9\X0\es d''identification',$,(#5116));
#5658= IFCRELDEFINESBYPROPERTIES('3SWCa1Nkb6shp6FJwX2tso',#41,$,$,(#5622),#5656);
#5661= IFCPROPERTYSET('3SWCa1Nkb6shp6F3cX2tso',#41,'Mat\X2\00E9\X0\riaux et finitions',$,(#240));
#5663= IFCRELDEFINESBYPROPERTIES('3SWCa1Nkb6shp6FJcX2tso',#41,$,$,(#5622),#5661);
#5666= IFCPROPERTYSET('3SWCa1Nkb6shp6F32X2tso',#41,'Phase de construction',$,(#235));
#5668= IFCRELDEFINESBYPROPERTIES('3SWCa1Nkb6shp6FJ2X2tso',#41,$,$,(#5622),#5666);
#5671= IFCPROPERTYSET('3SWCa1Nkb6shp6F5EX2tso',#41,'Position g\X2\00E9\X0\om\X2\00E9\X0\trique',$,(#222,#223,#224,#225,#226,#228,#229,#5105,#5632));
#5673= IFCRELDEFINESBYPROPERTIES('3SWCa1Nkb6shp6FLEX2tso',#41,$,$,(#5622),#5671);
#5676= IFCPROPERTYSET('3SWCa1Nkb6shp6F3AX2tso',#41,'Structure',$,(#236,#237,#5111,#5636));
#5678= IFCRELDEFINESBYPROPERTIES('3SWCa1Nkb6shp6FJAX2tso',#41,$,$,(#5622),#5676);
#5681= IFCAXIS2PLACEMENT3D(#6,$,$);
#5682= IFCLOCALPLACEMENT(#124,#5681);
#5683= IFCELEMENTASSEMBLY('3SWCa1Nkb6shp6EZ_X2tqn',#41,'Ferme treillis Pratt 8 panneaux:5500mm x 1800mm:2326',$,'Ferme treillis Pratt 8 panneaux:5500mm x 1800mm',#5682,$,'2326',.NOTDEFINED.,.TRUSS.);
#5685= IFCRELAGGREGATES('3SWCa1Nkb6shp6EZsX2tqn',#41,$,$,#5683,(#174,#358,#459,#571,#684,#791,#898,#1005,#1112,#1219,#1330,#1441,#1552,#1663,#1774,#1885));
#5704= IFCCARTESIANPOINT((4884.25121835185,1455.39685252912,800.));
#5706= IFCAXIS2PLACEMENT3D(#5704,$,$);
#5708= IFCCARTESIANPOINT((4884.25121835185,1455.39685252912,800.));
#5710= IFCDIRECTION((-0.223232506197046,0.,0.974765227209601));
#5712= IFCDIRECTION((0.974765227209601,-0.,0.223232506197046));
#5714= IFCAXIS2PLACEMENT3D(#5708,#5710,#5712);
#5715= IFCCARTESIANPOINT((12744.1164273574,1455.39685252909,2600.));
#5717= IFCDIRECTION((0.223232506197046,-0.,0.974765227209601));
#5719= IFCDIRECTION((0.974765227209601,0.,-0.223232506197046));
#5721= IFCAXIS2PLACEMENT3D(#5715,#5717,#5719);
#5722= IFCCARTESIANPOINT((12744.1164273574,1455.39685252909,1700.));
#5724= IFCAXIS2PLACEMENT3D(#5722,#11,#19);
#5725= IFCCARTESIANPOINT((10779.150125106,1455.3968525291,1475.));
#5727= IFCAXIS2PLACEMENT3D(#5725,#11,#19);
#5728= IFCCARTESIANPOINT((8814.18382285463,1455.39685252911,1250.));
#5730= IFCAXIS2PLACEMENT3D(#5728,#11,#19);
#5731= IFCCARTESIANPOINT((14709.0827296088,1455.39685252909,1475.));
#5733= IFCAXIS2PLACEMENT3D(#5731,#11,#19);
#5734= IFCCARTESIANPOINT((16674.0490318602,1455.39685252908,1250.));
#5736= IFCAXIS2PLACEMENT3D(#5734,#11,#19);
#5737= IFCCARTESIANPOINT((6849.21752060324,1455.39685252911,1025.));
#5739= IFCAXIS2PLACEMENT3D(#5737,#11,#19);
#5740= IFCCARTESIANPOINT((18639.0153341116,1455.39685252907,1025.));
#5742= IFCAXIS2PLACEMENT3D(#5740,#11,#19);
#5743= IFCCARTESIANPOINT((11761.6332762317,1455.3968525291,1700.));
#5745= IFCDIRECTION((0.675475992414959,0.,-0.737381979486227));
#5747= IFCDIRECTION((0.737381979486227,0.,0.675475992414959));
#5749= IFCAXIS2PLACEMENT3D(#5743,#5745,#5747);
#5750= IFCCARTESIANPOINT((9796.66697398033,1455.3968525291,1475.));
#5752= IFCDIRECTION((0.5662683643341,0.,-0.824220928850016));
#5754= IFCDIRECTION((0.824220928850016,0.,0.5662683643341));
#5756= IFCAXIS2PLACEMENT3D(#5750,#5752,#5754);
#5757= IFCCARTESIANPOINT((7831.70067172894,1455.39685252911,1250.));
#5759= IFCDIRECTION((0.416421622971469,0.,-0.909171618519742));
#5761= IFCDIRECTION((0.909171618519742,0.,0.416421622971469));
#5763= IFCAXIS2PLACEMENT3D(#5757,#5759,#5761);
#5764= IFCCARTESIANPOINT((13726.5995784831,1455.39685252909,1700.));
#5766= IFCDIRECTION((-0.67547599241496,-0.,-0.737381979486226));
#5768= IFCDIRECTION((0.737381979486226,0.,-0.67547599241496));
#5770= IFCAXIS2PLACEMENT3D(#5764,#5766,#5768);
#5771= IFCCARTESIANPOINT((15691.5658807345,1455.39685252908,1475.));
#5773= IFCDIRECTION((-0.566268364334101,-0.,-0.824220928850015));
#5775= IFCDIRECTION((0.824220928850015,0.,-0.566268364334101));
#5777= IFCAXIS2PLACEMENT3D(#5771,#5773,#5775);
#5778= IFCCARTESIANPOINT((17656.5321829859,1455.39685252908,1250.));
#5780= IFCDIRECTION((-0.416421622971467,-0.,-0.909171618519743));
#5782= IFCDIRECTION((0.909171618519743,0.,-0.416421622971467));
#5784= IFCAXIS2PLACEMENT3D(#5778,#5780,#5782);
#5785= IFCPROPERTYSINGLEVALUE('D\X2\00E9\X0\calage du niveau d''arriv\X2\00E9\X0\e',$,IFCLENGTHMEASURE(800.),$);
#5786= IFCPROPERTYSINGLEVALUE('D\X2\00E9\X0\calage du niveau de d\X2\00E9\X0\part',$,IFCLENGTHMEASURE(800.),$);
#5787= IFCPROPERTYSINGLEVALUE('Niveau de r\X2\00E9\X0\f\X2\00E9\X0\rence',$,IFCLABEL('Niveau: Niveau R+3'),$);
#5788= IFCPROPERTYSINGLEVALUE('Angle de rotation',$,IFCPLANEANGLEMEASURE(0.),$);
#5789= IFCPROPERTYSINGLEVALUE('Cr\X2\00E9\X0\er une membrure inf\X2\00E9\X0\rieure',$,IFCBOOLEAN(.T.),$);
#5790= IFCPROPERTYSINGLEVALUE('Cr\X2\00E9\X0\er une membrure sup\X2\00E9\X0\rieure',$,IFCBOOLEAN(.T.),$);
#5791= IFCPROPERTYSINGLEVALUE('Emplacement du symbole filaire',$,IFCIDENTIFIER('Membrure porteuse'),$);
#5792= IFCPROPERTYSINGLEVALUE('Faire pivoter les membrures avec ferme',$,IFCBOOLEAN(.T.),$);
#5793= IFCPROPERTYSINGLEVALUE('Justification verticale porteuse',$,IFCIDENTIFIER('Centre'),$);
#5794= IFCPROPERTYSINGLEVALUE('Membrure porteuse',$,IFCIDENTIFIER('Bas'),$);
#5795= IFCPROPERTYSINGLEVALUE('D\X2\00E9\X0\calage non porteur',$,IFCLENGTHMEASURE(0.),$);
#5796= IFCPROPERTYSINGLEVALUE('Hauteur de la ferme',$,IFCLENGTHMEASURE(1800.),$);
#5797= IFCPROPERTYSINGLEVALUE('Trav\X2\00E9\X0\e',$,IFCLENGTHMEASURE(15719.7304180111),$);
#5798= IFCPROPERTYSINGLEVALUE('Type d''ing\X2\00E9\X0\nierie',$,IFCTEXT(''),$);
#5799= IFCPROPERTYSINGLEVALUE('Cat\X2\00E9\X0\gorie',$,IFCLABEL('Poutres \X2\00E0\X0\ treillis'),$);
#5800= IFCPROPERTYSINGLEVALUE('Famille',$,IFCLABEL('Ferme treillis Pratt 8 panneaux: 5500mm x 1800mm'),$);
#5801= IFCPROPERTYSINGLEVALUE('Famille et type',$,IFCLABEL('Ferme treillis Pratt 8 panneaux: 5500mm x 1800mm'),$);
#5802= IFCPROPERTYSINGLEVALUE('ID du type',$,IFCLABEL('Ferme treillis Pratt 8 panneaux: 5500mm x 1800mm'),$);
#5803= IFCPROPERTYSINGLEVALUE('Type',$,IFCLABEL('Ferme treillis Pratt 8 panneaux: 5500mm x 1800mm'),$);
#5804= IFCPROPERTYSINGLEVALUE('Angle',$,IFCPLANEANGLEMEASURE(0.),$);
#5805= IFCPROPERTYSINGLEVALUE('Projection verticale analytique',$,IFCLABEL('Centre de la poutre'),$);
#5806= IFCPROPERTYSINGLEVALUE('Rel\X2\00E2\X0\chement \X2\00E0\X0\ l''extr\X2\00E9\X0\mit\X2\00E9\X0\',$,IFCIDENTIFIER('Verrouill\X2\00E9\X0\'),$);
#5807= IFCPROPERTYSINGLEVALUE('Rel\X2\00E2\X0\chement \X2\00E0\X0\ l''origine',$,IFCIDENTIFIER('Verrouill\X2\00E9\X0\'),$);
#5808= IFCPROPERTYSINGLEVALUE('Type d''ossature',$,IFCLABEL('L-Corni\X2\00E8\X0\res: CAE50x8'),$);
#5809= IFCPROPERTYSINGLEVALUE('Projection verticale analytique',$,IFCLABEL('Centre de la poutre'),$);
#5810= IFCPROPERTYSINGLEVALUE('Type d''ossature',$,IFCLABEL('L-Corni\X2\00E8\X0\res: CAE50x8'),$);
#5811= IFCPROPERTYSINGLEVALUE('Type d''ossature',$,IFCLABEL('L-Corni\X2\00E8\X0\res: CAE50x8'),$);
#5812= IFCPROPERTYSINGLEVALUE('Type d''ossature',$,IFCLABEL('L-Corni\X2\00E8\X0\res: CAE50x8'),$);
#5813= IFCPROPERTYSINGLEVALUE('Les \X2\00E2\X0\mes pr\X2\00E9\X0\sentent une r\X2\00E9\X0\duction symbolique',$,IFCBOOLEAN(.T.),$);
#5814= IFCPROPERTYSINGLEVALUE('Orientation de l''\X2\00E2\X0\me',$,IFCIDENTIFIER('Verticalement'),$);
#5815= IFCPROPERTYSINGLEVALUE('Nom du type',$,IFCTEXT('5500mm x 1800mm'),$);
#5816= IFCPROPERTYSINGLEVALUE('Nom de la famille',$,IFCTEXT('Ferme treillis Pratt 8 panneaux'),$);
#5817= IFCPROPERTYSET('1PXEiTR$vA8eolEL7m70xn',#41,'Autre',$,(#5799,#5800,#5801,#5802,#5803));
#5819= IFCRELDEFINESBYPROPERTIES('32u5hzswfD7uyHbn6w9O7g',#41,$,$,(#5683),#5817);
#5823= IFCPROPERTYSET('3SWCa1Nkb6shp6F2kX2tqn',#41,'Contraintes',$,(#5785,#5786,#5787));
#5825= IFCRELDEFINESBYPROPERTIES('3SWCa1Nkb6shp6FIkX2tqn',#41,$,$,(#5683),#5823);
#5828= IFCPROPERTYSET('3SWCa1Nkb6shp6F3sX2tqn',#41,'Cotes',$,(#5795,#5796,#5797));
#5830= IFCRELDEFINESBYPROPERTIES('3SWCa1Nkb6shp6FJsX2tqn',#41,$,$,(#5683),#5828);
#5833= IFCPROPERTYSET('3SWCa1Nkb6shp6F3wX2tqn',#41,'Donn\X2\00E9\X0\es d''identification',$,(#5798));
#5835= IFCRELDEFINESBYPROPERTIES('3SWCa1Nkb6shp6FJwX2tqn',#41,$,$,(#5683),#5833);
#5838= IFCPROPERTYSET('3SWCa1Nkb6shp6F32X2tqn',#41,'Phase de construction',$,(#235));
#5840= IFCRELDEFINESBYPROPERTIES('3SWCa1Nkb6shp6FJ2X2tqn',#41,$,$,(#5683),#5838);
#5843= IFCPROPERTYSET('3SWCa1Nkb6shp6F3AX2tqn',#41,'Structure',$,(#5788,#5789,#5790,#5791,#5792,#5793,#5794));
#5845= IFCRELDEFINESBYPROPERTIES('3SWCa1Nkb6shp6FJAX2tqn',#41,$,$,(#5683),#5843);
#5848= IFCPROPERTYSET('17MPH$TAvCIeSW28dN7uEs',#41,'Autre',$,(#5799,#5816));
#5850= IFCPROPERTYSET('3SWCa1Nkb6shp6F3kX2tv9',#41,'Construction',$,(#5813,#5814));
#5852= IFCPROPERTYSET('3SWCa1Nkb6shp6F0kX2tv9',#41,'Diagonales',$,(#5804,#5806,#5807,#5811));
#5854= IFCPROPERTYSET('3SWCa1Nkb6shp6F3wX2tv9',#41,'Donn\X2\00E9\X0\es d''identification',$,(#260,#261,#262,#264,#265,#5815));
#5856= IFCPROPERTYSET('3SWCa1Nkb6shp6F0cX2tv9',#41,'Membrures inf\X2\00E9\X0\rieures',$,(#5804,#5805,#5806,#5807,#5808));
#5858= IFCPROPERTYSET('3SWCa1Nkb6shp6F0gX2tv9',#41,'Membrures sup\X2\00E9\X0\rieures',$,(#5804,#5806,#5807,#5809,#5810));
#5860= IFCPROPERTYSET('3SWCa1Nkb6shp6F0oX2tv9',#41,'Montants',$,(#5804,#5806,#5807,#5812));
#5862= IFCAXIS2PLACEMENT3D(#6,$,$);
#5863= IFCLOCALPLACEMENT(#124,#5862);
#5864= IFCELEMENTASSEMBLY('3SWCa1Nkb6shp6EZ_X2tqV',#41,'Ferme treillis Pratt 10 panneaux:5500mm x 1800mm:2360',$,'Ferme treillis Pratt 10 panneaux:5500mm x 1800mm',#5863,$,'2360',.NOTDEFINED.,.TRUSS.);
#5866= IFCRELAGGREGATES('3SWCa1Nkb6shp6EZsX2tqV',#41,$,$,#5864,(#1975,#2070,#2181,#2290,#2399,#2508,#2617,#2728,#2839,#2950,#3061));
#5880= IFCCARTESIANPOINT((12772.1985820048,1463.10574944956,800.));
#5882= IFCDIRECTION((0.707106781186548,-0.707106781186548,0.));
#5884= IFCAXIS2PLACEMENT3D(#5880,#19,#5882);
#5886= IFCCARTESIANPOINT((12772.1985820048,1463.10574944956,2600.));
#5888= IFCDIRECTION((0.114160364898382,-0.114160364898381,0.986881361751521));
#5890= IFCDIRECTION((0.697830503121115,-0.697830503121115,-0.161447136324753));
#5892= IFCAXIS2PLACEMENT3D(#5886,#5888,#5890);
#5893= IFCCARTESIANPOINT((12772.1985820048,1463.10574944956,1700.));
#5895= IFCDIRECTION((0.707106781186548,-0.707106781186548,0.));
#5897= IFCAXIS2PLACEMENT3D(#5893,#5895,#19);
#5898= IFCCARTESIANPOINT((14328.2434078373,-92.9390763829006,1520.));
#5900= IFCDIRECTION((0.707106781186548,-0.707106781186548,0.));
#5902= IFCAXIS2PLACEMENT3D(#5898,#5900,#19);
#5903= IFCCARTESIANPOINT((15884.2882336697,-1648.98390221536,1340.));
#5905= IFCDIRECTION((0.707106781186548,-0.707106781186548,0.));
#5907= IFCAXIS2PLACEMENT3D(#5903,#5905,#19);
#5908= IFCCARTESIANPOINT((17440.3330595022,-3205.02872804783,1160.));
#5910= IFCDIRECTION((0.707106781186548,-0.707106781186548,0.));
#5912= IFCAXIS2PLACEMENT3D(#5908,#5910,#19);
#5913= IFCCARTESIANPOINT((18996.3778853347,-4761.07355388029,980.));
#5915= IFCDIRECTION((0.707106781186548,-0.707106781186548,0.));
#5917= IFCAXIS2PLACEMENT3D(#5913,#5915,#19);
#5918= IFCCARTESIANPOINT((13550.2209949211,685.083336533327,1700.));
#5920= IFCDIRECTION((-0.447696068358023,0.447696068358021,-0.774039056348926));
#5922= IFCDIRECTION((0.547328265647564,-0.547328265647562,-0.633137851693025));
#5924= IFCAXIS2PLACEMENT3D(#5918,#5920,#5922);
#5925= IFCCARTESIANPOINT((15106.2658207535,-870.961489299131,1520.));
#5927= IFCDIRECTION((-0.387182091013076,0.387182091013073,-0.836767624133179));
#5929= IFCDIRECTION((0.591684061301929,-0.591684061301927,-0.547558164218662));
#5931= IFCAXIS2PLACEMENT3D(#5925,#5927,#5929);
#5932= IFCCARTESIANPOINT((16662.310646586,-2427.0063151316,1340.));
#5934= IFCDIRECTION((-0.311536851436301,0.311536851436298,-0.897713529136279));
#5936= IFCDIRECTION((0.634779324015172,-0.63477932401517,-0.440579640480224));
#5938= IFCAXIS2PLACEMENT3D(#5932,#5934,#5936);
#5939= IFCCARTESIANPOINT((18218.3554724185,-3983.05114096406,1160.));
#5941= IFCDIRECTION((-0.219885494073601,0.219885494073599,-0.950421348135666));
#5943= IFCDIRECTION((0.672049380251191,-0.67204938025119,-0.310965047887992));
#5945= IFCAXIS2PLACEMENT3D(#5939,#5941,#5943);
#5946= IFCPROPERTYSINGLEVALUE('D\X2\00E9\X0\calage du niveau d''arriv\X2\00E9\X0\e',$,IFCLENGTHMEASURE(800.),$);
#5947= IFCPROPERTYSINGLEVALUE('D\X2\00E9\X0\calage du niveau de d\X2\00E9\X0\part',$,IFCLENGTHMEASURE(800.),$);
#5948= IFCPROPERTYSINGLEVALUE('Hauteur de la ferme',$,IFCLENGTHMEASURE(1800.),$);
#5949= IFCPROPERTYSINGLEVALUE('Trav\X2\00E9\X0\e',$,IFCLENGTHMEASURE(22005.7969635276),$);
#5950= IFCPROPERTYSINGLEVALUE('Famille',$,IFCLABEL('Ferme treillis Pratt 10 panneaux: 5500mm x 1800mm'),$);
#5951= IFCPROPERTYSINGLEVALUE('Famille et type',$,IFCLABEL('Ferme treillis Pratt 10 panneaux: 5500mm x 1800mm'),$);
#5952= IFCPROPERTYSINGLEVALUE('ID du type',$,IFCLABEL('Ferme treillis Pratt 10 panneaux: 5500mm x 1800mm'),$);
#5953= IFCPROPERTYSINGLEVALUE('Type',$,IFCLABEL('Ferme treillis Pratt 10 panneaux: 5500mm x 1800mm'),$);
#5954= IFCPROPERTYSINGLEVALUE('Nom du type',$,IFCTEXT('5500mm x 1800mm'),$);
#5955= IFCPROPERTYSINGLEVALUE('Nom de la famille',$,IFCTEXT('Ferme treillis Pratt 10 panneaux'),$);
#5956= IFCPROPERTYSET('0SIVIWnWnEnxJF9GPtg0aF',#41,'Autre',$,(#5799,#5950,#5951,#5952,#5953));
#5958= IFCRELDEFINESBYPROPERTIES('0YzY71v6P0dOqxMyTxvNne',#41,$,$,(#5864),#5956);
#5962= IFCPROPERTYSET('3SWCa1Nkb6shp6F2kX2tqV',#41,'Contraintes',$,(#5787,#5946,#5947));
#5964= IFCRELDEFINESBYPROPERTIES('3SWCa1Nkb6shp6FIkX2tqV',#41,$,$,(#5864),#5962);
#5967= IFCPROPERTYSET('3SWCa1Nkb6shp6F3sX2tqV',#41,'Cotes',$,(#5795,#5948,#5949));
#5969= IFCRELDEFINESBYPROPERTIES('3SWCa1Nkb6shp6FJsX2tqV',#41,$,$,(#5864),#5967);
#5972= IFCPROPERTYSET('3SWCa1Nkb6shp6F3wX2tqV',#41,'Donn\X2\00E9\X0\es d''identification',$,(#5798));
#5974= IFCRELDEFINESBYPROPERTIES('3SWCa1Nkb6shp6FJwX2tqV',#41,$,$,(#5864),#5972);
#5977= IFCPROPERTYSET('3SWCa1Nkb6shp6F32X2tqV',#41,'Phase de construction',$,(#235));
#5979= IFCRELDEFINESBYPROPERTIES('3SWCa1Nkb6shp6FJ2X2tqV',#41,$,$,(#5864),#5977);
#5982= IFCPROPERTYSET('3SWCa1Nkb6shp6F3AX2tqV',#41,'Structure',$,(#5788,#5789,#5790,#5791,#5792,#5793,#5794));
#5984= IFCRELDEFINESBYPROPERTIES('3SWCa1Nkb6shp6FJAX2tqV',#41,$,$,(#5864),#5982);
#5987= IFCPROPERTYSET('1UVXjMsK977PAk0LjYZ1Qz',#41,'Autre',$,(#5799,#5955));
#5989= IFCPROPERTYSET('3SWCa1Nkb6shp6F3kX2tvN',#41,'Construction',$,(#5813,#5814));
#5991= IFCPROPERTYSET('3SWCa1Nkb6shp6F0kX2tvN',#41,'Diagonales',$,(#5804,#5806,#5807,#5811));
#5993= IFCPROPERTYSET('3SWCa1Nkb6shp6F3wX2tvN',#41,'Donn\X2\00E9\X0\es d''identification',$,(#260,#261,#262,#264,#265,#5954));
#5995= IFCPROPERTYSET('3SWCa1Nkb6shp6F0cX2tvN',#41,'Membrures inf\X2\00E9\X0\rieures',$,(#5804,#5805,#5806,#5807,#5808));
#5997= IFCPROPERTYSET('3SWCa1Nkb6shp6F0gX2tvN',#41,'Membrures sup\X2\00E9\X0\rieures',$,(#5804,#5806,#5807,#5809,#5810));
#5999= IFCPROPERTYSET('3SWCa1Nkb6shp6F0oX2tvN',#41,'Montants',$,(#5804,#5806,#5807,#5812));
#6001= IFCAXIS2PLACEMENT3D(#6,$,$);
#6002= IFCLOCALPLACEMENT(#124,#6001);
#6003= IFCELEMENTASSEMBLY('3SWCa1Nkb6shp6EZ_X2trt',#41,'Ferme treillis Pratt 10 panneaux:5500mm x 1800mm:2384',$,'Ferme treillis Pratt 10 panneaux:5500mm x 1800mm',#6002,$,'2384',.NOTDEFINED.,.TRUSS.);
#6005= IFCRELAGGREGATES('3SWCa1Nkb6shp6EZsX2trt',#41,$,$,#6003,(#3151,#3245,#3355,#3421,#3486,#3551,#3616,#3683,#3750,#3817,#3884));
#6019= IFCCARTESIANPOINT((12842.8260247601,1463.10574944956,800.));
#6021= IFCDIRECTION((-0.707106781186548,-0.707106781186548,0.));
#6023= IFCAXIS2PLACEMENT3D(#6019,#19,#6021);
#6025= IFCCARTESIANPOINT((12842.8260247601,1463.10574944956,2600.));
#6027= IFCDIRECTION((-0.114160364898381,-0.114160364898383,0.986881361751521));
#6029= IFCDIRECTION((-0.697830503121115,-0.697830503121115,-0.161447136324754));
#6031= IFCAXIS2PLACEMENT3D(#6025,#6027,#6029);
#6032= IFCCARTESIANPOINT((12842.8260247601,1463.10574944956,1700.));
#6034= IFCDIRECTION((-0.707106781186548,-0.707106781186548,0.));
#6036= IFCAXIS2PLACEMENT3D(#6032,#6034,#19);
#6037= IFCCARTESIANPOINT((11286.7811989276,-92.9390763829106,1520.));
#6039= IFCDIRECTION((-0.707106781186548,-0.707106781186548,0.));
#6041= IFCAXIS2PLACEMENT3D(#6037,#6039,#19);
#6042= IFCCARTESIANPOINT((9730.73637309514,-1648.98390221539,1340.));
#6044= IFCDIRECTION((-0.707106781186548,-0.707106781186548,0.));
#6046= IFCAXIS2PLACEMENT3D(#6042,#6044,#19);
#6047= IFCCARTESIANPOINT((8174.69154726268,-3205.02872804787,1160.));
#6049= IFCDIRECTION((-0.707106781186548,-0.707106781186548,0.));
#6051= IFCAXIS2PLACEMENT3D(#6047,#6049,#19);
#6052= IFCCARTESIANPOINT((6618.64672143022,-4761.07355388035,980.));
#6054= IFCDIRECTION((-0.707106781186548,-0.707106781186548,0.));
#6056= IFCAXIS2PLACEMENT3D(#6052,#6054,#19);
#6057= IFCCARTESIANPOINT((12064.8036118438,685.083336533324,1700.));
#6059= IFCDIRECTION((0.447696068358019,0.447696068358023,-0.774039056348931));
#6061= IFCDIRECTION((-0.547328265647562,-0.547328265647565,-0.633137851693029));
#6063= IFCAXIS2PLACEMENT3D(#6057,#6059,#6061);
#6064= IFCCARTESIANPOINT((10508.7587860113,-870.96148929915,1520.));
#6066= IFCDIRECTION((0.387182091013072,0.387182091013076,-0.836767624133182));
#6068= IFCDIRECTION((-0.591684061301927,-0.59168406130193,-0.547558164218666));
#6070= IFCAXIS2PLACEMENT3D(#6064,#6066,#6068);
#6071= IFCCARTESIANPOINT((8952.7139601789,-2427.00631513163,1340.));
#6073= IFCDIRECTION((0.311536851436297,0.3115368514363,-0.897713529136282));
#6075= IFCDIRECTION((-0.63477932401517,-0.634779324015172,-0.440579640480228));
#6077= IFCAXIS2PLACEMENT3D(#6071,#6073,#6075);
#6078= IFCCARTESIANPOINT((7396.66913434645,-3983.05114096411,1160.));
#6080= IFCDIRECTION((0.219885494073597,0.2198854940736,-0.950421348135668));
#6082= IFCDIRECTION((-0.67204938025119,-0.672049380251191,-0.310965047887995));
#6084= IFCAXIS2PLACEMENT3D(#6078,#6080,#6082);
#6085= IFCPROPERTYSINGLEVALUE('D\X2\00E9\X0\calage du niveau d''arriv\X2\00E9\X0\e',$,IFCLENGTHMEASURE(800.),$);
#6086= IFCPROPERTYSINGLEVALUE('D\X2\00E9\X0\calage du niveau de d\X2\00E9\X0\part',$,IFCLENGTHMEASURE(800.),$);
#6087= IFCPROPERTYSINGLEVALUE('Hauteur de la ferme',$,IFCLENGTHMEASURE(1800.),$);
#6088= IFCPROPERTYSINGLEVALUE('Trav\X2\00E9\X0\e',$,IFCLENGTHMEASURE(22005.7969635276),$);
#6089= IFCPROPERTYSET('36gT7Y1VH0Y8zlkM0$DsKJ',#41,'Autre',$,(#5799,#5950,#5951,#5952,#5953));
#6091= IFCRELDEFINESBYPROPERTIES('1Ob$Z$BcP6Evo6Y09laJ7U',#41,$,$,(#6003),#6089);
#6095= IFCPROPERTYSET('3SWCa1Nkb6shp6F2kX2trt',#41,'Contraintes',$,(#5787,#6085,#6086));
#6097= IFCRELDEFINESBYPROPERTIES('3SWCa1Nkb6shp6FIkX2trt',#41,$,$,(#6003),#6095);
#6100= IFCPROPERTYSET('3SWCa1Nkb6shp6F3sX2trt',#41,'Cotes',$,(#5795,#6087,#6088));
#6102= IFCRELDEFINESBYPROPERTIES('3SWCa1Nkb6shp6FJsX2trt',#41,$,$,(#6003),#6100);
#6105= IFCPROPERTYSET('3SWCa1Nkb6shp6F3wX2trt',#41,'Donn\X2\00E9\X0\es d''identification',$,(#5798));
#6107= IFCRELDEFINESBYPROPERTIES('3SWCa1Nkb6shp6FJwX2trt',#41,$,$,(#6003),#6105);
#6110= IFCPROPERTYSET('3SWCa1Nkb6shp6F32X2trt',#41,'Phase de construction',$,(#235));
#6112= IFCRELDEFINESBYPROPERTIES('3SWCa1Nkb6shp6FJ2X2trt',#41,$,$,(#6003),#6110);
#6115= IFCPROPERTYSET('3SWCa1Nkb6shp6F3AX2trt',#41,'Structure',$,(#5788,#5789,#5790,#5791,#5792,#5793,#5794));
#6117= IFCRELDEFINESBYPROPERTIES('3SWCa1Nkb6shp6FJAX2trt',#41,$,$,(#6003),#6115);
#6120= IFCAXIS2PLACEMENT3D(#6,$,$);
#6121= IFCLOCALPLACEMENT(#124,#6120);
#6122= IFCELEMENTASSEMBLY('3SWCa1Nkb6shp6EZ_X2trF',#41,'Ferme treillis Pratt 8 panneaux:5500mm x 1800mm:2408',$,'Ferme treillis Pratt 8 panneaux:5500mm x 1800mm',#6121,$,'2408',.NOTDEFINED.,.TRUSS.);
#6124= IFCRELAGGREGATES('3SWCa1Nkb6shp6EZsX2trF',#41,$,$,#6122,(#3971,#4072,#4173,#4238,#4301,#4364,#4427,#4490,#4553,#4616,#4683,#4750,#4817,#4884,#4951,#5018));
#6143= IFCCARTESIANPOINT((4884.25121835185,6455.39685252912,800.));
#6145= IFCAXIS2PLACEMENT3D(#6143,$,$);
#6147= IFCCARTESIANPOINT((4884.25121835185,6455.39685252912,800.));
#6149= IFCDIRECTION((-0.223232506197046,0.,0.974765227209601));
#6151= IFCDIRECTION((0.974765227209601,-0.,0.223232506197046));
#6153= IFCAXIS2PLACEMENT3D(#6147,#6149,#6151);
#6154= IFCCARTESIANPOINT((12744.1164273574,6455.39685252909,2600.));
#6156= IFCDIRECTION((0.223232506197046,-0.,0.974765227209601));
#6158= IFCDIRECTION((0.974765227209601,0.,-0.223232506197046));
#6160= IFCAXIS2PLACEMENT3D(#6154,#6156,#6158);
#6161= IFCCARTESIANPOINT((12744.1164273574,6455.39685252909,1700.));
#6163= IFCAXIS2PLACEMENT3D(#6161,#11,#19);
#6164= IFCCARTESIANPOINT((10779.150125106,6455.3968525291,1475.));
#6166= IFCAXIS2PLACEMENT3D(#6164,#11,#19);
#6167= IFCCARTESIANPOINT((8814.18382285464,6455.39685252911,1250.));
#6169= IFCAXIS2PLACEMENT3D(#6167,#11,#19);
#6170= IFCCARTESIANPOINT((14709.0827296088,6455.39685252909,1475.));
#6172= IFCAXIS2PLACEMENT3D(#6170,#11,#19);
#6173= IFCCARTESIANPOINT((16674.0490318602,6455.39685252908,1250.));
#6175= IFCAXIS2PLACEMENT3D(#6173,#11,#19);
#6176= IFCCARTESIANPOINT((6849.21752060325,6455.39685252911,1025.));
#6178= IFCAXIS2PLACEMENT3D(#6176,#11,#19);
#6179= IFCCARTESIANPOINT((18639.0153341116,6455.39685252907,1025.));
#6181= IFCAXIS2PLACEMENT3D(#6179,#11,#19);
#6182= IFCCARTESIANPOINT((11761.6332762317,6455.3968525291,1700.));
#6184= IFCDIRECTION((0.675475992414959,0.,-0.737381979486227));
#6186= IFCDIRECTION((0.737381979486227,0.,0.675475992414959));
#6188= IFCAXIS2PLACEMENT3D(#6182,#6184,#6186);
#6189= IFCCARTESIANPOINT((9796.66697398033,6455.3968525291,1475.));
#6191= IFCDIRECTION((0.5662683643341,0.,-0.824220928850016));
#6193= IFCDIRECTION((0.824220928850016,0.,0.5662683643341));
#6195= IFCAXIS2PLACEMENT3D(#6189,#6191,#6193);
#6196= IFCCARTESIANPOINT((7831.70067172894,6455.39685252911,1250.));
#6198= IFCDIRECTION((0.416421622971469,0.,-0.909171618519742));
#6200= IFCDIRECTION((0.909171618519742,0.,0.416421622971469));
#6202= IFCAXIS2PLACEMENT3D(#6196,#6198,#6200);
#6203= IFCCARTESIANPOINT((13726.5995784831,6455.39685252909,1700.));
#6205= IFCDIRECTION((-0.67547599241496,-0.,-0.737381979486226));
#6207= IFCDIRECTION((0.737381979486226,0.,-0.67547599241496));
#6209= IFCAXIS2PLACEMENT3D(#6203,#6205,#6207);
#6210= IFCCARTESIANPOINT((15691.5658807345,6455.39685252908,1475.));
#6212= IFCDIRECTION((-0.566268364334101,-0.,-0.824220928850015));
#6214= IFCDIRECTION((0.824220928850015,0.,-0.566268364334101));
#6216= IFCAXIS2PLACEMENT3D(#6210,#6212,#6214);
#6217= IFCCARTESIANPOINT((17656.5321829859,6455.39685252908,1250.));
#6219= IFCDIRECTION((-0.416421622971467,-0.,-0.909171618519743));
#6221= IFCDIRECTION((0.909171618519743,0.,-0.416421622971467));
#6223= IFCAXIS2PLACEMENT3D(#6217,#6219,#6221);
#6224= IFCPROPERTYSINGLEVALUE('D\X2\00E9\X0\calage du niveau d''arriv\X2\00E9\X0\e',$,IFCLENGTHMEASURE(800.),$);
#6225= IFCPROPERTYSINGLEVALUE('D\X2\00E9\X0\calage du niveau de d\X2\00E9\X0\part',$,IFCLENGTHMEASURE(800.),$);
#6226= IFCPROPERTYSINGLEVALUE('Hauteur de la ferme',$,IFCLENGTHMEASURE(1800.),$);
#6227= IFCPROPERTYSINGLEVALUE('Trav\X2\00E9\X0\e',$,IFCLENGTHMEASURE(15719.7304180111),$);
#6228= IFCPROPERTYSET('11TKxRkXrDD8JjeqnRntWm',#41,'Autre',$,(#5799,#5800,#5801,#5802,#5803));
#6230= IFCRELDEFINESBYPROPERTIES('1VgrXzYLTBvO7CQIp8L$7a',#41,$,$,(#6122),#6228);
#6234= IFCPROPERTYSET('3SWCa1Nkb6shp6F2kX2trF',#41,'Contraintes',$,(#5787,#6224,#6225));
#6236= IFCRELDEFINESBYPROPERTIES('3SWCa1Nkb6shp6FIkX2trF',#41,$,$,(#6122),#6234);
#6239= IFCPROPERTYSET('3SWCa1Nkb6shp6F3sX2trF',#41,'Cotes',$,(#5795,#6226,#6227));
#6241= IFCRELDEFINESBYPROPERTIES('3SWCa1Nkb6shp6FJsX2trF',#41,$,$,(#6122),#6239);
#6244= IFCPROPERTYSET('3SWCa1Nkb6shp6F3wX2trF',#41,'Donn\X2\00E9\X0\es d''identification',$,(#5798));
#6246= IFCRELDEFINESBYPROPERTIES('3SWCa1Nkb6shp6FJwX2trF',#41,$,$,(#6122),#6244);
#6249= IFCPROPERTYSET('3SWCa1Nkb6shp6F32X2trF',#41,'Phase de construction',$,(#235));
#6251= IFCRELDEFINESBYPROPERTIES('3SWCa1Nkb6shp6FJ2X2trF',#41,$,$,(#6122),#6249);
#6254= IFCPROPERTYSET('3SWCa1Nkb6shp6F3AX2trF',#41,'Structure',$,(#5788,#5789,#5790,#5791,#5792,#5793,#5794));
#6256= IFCRELDEFINESBYPROPERTIES('3SWCa1Nkb6shp6FJAX2trF',#41,$,$,(#6122),#6254);
#6259= IFCAXIS2PLACEMENT3D(#6,$,$);
#6260= IFCLOCALPLACEMENT($,#6259);
#6261= IFCSITE('39xtUeFrXF28Xc6CHR4sj$',#41,'Default',$,'',#6260,$,$,.ELEMENT.,(42,24,53,508911),(-71,-15,-29,-58837),0.,$,$);
#6265= IFCPROPERTYSINGLEVALUE('Description de l''organisation',$,IFCTEXT(''),$);
#6266= IFCPROPERTYSINGLEVALUE('Nom de l''organisation',$,IFCTEXT(''),$);
#6267= IFCPROPERTYSINGLEVALUE('Nom du b\X2\00E2\X0\timent',$,IFCTEXT(''),$);
#6268= IFCPROPERTYSINGLEVALUE('Cat\X2\00E9\X0\gorie',$,IFCLABEL('Informations sur le projet'),$);
#6269= IFCPROPERTYSET('2aKpP0jtXCOBYtZvGuJgUJ',#41,'Autre',$,(#6268));
#6271= IFCRELDEFINESBYPROPERTIES('3KNBnYrXPBNO7SITnewLOu',#41,$,$,(#6261),#6269);
#6281= IFCPROPERTYSINGLEVALUE('AboveGround',$,IFCLOGICAL(.U.),$);
#6282= IFCPROPERTYSET('3SWCa1Nkb6shp6CTEX2tqr',#41,'Pset_BuildingStoreyCommon',$,(#6281));
#6284= IFCRELDEFINESBYPROPERTIES('1DMQNN6dn7ZxUl0Uh9nrA2',#41,$,$,(#125),#6282);
#6288= IFCPROPERTYSINGLEVALUE('El\X2\00E9\X0\vation',$,IFCLENGTHMEASURE(8850.),$);
#6289= IFCPROPERTYSINGLEVALUE('Hauteur de calcul',$,IFCLENGTHMEASURE(0.),$);
#6290= IFCPROPERTYSINGLEVALUE('Etage de b\X2\00E2\X0\timent',$,IFCBOOLEAN(.T.),$);
#6291= IFCPROPERTYSINGLEVALUE('Nom',$,IFCTEXT('Niveau R+3'),$);
#6292= IFCPROPERTYSINGLEVALUE('Structure',$,IFCBOOLEAN(.F.),$);
#6293= IFCPROPERTYSINGLEVALUE('Cat\X2\00E9\X0\gorie',$,IFCLABEL('Niveaux'),$);
#6294= IFCPROPERTYSINGLEVALUE('Famille',$,IFCLABEL('Niveau: Ligne du Niveau'),$);
#6295= IFCPROPERTYSINGLEVALUE('Famille et type',$,IFCLABEL('Niveau: Ligne du Niveau'),$);
#6296= IFCPROPERTYSINGLEVALUE('ID du type',$,IFCLABEL('Niveau: Ligne du Niveau'),$);
#6297= IFCPROPERTYSINGLEVALUE('Type',$,IFCLABEL('Niveau: Ligne du Niveau'),$);
#6298= IFCPROPERTYSINGLEVALUE('Base de l''\X2\00E9\X0\l\X2\00E9\X0\vation',$,IFCIDENTIFIER('Point de base du projet'),$);
#6299= IFCPROPERTYSINGLEVALUE('Couleur',$,IFCINTEGER(12632256),$);
#6300= IFCPROPERTYSINGLEVALUE('Epaisseur des lignes',$,IFCIDENTIFIER('1'),$);
#6301= IFCPROPERTYSINGLEVALUE('Motif des lignes',$,IFCLABEL('Tiret point'),$);
#6302= IFCPROPERTYSINGLEVALUE('Symbole',$,IFCLABEL('Marqueur de niveau - Point triangulaire: Marqueur de niveau - Point triangulaire'),$);
#6303= IFCPROPERTYSINGLEVALUE('Valeur par d\X2\00E9\X0\faut du symbole \X2\00E0\X0\ l''extr\X2\00E9\X0\mit\X2\00E9\X0\ 1',$,IFCBOOLEAN(.F.),$);
#6304= IFCPROPERTYSINGLEVALUE('Valeur par d\X2\00E9\X0\faut du symbole \X2\00E0\X0\ l''extr\X2\00E9\X0\mit\X2\00E9\X0\ 2',$,IFCBOOLEAN(.T.),$);
#6305= IFCPROPERTYSINGLEVALUE('Nom du type',$,IFCTEXT('Ligne du Niveau'),$);
#6306= IFCPROPERTYSINGLEVALUE('Nom de la famille',$,IFCTEXT('Niveau'),$);
#6307= IFCPROPERTYSET('1WUZdUTZL3IP0jTxNtcguA',#41,'Autre',$,(#6293,#6294,#6295,#6296,#6297));
#6309= IFCRELDEFINESBYPROPERTIES('2C0XbuR6nF$RlgT_b64SrX',#41,$,$,(#125),#6307);
#6312= IFCPROPERTYSET('3SWCa1Nkb6shp6F2kX2tqr',#41,'Contraintes',$,(#6288));
#6314= IFCRELDEFINESBYPROPERTIES('3SWCa1Nkb6shp6FIkX2tqr',#41,$,$,(#125),#6312);
#6317= IFCPROPERTYSET('3SWCa1Nkb6shp6F3sX2tqr',#41,'Cotes',$,(#6289));
#6319= IFCRELDEFINESBYPROPERTIES('3SWCa1Nkb6shp6FJsX2tqr',#41,$,$,(#125),#6317);
#6322= IFCPROPERTYSET('3SWCa1Nkb6shp6F3wX2tqr',#41,'Donn\X2\00E9\X0\es d''identification',$,(#6290,#6291,#6292));
#6324= IFCRELDEFINESBYPROPERTIES('3SWCa1Nkb6shp6FJwX2tqr',#41,$,$,(#125),#6322);
#6327= IFCPROPERTYSET('1LlqMZ20H0$PoUbBsoguiD',#41,'Autre',$,(#6293,#6306));
#6329= IFCPROPERTYSET('3SWCa1Nkb6shp6F2kX2twx',#41,'Contraintes',$,(#6298));
#6331= IFCPROPERTYSET('3SWCa1Nkb6shp6F3wX2twx',#41,'Donn\X2\00E9\X0\es d''identification',$,(#6305));
#6333= IFCPROPERTYSET('3SWCa1Nkb6shp6F3gX2twx',#41,'Graphismes',$,(#6299,#6300,#6301,#6302,#6303,#6304));
#6335= IFCRELCONTAINEDINSPATIALSTRUCTURE('3SWCa1Nkb6shp6EZwX2tqr',#41,$,$,(#5094,#5204,#5288,#5371,#5455,#5539,#5622,#5683,#5864,#6003,#6122),#125);
#6349= IFCRELAGGREGATES('11GsJkBt18geGyBhCe_s6o',#41,$,$,#94,(#6261));
#6353= IFCRELAGGREGATES('06eYee0v578edtAi35czvq',#41,$,$,#6261,(#104));
#6357= IFCRELAGGREGATES('3SWCa1Nkb6shp6EZoX2t3u',#41,$,$,#104,(#125));
#6361= IFCPROPERTYSINGLEVALUE('NumberOfStoreys',$,IFCINTEGER(1),$);
#6362= IFCPROPERTYSET('3SWCa1Nkb6shp6CTIX2t3u',#41,'Pset_BuildingCommon',$,(#6361));
#6364= IFCRELDEFINESBYPROPERTIES('3XitNg23r3vfc6DCMVkt5V',#41,$,$,(#104),#6362);
#6368= IFCPROPERTYSET('0fRxC7sHL2chQWMhvKJMg_',#41,'Autre',$,(#6268));
#6370= IFCRELDEFINESBYPROPERTIES('03HgABWdLB$vzLi_Dx9lWt',#41,$,$,(#104),#6368);
#6373= IFCPROPERTYSET('0$FbGA1Bb7U8tkuvABVKOF',#41,'Donn\X2\00E9\X0\es d''identification',$,(#6265,#6266,#6267));
#6375= IFCRELDEFINESBYPROPERTIES('15uyL2h2P7Uw4BNf4g1e2w',#41,$,$,(#104),#6373);
#6378= IFCRELASSOCIATESMATERIAL('1F6yVGyQn7FATgo3$fAUrW',#41,$,$,(#174,#358,#459,#553,#571,#668,#684,#775,#791,#882,#898,#989,#1005,#1096,#1112,#1203,#1219,#1310,#1330,#1421,#1441,#1532,#1552,#1643,#1663,#1754,#1774,#1865,#1885,#1975,#2070,#2163,#2181,#2272,#2290,#2381,#2399,#2490,#2508,#2599,#2617,#2708,#2728,#2819,#2839,#2930,#2950,#3041,#3061,#3151,#3245,#3337,#3355,#3421,#3486,#3551,#3616,#3683,#3750,#3817,#3884,#3971,#4072,#4173,#4238,#4301,#4364,#4427,#4490,#4553,#4616,#4683,#4750,#4817,#4884,#4951,#5018,#5094,#5204,#5288,#5371,#5455,#5539,#5622),#183);
#6464= IFCRELDEFINESBYTYPE('2ZfoEg6RvBNeZrY_Zw$Xtx',#41,$,$,(#571,#4238),#553);
#6467= IFCRELDEFINESBYTYPE('0Heh19wDnCWfbAZa$LZWjY',#41,$,$,(#684,#4301),#668);
#6470= IFCRELDEFINESBYTYPE('1Vxqn$M4n2BAyyX1gf2dwJ',#41,$,$,(#791,#4364),#775);
#6473= IFCRELDEFINESBYTYPE('2wDEm82Cj3ZfvEefDDvCxN',#41,$,$,(#898,#4427),#882);
#6476= IFCRELDEFINESBYTYPE('2g2m_l4Nb63Obmke41sP5Y',#41,$,$,(#1005,#4490),#989);
#6479= IFCRELDEFINESBYTYPE('3AEUgnCEjEKAc0j2qYzfzP',#41,$,$,(#1112,#4553),#1096);
#6482= IFCRELDEFINESBYTYPE('1_$wLtWjv2zBZ$YP$xqeBy',#41,$,$,(#1219,#4616),#1203);
#6485= IFCRELDEFINESBYTYPE('1jCRoAN1vFU8eKawxLGgya',#41,$,$,(#1330,#4683),#1310);
#6488= IFCRELDEFINESBYTYPE('2AofDWu0HEQx1yfgVS8eCw',#41,$,$,(#1441,#4750),#1421);
#6491= IFCRELDEFINESBYTYPE('1Qr6Qe6Yb29hUC4N3fibKU',#41,$,$,(#1552,#4817),#1532);
#6494= IFCRELDEFINESBYTYPE('1iFlYGsTTF4xiDSSWyNHZX',#41,$,$,(#1663,#4884),#1643);
#6497= IFCRELDEFINESBYTYPE('2AnZfmqEzEveo$KirCvrQK',#41,$,$,(#1774,#4951),#1754);
#6500= IFCRELDEFINESBYTYPE('2vvSYyozn0WQSWQAnJtt2W',#41,$,$,(#1885,#5018),#1865);
#6503= IFCRELDEFINESBYTYPE('181HYOb2TC$vhu7JnvMBRC',#41,$,$,(#2181),#2163);
#6506= IFCRELDEFINESBYTYPE('0wTtSNuXTD4vKrgOn$ohPS',#41,$,$,(#2290,#3421),#2272);
#6509= IFCRELDEFINESBYTYPE('0JJ1gt22H1w8A8IgjgOiFi',#41,$,$,(#2399,#3486),#2381);
#6512= IFCRELDEFINESBYTYPE('25v7eBZ6XAcghoQF$Xd9l9',#41,$,$,(#2508,#3551),#2490);
#6515= IFCRELDEFINESBYTYPE('1EuR9fCKb9XfsM9mQpj9mG',#41,$,$,(#2617,#3616),#2599);
#6518= IFCRELDEFINESBYTYPE('0rtfGIPuH7tBkOMIcUIxGs',#41,$,$,(#2728,#3683),#2708);
#6521= IFCRELDEFINESBYTYPE('2IpRruHfTBWhG0m7r3h9T3',#41,$,$,(#2839,#3750),#2819);
#6599= IFCPRESENTATIONLAYERASSIGNMENT('S-BEAM-____-OTLN',$,(#160,#167,#348,#354,#449,#455,#536,#546,#559,#563,#653,#663,#672,#676,#760,#770,#779,#783,#867,#877,#886,#890,#974,#984,#993,#997,#1081,#1091,#1100,#1104,#1188,#1198,#1207,#1211,#1295,#1305,#1314,#1318,#1406,#1416,#1425,#1429,#1517,#1527,#1536,#1540,#1628,#1638,#1647,#1651,#1739,#1749,#1758,#1762,#1850,#1860,#1869,#1873,#1965,#1971,#2060,#2066,#2148,#2158,#2167,#2171,#2257,#2267,#2276,#2280,#2366,#2376,#2385,#2389,#2475,#2485,#2494,#2498,#2584,#2594,#2603,#2607,#2693,#2703,#2712,#2716,#2804,#2814,#2823,#2827,#2915,#2925,#2934,#2938,#3026,#3036,#3045,#3049,#3141,#3147,#3235,#3241,#3322,#3332,#3341,#3345,#3408,#3411,#3473,#3476,#3538,#3541,#3603,#3606,#3668,#3671,#3735,#3738,#3802,#3805,#3869,#3872,#3961,#3967,#4062,#4068,#4163,#4169,#4227,#4230,#4290,#4293,#4353,#4356,#4416,#4419,#4479,#4482,#4542,#4545,#4605,#4608,#4668,#4671,#4735,#4738,#4802,#4805,#4869,#4872,#4936,#4939,#5003,#5006,#5084,#5090,#5194,#5200,#5278,#5284,#5361,#5367,#5445,#5451,#5529,#5535,#5612,#5618),$);
ENDSEC;

END-ISO-10303-21;
